failed to fetch metadata: fork/exec /usr/local/lib/docker/cli-plugins/docker-buildx: no such file or directory

DEPRECATED: The legacy builder is deprecated and will be removed in a future release.
            Install the buildx component to build images with BuildKit:
            https://docs.docker.com/go/buildx/

Sending build context to Docker daemon  127.7MB
Step 1/15 : FROM php:8.2-fpm-alpine
 ---> 9eb344faa450
Step 2/15 : RUN apk add --no-cache     mysql-client     redis     libzip-dev     freetype-dev     libjpeg-turbo-dev     libpng-dev     oniguruma-dev     supervisor     autoconf     g++     make     bash     && docker-php-ext-configure gd --with-freetype --with-jpeg     && docker-php-ext-install         pdo         pdo_mysql         mysqli         opcache         pcntl         bcmath         gd         zip         mbstring
 ---> Running in 233747d744e9
fetch https://dl-cdn.alpinelinux.org/alpine/v3.22/main/x86_64/APKINDEX.tar.gz
fetch https://dl-cdn.alpinelinux.org/alpine/v3.22/community/x86_64/APKINDEX.tar.gz
(1/60) Installing m4 (1.4.19-r4)
(2/60) Installing libbz2 (1.0.8-r6)
(3/60) Installing perl (5.40.3-r0)
(4/60) Installing autoconf (2.72-r1)
(5/60) Installing bash (5.2.37-r0)
Executing bash-5.2.37-r0.post-install
(6/60) Installing libpng (1.6.47-r0)
(7/60) Installing freetype (2.13.3-r0)
(8/60) Installing pkgconf (2.4.3-r0)
(9/60) Installing bzip2-dev (1.0.8-r6)
(10/60) Installing brotli (1.1.0-r2)
(11/60) Installing brotli-dev (1.1.0-r2)
(12/60) Installing zlib-dev (1.3.1-r2)
(13/60) Installing libpng-dev (1.6.47-r0)
(14/60) Installing freetype-dev (2.13.3-r0)
(15/60) Installing libstdc++ (14.2.0-r6)
(16/60) Installing libstdc++-dev (14.2.0-r6)
(17/60) Installing jansson (2.14.1-r0)
(18/60) Installing binutils (2.44-r3)
(19/60) Installing libgomp (14.2.0-r6)
(20/60) Installing libatomic (14.2.0-r6)
(21/60) Installing gmp (6.3.0-r3)
(22/60) Installing isl26 (0.26-r1)
(23/60) Installing mpfr4 (4.2.1_p1-r0)
(24/60) Installing mpc1 (1.3.1-r1)
(25/60) Installing gcc (14.2.0-r6)
(26/60) Installing musl-dev (1.2.5-r10)
(27/60) Installing g++ (14.2.0-r6)
(28/60) Installing libjpeg-turbo (3.1.0-r0)
(29/60) Installing libturbojpeg (3.1.0-r0)
(30/60) Installing libjpeg-turbo-dev (3.1.0-r0)
(31/60) Installing libzip (1.11.4-r0)
(32/60) Installing libzip-tools (1.11.4-r0)
(33/60) Installing xz-dev (5.8.1-r0)
(34/60) Installing zstd (1.5.7-r0)
(35/60) Installing zstd-dev (1.5.7-r0)
(36/60) Installing libzip-dev (1.11.4-r0)
(37/60) Installing make (4.4.1-r3)
(38/60) Installing mariadb-common (11.4.8-r0)
(39/60) Installing mariadb-client (11.4.8-r0)
(40/60) Installing mariadb-client-perl (11.4.8-r0)
(41/60) Installing mysql-client (11.4.8-r0)
(42/60) Installing oniguruma-dev (6.9.10-r0)
(43/60) Installing redis (8.0.3-r0)
Executing redis-8.0.3-r0.pre-install
Executing redis-8.0.3-r0.post-install
(44/60) Installing libexpat (2.7.1-r0)
(45/60) Installing libffi (3.4.8-r0)
(46/60) Installing gdbm (1.24-r0)
(47/60) Installing mpdecimal (4.0.1-r0)
(48/60) Installing libpanelw (6.5_p20250503-r0)
(49/60) Installing python3 (3.12.11-r0)
(50/60) Installing python3-pycache-pyc0 (3.12.11-r0)
(51/60) Installing pyc (3.12.11-r0)
(52/60) Installing py3-parsing (3.2.3-r0)
(53/60) Installing py3-parsing-pyc (3.2.3-r0)
(54/60) Installing py3-packaging (25.0-r0)
(55/60) Installing py3-packaging-pyc (25.0-r0)
(56/60) Installing py3-setuptools (80.9.0-r0)
(57/60) Installing py3-setuptools-pyc (80.9.0-r0)
(58/60) Installing supervisor-pyc (4.2.5-r5)
(59/60) Installing python3-pyc (3.12.11-r0)
(60/60) Installing supervisor (4.2.5-r5)
Executing busybox-1.37.0-r18.trigger
OK: 379 MiB in 101 packages
fetch https://dl-cdn.alpinelinux.org/alpine/v3.22/main/x86_64/APKINDEX.tar.gz
fetch https://dl-cdn.alpinelinux.org/alpine/v3.22/community/x86_64/APKINDEX.tar.gz
(1/7) Installing dpkg-dev (1.22.15-r0)
(2/7) Installing libmd (1.1.0-r0)
(3/7) Installing dpkg (1.22.15-r0)
(4/7) Installing libmagic (5.46-r2)
(5/7) Installing file (5.46-r2)
(6/7) Installing re2c (4.2-r0)
(7/7) Installing .phpize-deps-configure (20250905.084344)
Executing busybox-1.37.0-r18.trigger
OK: 400 MiB in 108 packages
Configuring for:
PHP Api Version:         20220829
Zend Module Api No:      20220829
Zend Extension Api No:   420220829
checking for grep that handles long lines and -e... /bin/grep
checking for egrep... /bin/grep -E
checking for a sed that does not truncate output... /bin/sed
checking for pkg-config... /usr/bin/pkg-config
checking pkg-config is at least version 0.9.0... yes
checking for cc... cc
checking whether the C compiler works... yes
checking for C compiler default output file name... a.out
checking for suffix of executables... 
checking whether we are cross compiling... no
checking for suffix of object files... o
checking whether the compiler supports GNU C... yes
checking whether cc accepts -g... yes
checking for cc option to enable C11 features... none needed
checking how to run the C preprocessor... cc -E
checking for egrep -e... (cached) /bin/grep -E
checking for icc... no
checking for suncc... no
checking for system library directory... lib
checking if compiler supports -Wl,-rpath,... yes
checking build system type... x86_64-pc-linux-musl
checking host system type... x86_64-pc-linux-musl
checking target system type... x86_64-pc-linux-musl
checking for PHP prefix... /usr/local
checking for PHP includes... -I/usr/local/include/php -I/usr/local/include/php/main -I/usr/local/include/php/TSRM -I/usr/local/include/php/Zend -I/usr/local/include/php/ext -I/usr/local/include/php/ext/date/lib
checking for PHP extension directory... /usr/local/lib/php/extensions/no-debug-non-zts-20220829
checking for PHP installed headers prefix... /usr/local/include/php
checking if debug is enabled... no
checking if zts is enabled... no
checking for gawk... no
checking for nawk... no
checking for awk... awk
checking if awk is broken... no
checking for GD support... yes, shared
checking for external libgd... no
checking for libavif... no
checking for libwebp... no
checking for libjpeg... yes
checking for libXpm... no
checking for FreeType 2... yes
checking whether to enable JIS-mapped Japanese font support in GD... no
checking for fabsf... yes
checking for floorf... yes
checking for zlib... yes
checking for libpng... yes
checking for libjpeg... yes
checking for freetype2... yes
checking for a sed that does not truncate output... /bin/sed
checking for ld used by cc... /usr/x86_64-alpine-linux-musl/bin/ld
checking if the linker (/usr/x86_64-alpine-linux-musl/bin/ld) is GNU ld... yes
checking for /usr/x86_64-alpine-linux-musl/bin/ld option to reload object files... -r
checking for BSD-compatible nm... /usr/bin/nm -B
checking whether ln -s works... yes
checking how to recognize dependent libraries... pass_all
checking for stdio.h... yes
checking for stdlib.h... yes
checking for string.h... yes
checking for inttypes.h... yes
checking for stdint.h... yes
checking for strings.h... yes
checking for sys/stat.h... yes
checking for sys/types.h... yes
checking for unistd.h... yes
checking for dlfcn.h... yes
checking the maximum length of command line arguments... 98304
checking command to parse /usr/bin/nm -B output from cc object... ok
checking for objdir... .libs
checking for ar... ar
checking for ranlib... ranlib
checking for strip... strip
checking if cc supports -fno-rtti -fno-exceptions... no
checking for cc option to produce PIC... -fPIC
checking if cc PIC flag -fPIC works... yes
checking if cc static flag -static works... yes
checking if cc supports -c -o file.o... yes
checking whether the cc linker (/usr/x86_64-alpine-linux-musl/bin/ld -m elf_x86_64) supports shared libraries... yes
checking whether -lc should be explicitly linked in... no
checking dynamic linker characteristics... GNU/Linux ld.so
checking how to hardcode library paths into programs... immediate
checking whether stripping libraries is possible... yes
checking if libtool supports shared libraries... yes
checking whether to build shared libraries... yes
checking whether to build static libraries... no

creating libtool
appending configuration tag "CXX" to libtool
configure: patching config.h.in
configure: creating ./config.status
config.status: creating config.h
Configuring for:
PHP Api Version:         20220829
Zend Module Api No:      20220829
Zend Extension Api No:   420220829
checking for grep that handles long lines and -e... /bin/grep
checking for egrep... /bin/grep -E
checking for a sed that does not truncate output... /bin/sed
checking for pkg-config... /usr/bin/pkg-config
checking pkg-config is at least version 0.9.0... yes
checking for cc... cc
checking whether the C compiler works... yes
checking for C compiler default output file name... a.out
checking for suffix of executables... 
checking whether we are cross compiling... no
checking for suffix of object files... o
checking whether the compiler supports GNU C... yes
checking whether cc accepts -g... yes
checking for cc option to enable C11 features... none needed
checking how to run the C preprocessor... cc -E
checking for egrep -e... (cached) /bin/grep -E
checking for icc... no
checking for suncc... no
checking for system library directory... lib
checking if compiler supports -Wl,-rpath,... yes
checking build system type... x86_64-pc-linux-musl
checking host system type... x86_64-pc-linux-musl
checking target system type... x86_64-pc-linux-musl
checking for PHP prefix... /usr/local
checking for PHP includes... -I/usr/local/include/php -I/usr/local/include/php/main -I/usr/local/include/php/TSRM -I/usr/local/include/php/Zend -I/usr/local/include/php/ext -I/usr/local/include/php/ext/date/lib
checking for PHP extension directory... /usr/local/lib/php/extensions/no-debug-non-zts-20220829
checking for PHP installed headers prefix... /usr/local/include/php
checking if debug is enabled... no
checking if zts is enabled... no
checking for gawk... no
checking for nawk... no
checking for awk... awk
checking if awk is broken... no
checking whether to enable PDO support... yes, shared
checking for a sed that does not truncate output... /bin/sed
checking for ld used by cc... /usr/x86_64-alpine-linux-musl/bin/ld
checking if the linker (/usr/x86_64-alpine-linux-musl/bin/ld) is GNU ld... yes
checking for /usr/x86_64-alpine-linux-musl/bin/ld option to reload object files... -r
checking for BSD-compatible nm... /usr/bin/nm -B
checking whether ln -s works... yes
checking how to recognize dependent libraries... pass_all
checking for stdio.h... yes
checking for stdlib.h... yes
checking for string.h... yes
checking for inttypes.h... yes
checking for stdint.h... yes
checking for strings.h... yes
checking for sys/stat.h... yes
checking for sys/types.h... yes
checking for unistd.h... yes
checking for dlfcn.h... yes
checking the maximum length of command line arguments... 98304
checking command to parse /usr/bin/nm -B output from cc object... ok
checking for objdir... .libs
checking for ar... ar
checking for ranlib... ranlib
checking for strip... strip
checking if cc supports -fno-rtti -fno-exceptions... no
checking for cc option to produce PIC... -fPIC
checking if cc PIC flag -fPIC works... yes
checking if cc static flag -static works... yes
checking if cc supports -c -o file.o... yes
checking whether the cc linker (/usr/x86_64-alpine-linux-musl/bin/ld -m elf_x86_64) supports shared libraries... yes
checking whether -lc should be explicitly linked in... no
checking dynamic linker characteristics... GNU/Linux ld.so
checking how to hardcode library paths into programs... immediate
checking whether stripping libraries is possible... yes
checking if libtool supports shared libraries... yes
checking whether to build shared libraries... yes
checking whether to build static libraries... no

creating libtool
appending configuration tag "CXX" to libtool
configure: patching config.h.in
configure: creating ./config.status
config.status: creating config.h
/bin/sh /usr/src/php/ext/pdo/libtool --tag=CC --mode=compile cc -I. -I/usr/src/php/ext/pdo -I/usr/src/php/ext/pdo/include -I/usr/src/php/ext/pdo/main -I/usr/src/php/ext/pdo -I/usr/local/include/php -I/usr/local/include/php/main -I/usr/local/include/php/TSRM -I/usr/local/include/php/Zend -I/usr/local/include/php/ext -I/usr/local/include/php/ext/date/lib  -fstack-protector-strong -fpic -fpie -O2 -D_LARGEFILE_SOURCE -D_FILE_OFFSET_BITS=64 -DHAVE_CONFIG_H  -fstack-protector-strong -fpic -fpie -O2 -D_LARGEFILE_SOURCE -D_FILE_OFFSET_BITS=64 -D_GNU_SOURCE    -DZEND_COMPILE_DL_EXT=1 -c /usr/src/php/ext/pdo/pdo.c -o pdo.lo  -MMD -MF pdo.dep -MT pdo.lo
mkdir .libs
 cc -I. -I/usr/src/php/ext/pdo -I/usr/src/php/ext/pdo/include -I/usr/src/php/ext/pdo/main -I/usr/src/php/ext/pdo -I/usr/local/include/php -I/usr/local/include/php/main -I/usr/local/include/php/TSRM -I/usr/local/include/php/Zend -I/usr/local/include/php/ext -I/usr/local/include/php/ext/date/lib -fstack-protector-strong -fpic -fpie -O2 -D_LARGEFILE_SOURCE -D_FILE_OFFSET_BITS=64 -DHAVE_CONFIG_H -fstack-protector-strong -fpic -fpie -O2 -D_LARGEFILE_SOURCE -D_FILE_OFFSET_BITS=64 -D_GNU_SOURCE -DZEND_COMPILE_DL_EXT=1 -c /usr/src/php/ext/pdo/pdo.c -MMD -MF pdo.dep -MT pdo.lo  -fPIC -DPIC -o .libs/pdo.o
/bin/sh /usr/src/php/ext/pdo/libtool --tag=CC --mode=compile cc -I. -I/usr/src/php/ext/pdo -I/usr/src/php/ext/pdo/include -I/usr/src/php/ext/pdo/main -I/usr/src/php/ext/pdo -I/usr/local/include/php -I/usr/local/include/php/main -I/usr/local/include/php/TSRM -I/usr/local/include/php/Zend -I/usr/local/include/php/ext -I/usr/local/include/php/ext/date/lib  -fstack-protector-strong -fpic -fpie -O2 -D_LARGEFILE_SOURCE -D_FILE_OFFSET_BITS=64 -DHAVE_CONFIG_H  -fstack-protector-strong -fpic -fpie -O2 -D_LARGEFILE_SOURCE -D_FILE_OFFSET_BITS=64 -D_GNU_SOURCE    -DZEND_COMPILE_DL_EXT=1 -c /usr/src/php/ext/pdo/pdo_dbh.c -o pdo_dbh.lo  -MMD -MF pdo_dbh.dep -MT pdo_dbh.lo
 cc -I. -I/usr/src/php/ext/pdo -I/usr/src/php/ext/pdo/include -I/usr/src/php/ext/pdo/main -I/usr/src/php/ext/pdo -I/usr/local/include/php -I/usr/local/include/php/main -I/usr/local/include/php/TSRM -I/usr/local/include/php/Zend -I/usr/local/include/php/ext -I/usr/local/include/php/ext/date/lib -fstack-protector-strong -fpic -fpie -O2 -D_LARGEFILE_SOURCE -D_FILE_OFFSET_BITS=64 -DHAVE_CONFIG_H -fstack-protector-strong -fpic -fpie -O2 -D_LARGEFILE_SOURCE -D_FILE_OFFSET_BITS=64 -D_GNU_SOURCE -DZEND_COMPILE_DL_EXT=1 -c /usr/src/php/ext/pdo/pdo_dbh.c -MMD -MF pdo_dbh.dep -MT pdo_dbh.lo  -fPIC -DPIC -o .libs/pdo_dbh.o
/bin/sh /usr/src/php/ext/pdo/libtool --tag=CC --mode=compile cc -I. -I/usr/src/php/ext/pdo -I/usr/src/php/ext/pdo/include -I/usr/src/php/ext/pdo/main -I/usr/src/php/ext/pdo -I/usr/local/include/php -I/usr/local/include/php/main -I/usr/local/include/php/TSRM -I/usr/local/include/php/Zend -I/usr/local/include/php/ext -I/usr/local/include/php/ext/date/lib  -fstack-protector-strong -fpic -fpie -O2 -D_LARGEFILE_SOURCE -D_FILE_OFFSET_BITS=64 -DHAVE_CONFIG_H  -fstack-protector-strong -fpic -fpie -O2 -D_LARGEFILE_SOURCE -D_FILE_OFFSET_BITS=64 -D_GNU_SOURCE    -DZEND_COMPILE_DL_EXT=1 -c /usr/src/php/ext/pdo/pdo_stmt.c -o pdo_stmt.lo  -MMD -MF pdo_stmt.dep -MT pdo_stmt.lo
 cc -I. -I/usr/src/php/ext/pdo -I/usr/src/php/ext/pdo/include -I/usr/src/php/ext/pdo/main -I/usr/src/php/ext/pdo -I/usr/local/include/php -I/usr/local/include/php/main -I/usr/local/include/php/TSRM -I/usr/local/include/php/Zend -I/usr/local/include/php/ext -I/usr/local/include/php/ext/date/lib -fstack-protector-strong -fpic -fpie -O2 -D_LARGEFILE_SOURCE -D_FILE_OFFSET_BITS=64 -DHAVE_CONFIG_H -fstack-protector-strong -fpic -fpie -O2 -D_LARGEFILE_SOURCE -D_FILE_OFFSET_BITS=64 -D_GNU_SOURCE -DZEND_COMPILE_DL_EXT=1 -c /usr/src/php/ext/pdo/pdo_stmt.c -MMD -MF pdo_stmt.dep -MT pdo_stmt.lo  -fPIC -DPIC -o .libs/pdo_stmt.o
/bin/sh /usr/src/php/ext/pdo/libtool --tag=CC --mode=compile cc -I. -I/usr/src/php/ext/pdo -I/usr/src/php/ext/pdo/include -I/usr/src/php/ext/pdo/main -I/usr/src/php/ext/pdo -I/usr/local/include/php -I/usr/local/include/php/main -I/usr/local/include/php/TSRM -I/usr/local/include/php/Zend -I/usr/local/include/php/ext -I/usr/local/include/php/ext/date/lib  -fstack-protector-strong -fpic -fpie -O2 -D_LARGEFILE_SOURCE -D_FILE_OFFSET_BITS=64 -DHAVE_CONFIG_H  -fstack-protector-strong -fpic -fpie -O2 -D_LARGEFILE_SOURCE -D_FILE_OFFSET_BITS=64 -D_GNU_SOURCE    -DZEND_COMPILE_DL_EXT=1 -c /usr/src/php/ext/pdo/pdo_sql_parser.c -o pdo_sql_parser.lo  -MMD -MF pdo_sql_parser.dep -MT pdo_sql_parser.lo
 cc -I. -I/usr/src/php/ext/pdo -I/usr/src/php/ext/pdo/include -I/usr/src/php/ext/pdo/main -I/usr/src/php/ext/pdo -I/usr/local/include/php -I/usr/local/include/php/main -I/usr/local/include/php/TSRM -I/usr/local/include/php/Zend -I/usr/local/include/php/ext -I/usr/local/include/php/ext/date/lib -fstack-protector-strong -fpic -fpie -O2 -D_LARGEFILE_SOURCE -D_FILE_OFFSET_BITS=64 -DHAVE_CONFIG_H -fstack-protector-strong -fpic -fpie -O2 -D_LARGEFILE_SOURCE -D_FILE_OFFSET_BITS=64 -D_GNU_SOURCE -DZEND_COMPILE_DL_EXT=1 -c /usr/src/php/ext/pdo/pdo_sql_parser.c -MMD -MF pdo_sql_parser.dep -MT pdo_sql_parser.lo  -fPIC -DPIC -o .libs/pdo_sql_parser.o
/bin/sh /usr/src/php/ext/pdo/libtool --tag=CC --mode=compile cc -I. -I/usr/src/php/ext/pdo -I/usr/src/php/ext/pdo/include -I/usr/src/php/ext/pdo/main -I/usr/src/php/ext/pdo -I/usr/local/include/php -I/usr/local/include/php/main -I/usr/local/include/php/TSRM -I/usr/local/include/php/Zend -I/usr/local/include/php/ext -I/usr/local/include/php/ext/date/lib  -fstack-protector-strong -fpic -fpie -O2 -D_LARGEFILE_SOURCE -D_FILE_OFFSET_BITS=64 -DHAVE_CONFIG_H  -fstack-protector-strong -fpic -fpie -O2 -D_LARGEFILE_SOURCE -D_FILE_OFFSET_BITS=64 -D_GNU_SOURCE    -DZEND_COMPILE_DL_EXT=1 -c /usr/src/php/ext/pdo/pdo_sqlstate.c -o pdo_sqlstate.lo  -MMD -MF pdo_sqlstate.dep -MT pdo_sqlstate.lo
 cc -I. -I/usr/src/php/ext/pdo -I/usr/src/php/ext/pdo/include -I/usr/src/php/ext/pdo/main -I/usr/src/php/ext/pdo -I/usr/local/include/php -I/usr/local/include/php/main -I/usr/local/include/php/TSRM -I/usr/local/include/php/Zend -I/usr/local/include/php/ext -I/usr/local/include/php/ext/date/lib -fstack-protector-strong -fpic -fpie -O2 -D_LARGEFILE_SOURCE -D_FILE_OFFSET_BITS=64 -DHAVE_CONFIG_H -fstack-protector-strong -fpic -fpie -O2 -D_LARGEFILE_SOURCE -D_FILE_OFFSET_BITS=64 -D_GNU_SOURCE -DZEND_COMPILE_DL_EXT=1 -c /usr/src/php/ext/pdo/pdo_sqlstate.c -MMD -MF pdo_sqlstate.dep -MT pdo_sqlstate.lo  -fPIC -DPIC -o .libs/pdo_sqlstate.o
/bin/sh /usr/src/php/ext/pdo/libtool --tag=CC --mode=link cc -shared -I/usr/src/php/ext/pdo/include -I/usr/src/php/ext/pdo/main -I/usr/src/php/ext/pdo -I/usr/local/include/php -I/usr/local/include/php/main -I/usr/local/include/php/TSRM -I/usr/local/include/php/Zend -I/usr/local/include/php/ext -I/usr/local/include/php/ext/date/lib  -fstack-protector-strong -fpic -fpie -O2 -D_LARGEFILE_SOURCE -D_FILE_OFFSET_BITS=64 -DHAVE_CONFIG_H  -fstack-protector-strong -fpic -fpie -O2 -D_LARGEFILE_SOURCE -D_FILE_OFFSET_BITS=64 -D_GNU_SOURCE  -Wl,-O1 -pie  -o pdo.la -export-dynamic -avoid-version -prefer-pic -module -rpath /usr/src/php/ext/pdo/modules  pdo.lo pdo_dbh.lo pdo_stmt.lo pdo_sql_parser.lo pdo_sqlstate.lo 
cc -shared  .libs/pdo.o .libs/pdo_dbh.o .libs/pdo_stmt.o .libs/pdo_sql_parser.o .libs/pdo_sqlstate.o   -Wl,-O1 -Wl,-soname -Wl,pdo.so -o .libs/pdo.so
creating pdo.la
(cd .libs && rm -f pdo.la && ln -s ../pdo.la pdo.la)
/bin/sh /usr/src/php/ext/pdo/libtool --tag=CC --mode=install cp ./pdo.la /usr/src/php/ext/pdo/modules
cp ./.libs/pdo.so /usr/src/php/ext/pdo/modules/pdo.so
cp ./.libs/pdo.lai /usr/src/php/ext/pdo/modules/pdo.la
PATH="$PATH:/sbin" ldconfig -n /usr/src/php/ext/pdo/modules
----------------------------------------------------------------------
Libraries have been installed in:
   /usr/src/php/ext/pdo/modules

If you ever happen to want to link against installed libraries
in a given directory, LIBDIR, you must either use libtool, and
specify the full pathname of the library, or use the `-LLIBDIR'
flag during linking and do at least one of the following:
   - add LIBDIR to the `LD_LIBRARY_PATH' environment variable
     during execution
   - add LIBDIR to the `LD_RUN_PATH' environment variable
     during linking
   - use the `-Wl,--rpath -Wl,LIBDIR' linker flag

See any operating system documentation about shared libraries for
more information, such as the ld(1) and ld.so(8) manual pages.
----------------------------------------------------------------------

Build complete.
Don't forget to run 'make test'.

[91m+ strip --strip-all modules/pdo.so
[0mInstalling shared extensions:     /usr/local/lib/php/extensions/no-debug-non-zts-20220829/
Installing header files:          /usr/local/include/php/
Installing PDO headers:           /usr/local/include/php/ext/pdo/
[91m
warning: pdo (pdo) is already loaded!

[0mfind . -name \*.gcno -o -name \*.gcda | xargs rm -f
find . -name \*.lo -o -name \*.o -o -name \*.dep | xargs rm -f
find . -name \*.la -o -name \*.a | xargs rm -f
find . -name \*.so | xargs rm -f
find . -name .libs -a -type d|xargs rm -rf
rm -f libphp.la      modules/* libs/*
rm -f ext/opcache/jit/zend_jit_x86.c
rm -f ext/opcache/jit/zend_jit_arm64.c
rm -f ext/opcache/minilua
Configuring for:
PHP Api Version:         20220829
Zend Module Api No:      20220829
Zend Extension Api No:   420220829
checking for grep that handles long lines and -e... /bin/grep
checking for egrep... /bin/grep -E
checking for a sed that does not truncate output... /bin/sed
checking for pkg-config... /usr/bin/pkg-config
checking pkg-config is at least version 0.9.0... yes
checking for cc... cc
checking whether the C compiler works... yes
checking for C compiler default output file name... a.out
checking for suffix of executables... 
checking whether we are cross compiling... no
checking for suffix of object files... o
checking whether the compiler supports GNU C... yes
checking whether cc accepts -g... yes
checking for cc option to enable C11 features... none needed
checking how to run the C preprocessor... cc -E
checking for egrep -e... (cached) /bin/grep -E
checking for icc... no
checking for suncc... no
checking for system library directory... lib
checking if compiler supports -Wl,-rpath,... yes
checking build system type... x86_64-pc-linux-musl
checking host system type... x86_64-pc-linux-musl
checking target system type... x86_64-pc-linux-musl
checking for PHP prefix... /usr/local
checking for PHP includes... -I/usr/local/include/php -I/usr/local/include/php/main -I/usr/local/include/php/TSRM -I/usr/local/include/php/Zend -I/usr/local/include/php/ext -I/usr/local/include/php/ext/date/lib
checking for PHP extension directory... /usr/local/lib/php/extensions/no-debug-non-zts-20220829
checking for PHP installed headers prefix... /usr/local/include/php
checking if debug is enabled... no
checking if zts is enabled... no
checking for gawk... no
checking for nawk... no
checking for awk... awk
checking if awk is broken... no
checking for MySQL support for PDO... yes, shared
checking for the location of libz... no
checking for MySQL UNIX socket location... 
checking for PDO includes... /usr/local/include/php/ext
checking for a sed that does not truncate output... /bin/sed
checking for ld used by cc... /usr/x86_64-alpine-linux-musl/bin/ld
checking if the linker (/usr/x86_64-alpine-linux-musl/bin/ld) is GNU ld... yes
checking for /usr/x86_64-alpine-linux-musl/bin/ld option to reload object files... -r
checking for BSD-compatible nm... /usr/bin/nm -B
checking whether ln -s works... yes
checking how to recognize dependent libraries... pass_all
checking for stdio.h... yes
checking for stdlib.h... yes
checking for string.h... yes
checking for inttypes.h... yes
checking for stdint.h... yes
checking for strings.h... yes
checking for sys/stat.h... yes
checking for sys/types.h... yes
checking for unistd.h... yes
checking for dlfcn.h... yes
checking the maximum length of command line arguments... 98304
checking command to parse /usr/bin/nm -B output from cc object... ok
checking for objdir... .libs
checking for ar... ar
checking for ranlib... ranlib
checking for strip... strip
checking if cc supports -fno-rtti -fno-exceptions... no
checking for cc option to produce PIC... -fPIC
checking if cc PIC flag -fPIC works... yes
checking if cc static flag -static works... yes
checking if cc supports -c -o file.o... yes
checking whether the cc linker (/usr/x86_64-alpine-linux-musl/bin/ld -m elf_x86_64) supports shared libraries... yes
checking whether -lc should be explicitly linked in... no
checking dynamic linker characteristics... GNU/Linux ld.so
checking how to hardcode library paths into programs... immediate
checking whether stripping libraries is possible... yes
checking if libtool supports shared libraries... yes
checking whether to build shared libraries... yes
checking whether to build static libraries... no

creating libtool
appending configuration tag "CXX" to libtool
configure: patching config.h.in
configure: creating ./config.status
config.status: creating config.h
/bin/sh /usr/src/php/ext/pdo_mysql/libtool --tag=CC --mode=compile cc -I. -I/usr/src/php/ext/pdo_mysql -I/usr/src/php/ext/pdo_mysql/include -I/usr/src/php/ext/pdo_mysql/main -I/usr/src/php/ext/pdo_mysql -I/usr/local/include/php -I/usr/local/include/php/main -I/usr/local/include/php/TSRM -I/usr/local/include/php/Zend -I/usr/local/include/php/ext -I/usr/local/include/php/ext/date/lib  -fstack-protector-strong -fpic -fpie -O2 -D_LARGEFILE_SOURCE -D_FILE_OFFSET_BITS=64 -DHAVE_CONFIG_H  -fstack-protector-strong -fpic -fpie -O2 -D_LARGEFILE_SOURCE -D_FILE_OFFSET_BITS=64 -D_GNU_SOURCE   -I/usr/local/include/php/ext -DZEND_ENABLE_STATIC_TSRMLS_CACHE=1 -DZEND_COMPILE_DL_EXT=1 -c /usr/src/php/ext/pdo_mysql/pdo_mysql.c -o pdo_mysql.lo  -MMD -MF pdo_mysql.dep -MT pdo_mysql.lo
mkdir .libs
 cc -I. -I/usr/src/php/ext/pdo_mysql -I/usr/src/php/ext/pdo_mysql/include -I/usr/src/php/ext/pdo_mysql/main -I/usr/src/php/ext/pdo_mysql -I/usr/local/include/php -I/usr/local/include/php/main -I/usr/local/include/php/TSRM -I/usr/local/include/php/Zend -I/usr/local/include/php/ext -I/usr/local/include/php/ext/date/lib -fstack-protector-strong -fpic -fpie -O2 -D_LARGEFILE_SOURCE -D_FILE_OFFSET_BITS=64 -DHAVE_CONFIG_H -fstack-protector-strong -fpic -fpie -O2 -D_LARGEFILE_SOURCE -D_FILE_OFFSET_BITS=64 -D_GNU_SOURCE -I/usr/local/include/php/ext -DZEND_ENABLE_STATIC_TSRMLS_CACHE=1 -DZEND_COMPILE_DL_EXT=1 -c /usr/src/php/ext/pdo_mysql/pdo_mysql.c -MMD -MF pdo_mysql.dep -MT pdo_mysql.lo  -fPIC -DPIC -o .libs/pdo_mysql.o
/bin/sh /usr/src/php/ext/pdo_mysql/libtool --tag=CC --mode=compile cc -I. -I/usr/src/php/ext/pdo_mysql -I/usr/src/php/ext/pdo_mysql/include -I/usr/src/php/ext/pdo_mysql/main -I/usr/src/php/ext/pdo_mysql -I/usr/local/include/php -I/usr/local/include/php/main -I/usr/local/include/php/TSRM -I/usr/local/include/php/Zend -I/usr/local/include/php/ext -I/usr/local/include/php/ext/date/lib  -fstack-protector-strong -fpic -fpie -O2 -D_LARGEFILE_SOURCE -D_FILE_OFFSET_BITS=64 -DHAVE_CONFIG_H  -fstack-protector-strong -fpic -fpie -O2 -D_LARGEFILE_SOURCE -D_FILE_OFFSET_BITS=64 -D_GNU_SOURCE   -I/usr/local/include/php/ext -DZEND_ENABLE_STATIC_TSRMLS_CACHE=1 -DZEND_COMPILE_DL_EXT=1 -c /usr/src/php/ext/pdo_mysql/mysql_driver.c -o mysql_driver.lo  -MMD -MF mysql_driver.dep -MT mysql_driver.lo
 cc -I. -I/usr/src/php/ext/pdo_mysql -I/usr/src/php/ext/pdo_mysql/include -I/usr/src/php/ext/pdo_mysql/main -I/usr/src/php/ext/pdo_mysql -I/usr/local/include/php -I/usr/local/include/php/main -I/usr/local/include/php/TSRM -I/usr/local/include/php/Zend -I/usr/local/include/php/ext -I/usr/local/include/php/ext/date/lib -fstack-protector-strong -fpic -fpie -O2 -D_LARGEFILE_SOURCE -D_FILE_OFFSET_BITS=64 -DHAVE_CONFIG_H -fstack-protector-strong -fpic -fpie -O2 -D_LARGEFILE_SOURCE -D_FILE_OFFSET_BITS=64 -D_GNU_SOURCE -I/usr/local/include/php/ext -DZEND_ENABLE_STATIC_TSRMLS_CACHE=1 -DZEND_COMPILE_DL_EXT=1 -c /usr/src/php/ext/pdo_mysql/mysql_driver.c -MMD -MF mysql_driver.dep -MT mysql_driver.lo  -fPIC -DPIC -o .libs/mysql_driver.o
/bin/sh /usr/src/php/ext/pdo_mysql/libtool --tag=CC --mode=compile cc -I. -I/usr/src/php/ext/pdo_mysql -I/usr/src/php/ext/pdo_mysql/include -I/usr/src/php/ext/pdo_mysql/main -I/usr/src/php/ext/pdo_mysql -I/usr/local/include/php -I/usr/local/include/php/main -I/usr/local/include/php/TSRM -I/usr/local/include/php/Zend -I/usr/local/include/php/ext -I/usr/local/include/php/ext/date/lib  -fstack-protector-strong -fpic -fpie -O2 -D_LARGEFILE_SOURCE -D_FILE_OFFSET_BITS=64 -DHAVE_CONFIG_H  -fstack-protector-strong -fpic -fpie -O2 -D_LARGEFILE_SOURCE -D_FILE_OFFSET_BITS=64 -D_GNU_SOURCE   -I/usr/local/include/php/ext -DZEND_ENABLE_STATIC_TSRMLS_CACHE=1 -DZEND_COMPILE_DL_EXT=1 -c /usr/src/php/ext/pdo_mysql/mysql_statement.c -o mysql_statement.lo  -MMD -MF mysql_statement.dep -MT mysql_statement.lo
 cc -I. -I/usr/src/php/ext/pdo_mysql -I/usr/src/php/ext/pdo_mysql/include -I/usr/src/php/ext/pdo_mysql/main -I/usr/src/php/ext/pdo_mysql -I/usr/local/include/php -I/usr/local/include/php/main -I/usr/local/include/php/TSRM -I/usr/local/include/php/Zend -I/usr/local/include/php/ext -I/usr/local/include/php/ext/date/lib -fstack-protector-strong -fpic -fpie -O2 -D_LARGEFILE_SOURCE -D_FILE_OFFSET_BITS=64 -DHAVE_CONFIG_H -fstack-protector-strong -fpic -fpie -O2 -D_LARGEFILE_SOURCE -D_FILE_OFFSET_BITS=64 -D_GNU_SOURCE -I/usr/local/include/php/ext -DZEND_ENABLE_STATIC_TSRMLS_CACHE=1 -DZEND_COMPILE_DL_EXT=1 -c /usr/src/php/ext/pdo_mysql/mysql_statement.c -MMD -MF mysql_statement.dep -MT mysql_statement.lo  -fPIC -DPIC -o .libs/mysql_statement.o
/bin/sh /usr/src/php/ext/pdo_mysql/libtool --tag=CC --mode=link cc -shared -I/usr/src/php/ext/pdo_mysql/include -I/usr/src/php/ext/pdo_mysql/main -I/usr/src/php/ext/pdo_mysql -I/usr/local/include/php -I/usr/local/include/php/main -I/usr/local/include/php/TSRM -I/usr/local/include/php/Zend -I/usr/local/include/php/ext -I/usr/local/include/php/ext/date/lib  -fstack-protector-strong -fpic -fpie -O2 -D_LARGEFILE_SOURCE -D_FILE_OFFSET_BITS=64 -DHAVE_CONFIG_H  -fstack-protector-strong -fpic -fpie -O2 -D_LARGEFILE_SOURCE -D_FILE_OFFSET_BITS=64 -D_GNU_SOURCE  -Wl,-O1 -pie  -o pdo_mysql.la -export-dynamic -avoid-version -prefer-pic -module -rpath /usr/src/php/ext/pdo_mysql/modules  pdo_mysql.lo mysql_driver.lo mysql_statement.lo 
cc -shared  .libs/pdo_mysql.o .libs/mysql_driver.o .libs/mysql_statement.o   -Wl,-O1 -Wl,-soname -Wl,pdo_mysql.so -o .libs/pdo_mysql.so
creating pdo_mysql.la
(cd .libs && rm -f pdo_mysql.la && ln -s ../pdo_mysql.la pdo_mysql.la)
/bin/sh /usr/src/php/ext/pdo_mysql/libtool --tag=CC --mode=install cp ./pdo_mysql.la /usr/src/php/ext/pdo_mysql/modules
cp ./.libs/pdo_mysql.so /usr/src/php/ext/pdo_mysql/modules/pdo_mysql.so
cp ./.libs/pdo_mysql.lai /usr/src/php/ext/pdo_mysql/modules/pdo_mysql.la
PATH="$PATH:/sbin" ldconfig -n /usr/src/php/ext/pdo_mysql/modules
----------------------------------------------------------------------
Libraries have been installed in:
   /usr/src/php/ext/pdo_mysql/modules

If you ever happen to want to link against installed libraries
in a given directory, LIBDIR, you must either use libtool, and
specify the full pathname of the library, or use the `-LLIBDIR'
flag during linking and do at least one of the following:
   - add LIBDIR to the `LD_LIBRARY_PATH' environment variable
     during execution
   - add LIBDIR to the `LD_RUN_PATH' environment variable
     during linking
   - use the `-Wl,--rpath -Wl,LIBDIR' linker flag

See any operating system documentation about shared libraries for
more information, such as the ld(1) and ld.so(8) manual pages.
----------------------------------------------------------------------

Build complete.
Don't forget to run 'make test'.

[91m+ strip --strip-all modules/pdo_mysql.so
[0mInstalling shared extensions:     /usr/local/lib/php/extensions/no-debug-non-zts-20220829/
find . -name \*.gcno -o -name \*.gcda | xargs rm -f
find . -name \*.lo -o -name \*.o -o -name \*.dep | xargs rm -f
find . -name \*.la -o -name \*.a | xargs rm -f
find . -name \*.so | xargs rm -f
find . -name .libs -a -type d|xargs rm -rf
rm -f libphp.la      modules/* libs/*
rm -f ext/opcache/jit/zend_jit_x86.c
rm -f ext/opcache/jit/zend_jit_arm64.c
rm -f ext/opcache/minilua
Configuring for:
PHP Api Version:         20220829
Zend Module Api No:      20220829
Zend Extension Api No:   420220829
checking for grep that handles long lines and -e... /bin/grep
checking for egrep... /bin/grep -E
checking for a sed that does not truncate output... /bin/sed
checking for pkg-config... /usr/bin/pkg-config
checking pkg-config is at least version 0.9.0... yes
checking for cc... cc
checking whether the C compiler works... yes
checking for C compiler default output file name... a.out
checking for suffix of executables... 
checking whether we are cross compiling... no
checking for suffix of object files... o
checking whether the compiler supports GNU C... yes
checking whether cc accepts -g... yes
checking for cc option to enable C11 features... none needed
checking how to run the C preprocessor... cc -E
checking for egrep -e... (cached) /bin/grep -E
checking for icc... no
checking for suncc... no
checking for system library directory... lib
checking if compiler supports -Wl,-rpath,... yes
checking build system type... x86_64-pc-linux-musl
checking host system type... x86_64-pc-linux-musl
checking target system type... x86_64-pc-linux-musl
checking for PHP prefix... /usr/local
checking for PHP includes... -I/usr/local/include/php -I/usr/local/include/php/main -I/usr/local/include/php/TSRM -I/usr/local/include/php/Zend -I/usr/local/include/php/ext -I/usr/local/include/php/ext/date/lib
checking for PHP extension directory... /usr/local/lib/php/extensions/no-debug-non-zts-20220829
checking for PHP installed headers prefix... /usr/local/include/php
checking if debug is enabled... no
checking if zts is enabled... no
checking for gawk... no
checking for nawk... no
checking for awk... awk
checking if awk is broken... no
checking for MySQLi support... yes, shared
checking for specified location of the MySQL UNIX socket... no
checking for MySQL UNIX socket location... no
checking for a sed that does not truncate output... /bin/sed
checking for ld used by cc... /usr/x86_64-alpine-linux-musl/bin/ld
checking if the linker (/usr/x86_64-alpine-linux-musl/bin/ld) is GNU ld... yes
checking for /usr/x86_64-alpine-linux-musl/bin/ld option to reload object files... -r
checking for BSD-compatible nm... /usr/bin/nm -B
checking whether ln -s works... yes
checking how to recognize dependent libraries... pass_all
checking for stdio.h... yes
checking for stdlib.h... yes
checking for string.h... yes
checking for inttypes.h... yes
checking for stdint.h... yes
checking for strings.h... yes
checking for sys/stat.h... yes
checking for sys/types.h... yes
checking for unistd.h... yes
checking for dlfcn.h... yes
checking the maximum length of command line arguments... 98304
checking command to parse /usr/bin/nm -B output from cc object... ok
checking for objdir... .libs
checking for ar... ar
checking for ranlib... ranlib
checking for strip... strip
checking if cc supports -fno-rtti -fno-exceptions... no
checking for cc option to produce PIC... -fPIC
checking if cc PIC flag -fPIC works... yes
checking if cc static flag -static works... yes
checking if cc supports -c -o file.o... yes
checking whether the cc linker (/usr/x86_64-alpine-linux-musl/bin/ld -m elf_x86_64) supports shared libraries... yes
checking whether -lc should be explicitly linked in... no
checking dynamic linker characteristics... GNU/Linux ld.so
checking how to hardcode library paths into programs... immediate
checking whether stripping libraries is possible... yes
checking if libtool supports shared libraries... yes
checking whether to build shared libraries... yes
checking whether to build static libraries... no

creating libtool
appending configuration tag "CXX" to libtool
configure: patching config.h.in
configure: creating ./config.status
config.status: creating config.h
/bin/sh /usr/src/php/ext/mysqli/libtool --tag=CC --mode=compile cc -I. -I/usr/src/php/ext/mysqli -I/usr/src/php/ext/mysqli/include -I/usr/src/php/ext/mysqli/main -I/usr/src/php/ext/mysqli -I/usr/local/include/php -I/usr/local/include/php/main -I/usr/local/include/php/TSRM -I/usr/local/include/php/Zend -I/usr/local/include/php/ext -I/usr/local/include/php/ext/date/lib  -fstack-protector-strong -fpic -fpie -O2 -D_LARGEFILE_SOURCE -D_FILE_OFFSET_BITS=64 -DHAVE_CONFIG_H  -fstack-protector-strong -fpic -fpie -O2 -D_LARGEFILE_SOURCE -D_FILE_OFFSET_BITS=64 -D_GNU_SOURCE   -DZEND_ENABLE_STATIC_TSRMLS_CACHE=1 -DZEND_COMPILE_DL_EXT=1 -c /usr/src/php/ext/mysqli/mysqli.c -o mysqli.lo  -MMD -MF mysqli.dep -MT mysqli.lo
mkdir .libs
 cc -I. -I/usr/src/php/ext/mysqli -I/usr/src/php/ext/mysqli/include -I/usr/src/php/ext/mysqli/main -I/usr/src/php/ext/mysqli -I/usr/local/include/php -I/usr/local/include/php/main -I/usr/local/include/php/TSRM -I/usr/local/include/php/Zend -I/usr/local/include/php/ext -I/usr/local/include/php/ext/date/lib -fstack-protector-strong -fpic -fpie -O2 -D_LARGEFILE_SOURCE -D_FILE_OFFSET_BITS=64 -DHAVE_CONFIG_H -fstack-protector-strong -fpic -fpie -O2 -D_LARGEFILE_SOURCE -D_FILE_OFFSET_BITS=64 -D_GNU_SOURCE -DZEND_ENABLE_STATIC_TSRMLS_CACHE=1 -DZEND_COMPILE_DL_EXT=1 -c /usr/src/php/ext/mysqli/mysqli.c -MMD -MF mysqli.dep -MT mysqli.lo  -fPIC -DPIC -o .libs/mysqli.o
/bin/sh /usr/src/php/ext/mysqli/libtool --tag=CC --mode=compile cc -I. -I/usr/src/php/ext/mysqli -I/usr/src/php/ext/mysqli/include -I/usr/src/php/ext/mysqli/main -I/usr/src/php/ext/mysqli -I/usr/local/include/php -I/usr/local/include/php/main -I/usr/local/include/php/TSRM -I/usr/local/include/php/Zend -I/usr/local/include/php/ext -I/usr/local/include/php/ext/date/lib  -fstack-protector-strong -fpic -fpie -O2 -D_LARGEFILE_SOURCE -D_FILE_OFFSET_BITS=64 -DHAVE_CONFIG_H  -fstack-protector-strong -fpic -fpie -O2 -D_LARGEFILE_SOURCE -D_FILE_OFFSET_BITS=64 -D_GNU_SOURCE   -DZEND_ENABLE_STATIC_TSRMLS_CACHE=1 -DZEND_COMPILE_DL_EXT=1 -c /usr/src/php/ext/mysqli/mysqli_api.c -o mysqli_api.lo  -MMD -MF mysqli_api.dep -MT mysqli_api.lo
 cc -I. -I/usr/src/php/ext/mysqli -I/usr/src/php/ext/mysqli/include -I/usr/src/php/ext/mysqli/main -I/usr/src/php/ext/mysqli -I/usr/local/include/php -I/usr/local/include/php/main -I/usr/local/include/php/TSRM -I/usr/local/include/php/Zend -I/usr/local/include/php/ext -I/usr/local/include/php/ext/date/lib -fstack-protector-strong -fpic -fpie -O2 -D_LARGEFILE_SOURCE -D_FILE_OFFSET_BITS=64 -DHAVE_CONFIG_H -fstack-protector-strong -fpic -fpie -O2 -D_LARGEFILE_SOURCE -D_FILE_OFFSET_BITS=64 -D_GNU_SOURCE -DZEND_ENABLE_STATIC_TSRMLS_CACHE=1 -DZEND_COMPILE_DL_EXT=1 -c /usr/src/php/ext/mysqli/mysqli_api.c -MMD -MF mysqli_api.dep -MT mysqli_api.lo  -fPIC -DPIC -o .libs/mysqli_api.o
/bin/sh /usr/src/php/ext/mysqli/libtool --tag=CC --mode=compile cc -I. -I/usr/src/php/ext/mysqli -I/usr/src/php/ext/mysqli/include -I/usr/src/php/ext/mysqli/main -I/usr/src/php/ext/mysqli -I/usr/local/include/php -I/usr/local/include/php/main -I/usr/local/include/php/TSRM -I/usr/local/include/php/Zend -I/usr/local/include/php/ext -I/usr/local/include/php/ext/date/lib  -fstack-protector-strong -fpic -fpie -O2 -D_LARGEFILE_SOURCE -D_FILE_OFFSET_BITS=64 -DHAVE_CONFIG_H  -fstack-protector-strong -fpic -fpie -O2 -D_LARGEFILE_SOURCE -D_FILE_OFFSET_BITS=64 -D_GNU_SOURCE   -DZEND_ENABLE_STATIC_TSRMLS_CACHE=1 -DZEND_COMPILE_DL_EXT=1 -c /usr/src/php/ext/mysqli/mysqli_prop.c -o mysqli_prop.lo  -MMD -MF mysqli_prop.dep -MT mysqli_prop.lo
 cc -I. -I/usr/src/php/ext/mysqli -I/usr/src/php/ext/mysqli/include -I/usr/src/php/ext/mysqli/main -I/usr/src/php/ext/mysqli -I/usr/local/include/php -I/usr/local/include/php/main -I/usr/local/include/php/TSRM -I/usr/local/include/php/Zend -I/usr/local/include/php/ext -I/usr/local/include/php/ext/date/lib -fstack-protector-strong -fpic -fpie -O2 -D_LARGEFILE_SOURCE -D_FILE_OFFSET_BITS=64 -DHAVE_CONFIG_H -fstack-protector-strong -fpic -fpie -O2 -D_LARGEFILE_SOURCE -D_FILE_OFFSET_BITS=64 -D_GNU_SOURCE -DZEND_ENABLE_STATIC_TSRMLS_CACHE=1 -DZEND_COMPILE_DL_EXT=1 -c /usr/src/php/ext/mysqli/mysqli_prop.c -MMD -MF mysqli_prop.dep -MT mysqli_prop.lo  -fPIC -DPIC -o .libs/mysqli_prop.o
/bin/sh /usr/src/php/ext/mysqli/libtool --tag=CC --mode=compile cc -I. -I/usr/src/php/ext/mysqli -I/usr/src/php/ext/mysqli/include -I/usr/src/php/ext/mysqli/main -I/usr/src/php/ext/mysqli -I/usr/local/include/php -I/usr/local/include/php/main -I/usr/local/include/php/TSRM -I/usr/local/include/php/Zend -I/usr/local/include/php/ext -I/usr/local/include/php/ext/date/lib  -fstack-protector-strong -fpic -fpie -O2 -D_LARGEFILE_SOURCE -D_FILE_OFFSET_BITS=64 -DHAVE_CONFIG_H  -fstack-protector-strong -fpic -fpie -O2 -D_LARGEFILE_SOURCE -D_FILE_OFFSET_BITS=64 -D_GNU_SOURCE   -DZEND_ENABLE_STATIC_TSRMLS_CACHE=1 -DZEND_COMPILE_DL_EXT=1 -c /usr/src/php/ext/mysqli/mysqli_nonapi.c -o mysqli_nonapi.lo  -MMD -MF mysqli_nonapi.dep -MT mysqli_nonapi.lo
 cc -I. -I/usr/src/php/ext/mysqli -I/usr/src/php/ext/mysqli/include -I/usr/src/php/ext/mysqli/main -I/usr/src/php/ext/mysqli -I/usr/local/include/php -I/usr/local/include/php/main -I/usr/local/include/php/TSRM -I/usr/local/include/php/Zend -I/usr/local/include/php/ext -I/usr/local/include/php/ext/date/lib -fstack-protector-strong -fpic -fpie -O2 -D_LARGEFILE_SOURCE -D_FILE_OFFSET_BITS=64 -DHAVE_CONFIG_H -fstack-protector-strong -fpic -fpie -O2 -D_LARGEFILE_SOURCE -D_FILE_OFFSET_BITS=64 -D_GNU_SOURCE -DZEND_ENABLE_STATIC_TSRMLS_CACHE=1 -DZEND_COMPILE_DL_EXT=1 -c /usr/src/php/ext/mysqli/mysqli_nonapi.c -MMD -MF mysqli_nonapi.dep -MT mysqli_nonapi.lo  -fPIC -DPIC -o .libs/mysqli_nonapi.o
/bin/sh /usr/src/php/ext/mysqli/libtool --tag=CC --mode=compile cc -I. -I/usr/src/php/ext/mysqli -I/usr/src/php/ext/mysqli/include -I/usr/src/php/ext/mysqli/main -I/usr/src/php/ext/mysqli -I/usr/local/include/php -I/usr/local/include/php/main -I/usr/local/include/php/TSRM -I/usr/local/include/php/Zend -I/usr/local/include/php/ext -I/usr/local/include/php/ext/date/lib  -fstack-protector-strong -fpic -fpie -O2 -D_LARGEFILE_SOURCE -D_FILE_OFFSET_BITS=64 -DHAVE_CONFIG_H  -fstack-protector-strong -fpic -fpie -O2 -D_LARGEFILE_SOURCE -D_FILE_OFFSET_BITS=64 -D_GNU_SOURCE   -DZEND_ENABLE_STATIC_TSRMLS_CACHE=1 -DZEND_COMPILE_DL_EXT=1 -c /usr/src/php/ext/mysqli/mysqli_report.c -o mysqli_report.lo  -MMD -MF mysqli_report.dep -MT mysqli_report.lo
 cc -I. -I/usr/src/php/ext/mysqli -I/usr/src/php/ext/mysqli/include -I/usr/src/php/ext/mysqli/main -I/usr/src/php/ext/mysqli -I/usr/local/include/php -I/usr/local/include/php/main -I/usr/local/include/php/TSRM -I/usr/local/include/php/Zend -I/usr/local/include/php/ext -I/usr/local/include/php/ext/date/lib -fstack-protector-strong -fpic -fpie -O2 -D_LARGEFILE_SOURCE -D_FILE_OFFSET_BITS=64 -DHAVE_CONFIG_H -fstack-protector-strong -fpic -fpie -O2 -D_LARGEFILE_SOURCE -D_FILE_OFFSET_BITS=64 -D_GNU_SOURCE -DZEND_ENABLE_STATIC_TSRMLS_CACHE=1 -DZEND_COMPILE_DL_EXT=1 -c /usr/src/php/ext/mysqli/mysqli_report.c -MMD -MF mysqli_report.dep -MT mysqli_report.lo  -fPIC -DPIC -o .libs/mysqli_report.o
/bin/sh /usr/src/php/ext/mysqli/libtool --tag=CC --mode=compile cc -I. -I/usr/src/php/ext/mysqli -I/usr/src/php/ext/mysqli/include -I/usr/src/php/ext/mysqli/main -I/usr/src/php/ext/mysqli -I/usr/local/include/php -I/usr/local/include/php/main -I/usr/local/include/php/TSRM -I/usr/local/include/php/Zend -I/usr/local/include/php/ext -I/usr/local/include/php/ext/date/lib  -fstack-protector-strong -fpic -fpie -O2 -D_LARGEFILE_SOURCE -D_FILE_OFFSET_BITS=64 -DHAVE_CONFIG_H  -fstack-protector-strong -fpic -fpie -O2 -D_LARGEFILE_SOURCE -D_FILE_OFFSET_BITS=64 -D_GNU_SOURCE   -DZEND_ENABLE_STATIC_TSRMLS_CACHE=1 -DZEND_COMPILE_DL_EXT=1 -c /usr/src/php/ext/mysqli/mysqli_driver.c -o mysqli_driver.lo  -MMD -MF mysqli_driver.dep -MT mysqli_driver.lo
 cc -I. -I/usr/src/php/ext/mysqli -I/usr/src/php/ext/mysqli/include -I/usr/src/php/ext/mysqli/main -I/usr/src/php/ext/mysqli -I/usr/local/include/php -I/usr/local/include/php/main -I/usr/local/include/php/TSRM -I/usr/local/include/php/Zend -I/usr/local/include/php/ext -I/usr/local/include/php/ext/date/lib -fstack-protector-strong -fpic -fpie -O2 -D_LARGEFILE_SOURCE -D_FILE_OFFSET_BITS=64 -DHAVE_CONFIG_H -fstack-protector-strong -fpic -fpie -O2 -D_LARGEFILE_SOURCE -D_FILE_OFFSET_BITS=64 -D_GNU_SOURCE -DZEND_ENABLE_STATIC_TSRMLS_CACHE=1 -DZEND_COMPILE_DL_EXT=1 -c /usr/src/php/ext/mysqli/mysqli_driver.c -MMD -MF mysqli_driver.dep -MT mysqli_driver.lo  -fPIC -DPIC -o .libs/mysqli_driver.o
/bin/sh /usr/src/php/ext/mysqli/libtool --tag=CC --mode=compile cc -I. -I/usr/src/php/ext/mysqli -I/usr/src/php/ext/mysqli/include -I/usr/src/php/ext/mysqli/main -I/usr/src/php/ext/mysqli -I/usr/local/include/php -I/usr/local/include/php/main -I/usr/local/include/php/TSRM -I/usr/local/include/php/Zend -I/usr/local/include/php/ext -I/usr/local/include/php/ext/date/lib  -fstack-protector-strong -fpic -fpie -O2 -D_LARGEFILE_SOURCE -D_FILE_OFFSET_BITS=64 -DHAVE_CONFIG_H  -fstack-protector-strong -fpic -fpie -O2 -D_LARGEFILE_SOURCE -D_FILE_OFFSET_BITS=64 -D_GNU_SOURCE   -DZEND_ENABLE_STATIC_TSRMLS_CACHE=1 -DZEND_COMPILE_DL_EXT=1 -c /usr/src/php/ext/mysqli/mysqli_warning.c -o mysqli_warning.lo  -MMD -MF mysqli_warning.dep -MT mysqli_warning.lo
 cc -I. -I/usr/src/php/ext/mysqli -I/usr/src/php/ext/mysqli/include -I/usr/src/php/ext/mysqli/main -I/usr/src/php/ext/mysqli -I/usr/local/include/php -I/usr/local/include/php/main -I/usr/local/include/php/TSRM -I/usr/local/include/php/Zend -I/usr/local/include/php/ext -I/usr/local/include/php/ext/date/lib -fstack-protector-strong -fpic -fpie -O2 -D_LARGEFILE_SOURCE -D_FILE_OFFSET_BITS=64 -DHAVE_CONFIG_H -fstack-protector-strong -fpic -fpie -O2 -D_LARGEFILE_SOURCE -D_FILE_OFFSET_BITS=64 -D_GNU_SOURCE -DZEND_ENABLE_STATIC_TSRMLS_CACHE=1 -DZEND_COMPILE_DL_EXT=1 -c /usr/src/php/ext/mysqli/mysqli_warning.c -MMD -MF mysqli_warning.dep -MT mysqli_warning.lo  -fPIC -DPIC -o .libs/mysqli_warning.o
/bin/sh /usr/src/php/ext/mysqli/libtool --tag=CC --mode=compile cc -I. -I/usr/src/php/ext/mysqli -I/usr/src/php/ext/mysqli/include -I/usr/src/php/ext/mysqli/main -I/usr/src/php/ext/mysqli -I/usr/local/include/php -I/usr/local/include/php/main -I/usr/local/include/php/TSRM -I/usr/local/include/php/Zend -I/usr/local/include/php/ext -I/usr/local/include/php/ext/date/lib  -fstack-protector-strong -fpic -fpie -O2 -D_LARGEFILE_SOURCE -D_FILE_OFFSET_BITS=64 -DHAVE_CONFIG_H  -fstack-protector-strong -fpic -fpie -O2 -D_LARGEFILE_SOURCE -D_FILE_OFFSET_BITS=64 -D_GNU_SOURCE   -DZEND_ENABLE_STATIC_TSRMLS_CACHE=1 -DZEND_COMPILE_DL_EXT=1 -c /usr/src/php/ext/mysqli/mysqli_exception.c -o mysqli_exception.lo  -MMD -MF mysqli_exception.dep -MT mysqli_exception.lo
 cc -I. -I/usr/src/php/ext/mysqli -I/usr/src/php/ext/mysqli/include -I/usr/src/php/ext/mysqli/main -I/usr/src/php/ext/mysqli -I/usr/local/include/php -I/usr/local/include/php/main -I/usr/local/include/php/TSRM -I/usr/local/include/php/Zend -I/usr/local/include/php/ext -I/usr/local/include/php/ext/date/lib -fstack-protector-strong -fpic -fpie -O2 -D_LARGEFILE_SOURCE -D_FILE_OFFSET_BITS=64 -DHAVE_CONFIG_H -fstack-protector-strong -fpic -fpie -O2 -D_LARGEFILE_SOURCE -D_FILE_OFFSET_BITS=64 -D_GNU_SOURCE -DZEND_ENABLE_STATIC_TSRMLS_CACHE=1 -DZEND_COMPILE_DL_EXT=1 -c /usr/src/php/ext/mysqli/mysqli_exception.c -MMD -MF mysqli_exception.dep -MT mysqli_exception.lo  -fPIC -DPIC -o .libs/mysqli_exception.o
/bin/sh /usr/src/php/ext/mysqli/libtool --tag=CC --mode=compile cc -I. -I/usr/src/php/ext/mysqli -I/usr/src/php/ext/mysqli/include -I/usr/src/php/ext/mysqli/main -I/usr/src/php/ext/mysqli -I/usr/local/include/php -I/usr/local/include/php/main -I/usr/local/include/php/TSRM -I/usr/local/include/php/Zend -I/usr/local/include/php/ext -I/usr/local/include/php/ext/date/lib  -fstack-protector-strong -fpic -fpie -O2 -D_LARGEFILE_SOURCE -D_FILE_OFFSET_BITS=64 -DHAVE_CONFIG_H  -fstack-protector-strong -fpic -fpie -O2 -D_LARGEFILE_SOURCE -D_FILE_OFFSET_BITS=64 -D_GNU_SOURCE   -DZEND_ENABLE_STATIC_TSRMLS_CACHE=1 -DZEND_COMPILE_DL_EXT=1 -c /usr/src/php/ext/mysqli/mysqli_result_iterator.c -o mysqli_result_iterator.lo  -MMD -MF mysqli_result_iterator.dep -MT mysqli_result_iterator.lo
 cc -I. -I/usr/src/php/ext/mysqli -I/usr/src/php/ext/mysqli/include -I/usr/src/php/ext/mysqli/main -I/usr/src/php/ext/mysqli -I/usr/local/include/php -I/usr/local/include/php/main -I/usr/local/include/php/TSRM -I/usr/local/include/php/Zend -I/usr/local/include/php/ext -I/usr/local/include/php/ext/date/lib -fstack-protector-strong -fpic -fpie -O2 -D_LARGEFILE_SOURCE -D_FILE_OFFSET_BITS=64 -DHAVE_CONFIG_H -fstack-protector-strong -fpic -fpie -O2 -D_LARGEFILE_SOURCE -D_FILE_OFFSET_BITS=64 -D_GNU_SOURCE -DZEND_ENABLE_STATIC_TSRMLS_CACHE=1 -DZEND_COMPILE_DL_EXT=1 -c /usr/src/php/ext/mysqli/mysqli_result_iterator.c -MMD -MF mysqli_result_iterator.dep -MT mysqli_result_iterator.lo  -fPIC -DPIC -o .libs/mysqli_result_iterator.o
/bin/sh /usr/src/php/ext/mysqli/libtool --tag=CC --mode=link cc -shared -I/usr/src/php/ext/mysqli/include -I/usr/src/php/ext/mysqli/main -I/usr/src/php/ext/mysqli -I/usr/local/include/php -I/usr/local/include/php/main -I/usr/local/include/php/TSRM -I/usr/local/include/php/Zend -I/usr/local/include/php/ext -I/usr/local/include/php/ext/date/lib  -fstack-protector-strong -fpic -fpie -O2 -D_LARGEFILE_SOURCE -D_FILE_OFFSET_BITS=64 -DHAVE_CONFIG_H  -fstack-protector-strong -fpic -fpie -O2 -D_LARGEFILE_SOURCE -D_FILE_OFFSET_BITS=64 -D_GNU_SOURCE  -Wl,-O1 -pie  -o mysqli.la -export-dynamic -avoid-version -prefer-pic -module -rpath /usr/src/php/ext/mysqli/modules  mysqli.lo mysqli_api.lo mysqli_prop.lo mysqli_nonapi.lo mysqli_report.lo mysqli_driver.lo mysqli_warning.lo mysqli_exception.lo mysqli_result_iterator.lo 
cc -shared  .libs/mysqli.o .libs/mysqli_api.o .libs/mysqli_prop.o .libs/mysqli_nonapi.o .libs/mysqli_report.o .libs/mysqli_driver.o .libs/mysqli_warning.o .libs/mysqli_exception.o .libs/mysqli_result_iterator.o   -Wl,-O1 -Wl,-soname -Wl,mysqli.so -o .libs/mysqli.so
creating mysqli.la
(cd .libs && rm -f mysqli.la && ln -s ../mysqli.la mysqli.la)
/bin/sh /usr/src/php/ext/mysqli/libtool --tag=CC --mode=install cp ./mysqli.la /usr/src/php/ext/mysqli/modules
cp ./.libs/mysqli.so /usr/src/php/ext/mysqli/modules/mysqli.so
cp ./.libs/mysqli.lai /usr/src/php/ext/mysqli/modules/mysqli.la
PATH="$PATH:/sbin" ldconfig -n /usr/src/php/ext/mysqli/modules
----------------------------------------------------------------------
Libraries have been installed in:
   /usr/src/php/ext/mysqli/modules

If you ever happen to want to link against installed libraries
in a given directory, LIBDIR, you must either use libtool, and
specify the full pathname of the library, or use the `-LLIBDIR'
flag during linking and do at least one of the following:
   - add LIBDIR to the `LD_LIBRARY_PATH' environment variable
     during execution
   - add LIBDIR to the `LD_RUN_PATH' environment variable
     during linking
   - use the `-Wl,--rpath -Wl,LIBDIR' linker flag

See any operating system documentation about shared libraries for
more information, such as the ld(1) and ld.so(8) manual pages.
----------------------------------------------------------------------

Build complete.
Don't forget to run 'make test'.

[91m+ strip --strip-all modules/mysqli.so
[0mInstalling shared extensions:     /usr/local/lib/php/extensions/no-debug-non-zts-20220829/
Installing header files:          /usr/local/include/php/
find . -name \*.gcno -o -name \*.gcda | xargs rm -f
find . -name \*.lo -o -name \*.o -o -name \*.dep | xargs rm -f
find . -name \*.la -o -name \*.a | xargs rm -f
find . -name \*.so | xargs rm -f
find . -name .libs -a -type d|xargs rm -rf
rm -f libphp.la      modules/* libs/*
rm -f ext/opcache/jit/zend_jit_x86.c
rm -f ext/opcache/jit/zend_jit_arm64.c
rm -f ext/opcache/minilua
Configuring for:
PHP Api Version:         20220829
Zend Module Api No:      20220829
Zend Extension Api No:   420220829
checking for grep that handles long lines and -e... /bin/grep
checking for egrep... /bin/grep -E
checking for a sed that does not truncate output... /bin/sed
checking for pkg-config... /usr/bin/pkg-config
checking pkg-config is at least version 0.9.0... yes
checking for cc... cc
checking whether the C compiler works... yes
checking for C compiler default output file name... a.out
checking for suffix of executables... 
checking whether we are cross compiling... no
checking for suffix of object files... o
checking whether the compiler supports GNU C... yes
checking whether cc accepts -g... yes
checking for cc option to enable C11 features... none needed
checking how to run the C preprocessor... cc -E
checking for egrep -e... (cached) /bin/grep -E
checking for icc... no
checking for suncc... no
checking for system library directory... lib
checking if compiler supports -Wl,-rpath,... yes
checking build system type... x86_64-pc-linux-musl
checking host system type... x86_64-pc-linux-musl
checking target system type... x86_64-pc-linux-musl
checking for PHP prefix... /usr/local
checking for PHP includes... -I/usr/local/include/php -I/usr/local/include/php/main -I/usr/local/include/php/TSRM -I/usr/local/include/php/Zend -I/usr/local/include/php/ext -I/usr/local/include/php/ext/date/lib
checking for PHP extension directory... /usr/local/lib/php/extensions/no-debug-non-zts-20220829
checking for PHP installed headers prefix... /usr/local/include/php
checking if debug is enabled... no
checking if zts is enabled... no
checking for gawk... no
checking for nawk... no
checking for awk... awk
checking if awk is broken... no
checking whether to enable Zend OPcache support... yes, shared
checking whether to enable copying PHP CODE pages into HUGE PAGES... yes
checking whether to enable JIT... yes
checking for capstone >= 3.0.0... no
checking for opagent in default path... not found
checking for mprotect... yes
checking for sysvipc shared memory support... yes
checking for mmap() using MAP_ANON shared memory support... yes
checking for shm_open in -lrt... yes
checking for mmap() using shm_open() shared memory support... checking for shm_unlink in -lrt... yes
yes
checking whether C compiler accepts -Wno-implicit-fallthrough... yes
checking for a sed that does not truncate output... /bin/sed
checking for ld used by cc... /usr/x86_64-alpine-linux-musl/bin/ld
checking if the linker (/usr/x86_64-alpine-linux-musl/bin/ld) is GNU ld... yes
checking for /usr/x86_64-alpine-linux-musl/bin/ld option to reload object files... -r
checking for BSD-compatible nm... /usr/bin/nm -B
checking whether ln -s works... yes
checking how to recognize dependent libraries... pass_all
checking for stdio.h... yes
checking for stdlib.h... yes
checking for string.h... yes
checking for inttypes.h... yes
checking for stdint.h... yes
checking for strings.h... yes
checking for sys/stat.h... yes
checking for sys/types.h... yes
checking for unistd.h... yes
checking for dlfcn.h... yes
checking the maximum length of command line arguments... 98304
checking command to parse /usr/bin/nm -B output from cc object... ok
checking for objdir... .libs
checking for ar... ar
checking for ranlib... ranlib
checking for strip... strip
checking if cc supports -fno-rtti -fno-exceptions... no
checking for cc option to produce PIC... -fPIC
checking if cc PIC flag -fPIC works... yes
checking if cc static flag -static works... yes
checking if cc supports -c -o file.o... yes
checking whether the cc linker (/usr/x86_64-alpine-linux-musl/bin/ld -m elf_x86_64) supports shared libraries... yes
checking whether -lc should be explicitly linked in... no
checking dynamic linker characteristics... GNU/Linux ld.so
checking how to hardcode library paths into programs... immediate
checking whether stripping libraries is possible... yes
checking if libtool supports shared libraries... yes
checking whether to build shared libraries... yes
checking whether to build static libraries... no

creating libtool
appending configuration tag "CXX" to libtool
configure: patching config.h.in
configure: creating ./config.status
config.status: creating config.h
/bin/sh /usr/src/php/ext/opcache/libtool --tag=CC --mode=compile cc -I. -I/usr/src/php/ext/opcache -I/usr/src/php/ext/opcache/include -I/usr/src/php/ext/opcache/main -I/usr/src/php/ext/opcache -I/usr/local/include/php -I/usr/local/include/php/main -I/usr/local/include/php/TSRM -I/usr/local/include/php/Zend -I/usr/local/include/php/ext -I/usr/local/include/php/ext/date/lib  -fstack-protector-strong -fpic -fpie -O2 -D_LARGEFILE_SOURCE -D_FILE_OFFSET_BITS=64 -DHAVE_CONFIG_H  -fstack-protector-strong -fpic -fpie -O2 -D_LARGEFILE_SOURCE -D_FILE_OFFSET_BITS=64 -D_GNU_SOURCE    -Wno-implicit-fallthrough -DZEND_ENABLE_STATIC_TSRMLS_CACHE=1 -DZEND_COMPILE_DL_EXT=1 -c /usr/src/php/ext/opcache/ZendAccelerator.c -o ZendAccelerator.lo  -MMD -MF ZendAccelerator.dep -MT ZendAccelerator.lo
mkdir .libs
 cc -I. -I/usr/src/php/ext/opcache -I/usr/src/php/ext/opcache/include -I/usr/src/php/ext/opcache/main -I/usr/src/php/ext/opcache -I/usr/local/include/php -I/usr/local/include/php/main -I/usr/local/include/php/TSRM -I/usr/local/include/php/Zend -I/usr/local/include/php/ext -I/usr/local/include/php/ext/date/lib -fstack-protector-strong -fpic -fpie -O2 -D_LARGEFILE_SOURCE -D_FILE_OFFSET_BITS=64 -DHAVE_CONFIG_H -fstack-protector-strong -fpic -fpie -O2 -D_LARGEFILE_SOURCE -D_FILE_OFFSET_BITS=64 -D_GNU_SOURCE -Wno-implicit-fallthrough -DZEND_ENABLE_STATIC_TSRMLS_CACHE=1 -DZEND_COMPILE_DL_EXT=1 -c /usr/src/php/ext/opcache/ZendAccelerator.c -MMD -MF ZendAccelerator.dep -MT ZendAccelerator.lo  -fPIC -DPIC -o .libs/ZendAccelerator.o
/bin/sh /usr/src/php/ext/opcache/libtool --tag=CC --mode=compile cc -I. -I/usr/src/php/ext/opcache -I/usr/src/php/ext/opcache/include -I/usr/src/php/ext/opcache/main -I/usr/src/php/ext/opcache -I/usr/local/include/php -I/usr/local/include/php/main -I/usr/local/include/php/TSRM -I/usr/local/include/php/Zend -I/usr/local/include/php/ext -I/usr/local/include/php/ext/date/lib  -fstack-protector-strong -fpic -fpie -O2 -D_LARGEFILE_SOURCE -D_FILE_OFFSET_BITS=64 -DHAVE_CONFIG_H  -fstack-protector-strong -fpic -fpie -O2 -D_LARGEFILE_SOURCE -D_FILE_OFFSET_BITS=64 -D_GNU_SOURCE    -Wno-implicit-fallthrough -DZEND_ENABLE_STATIC_TSRMLS_CACHE=1 -DZEND_COMPILE_DL_EXT=1 -c /usr/src/php/ext/opcache/zend_accelerator_blacklist.c -o zend_accelerator_blacklist.lo  -MMD -MF zend_accelerator_blacklist.dep -MT zend_accelerator_blacklist.lo
 cc -I. -I/usr/src/php/ext/opcache -I/usr/src/php/ext/opcache/include -I/usr/src/php/ext/opcache/main -I/usr/src/php/ext/opcache -I/usr/local/include/php -I/usr/local/include/php/main -I/usr/local/include/php/TSRM -I/usr/local/include/php/Zend -I/usr/local/include/php/ext -I/usr/local/include/php/ext/date/lib -fstack-protector-strong -fpic -fpie -O2 -D_LARGEFILE_SOURCE -D_FILE_OFFSET_BITS=64 -DHAVE_CONFIG_H -fstack-protector-strong -fpic -fpie -O2 -D_LARGEFILE_SOURCE -D_FILE_OFFSET_BITS=64 -D_GNU_SOURCE -Wno-implicit-fallthrough -DZEND_ENABLE_STATIC_TSRMLS_CACHE=1 -DZEND_COMPILE_DL_EXT=1 -c /usr/src/php/ext/opcache/zend_accelerator_blacklist.c -MMD -MF zend_accelerator_blacklist.dep -MT zend_accelerator_blacklist.lo  -fPIC -DPIC -o .libs/zend_accelerator_blacklist.o
/bin/sh /usr/src/php/ext/opcache/libtool --tag=CC --mode=compile cc -I. -I/usr/src/php/ext/opcache -I/usr/src/php/ext/opcache/include -I/usr/src/php/ext/opcache/main -I/usr/src/php/ext/opcache -I/usr/local/include/php -I/usr/local/include/php/main -I/usr/local/include/php/TSRM -I/usr/local/include/php/Zend -I/usr/local/include/php/ext -I/usr/local/include/php/ext/date/lib  -fstack-protector-strong -fpic -fpie -O2 -D_LARGEFILE_SOURCE -D_FILE_OFFSET_BITS=64 -DHAVE_CONFIG_H  -fstack-protector-strong -fpic -fpie -O2 -D_LARGEFILE_SOURCE -D_FILE_OFFSET_BITS=64 -D_GNU_SOURCE    -Wno-implicit-fallthrough -DZEND_ENABLE_STATIC_TSRMLS_CACHE=1 -DZEND_COMPILE_DL_EXT=1 -c /usr/src/php/ext/opcache/zend_accelerator_debug.c -o zend_accelerator_debug.lo  -MMD -MF zend_accelerator_debug.dep -MT zend_accelerator_debug.lo
 cc -I. -I/usr/src/php/ext/opcache -I/usr/src/php/ext/opcache/include -I/usr/src/php/ext/opcache/main -I/usr/src/php/ext/opcache -I/usr/local/include/php -I/usr/local/include/php/main -I/usr/local/include/php/TSRM -I/usr/local/include/php/Zend -I/usr/local/include/php/ext -I/usr/local/include/php/ext/date/lib -fstack-protector-strong -fpic -fpie -O2 -D_LARGEFILE_SOURCE -D_FILE_OFFSET_BITS=64 -DHAVE_CONFIG_H -fstack-protector-strong -fpic -fpie -O2 -D_LARGEFILE_SOURCE -D_FILE_OFFSET_BITS=64 -D_GNU_SOURCE -Wno-implicit-fallthrough -DZEND_ENABLE_STATIC_TSRMLS_CACHE=1 -DZEND_COMPILE_DL_EXT=1 -c /usr/src/php/ext/opcache/zend_accelerator_debug.c -MMD -MF zend_accelerator_debug.dep -MT zend_accelerator_debug.lo  -fPIC -DPIC -o .libs/zend_accelerator_debug.o
/bin/sh /usr/src/php/ext/opcache/libtool --tag=CC --mode=compile cc -I. -I/usr/src/php/ext/opcache -I/usr/src/php/ext/opcache/include -I/usr/src/php/ext/opcache/main -I/usr/src/php/ext/opcache -I/usr/local/include/php -I/usr/local/include/php/main -I/usr/local/include/php/TSRM -I/usr/local/include/php/Zend -I/usr/local/include/php/ext -I/usr/local/include/php/ext/date/lib  -fstack-protector-strong -fpic -fpie -O2 -D_LARGEFILE_SOURCE -D_FILE_OFFSET_BITS=64 -DHAVE_CONFIG_H  -fstack-protector-strong -fpic -fpie -O2 -D_LARGEFILE_SOURCE -D_FILE_OFFSET_BITS=64 -D_GNU_SOURCE    -Wno-implicit-fallthrough -DZEND_ENABLE_STATIC_TSRMLS_CACHE=1 -DZEND_COMPILE_DL_EXT=1 -c /usr/src/php/ext/opcache/zend_accelerator_hash.c -o zend_accelerator_hash.lo  -MMD -MF zend_accelerator_hash.dep -MT zend_accelerator_hash.lo
 cc -I. -I/usr/src/php/ext/opcache -I/usr/src/php/ext/opcache/include -I/usr/src/php/ext/opcache/main -I/usr/src/php/ext/opcache -I/usr/local/include/php -I/usr/local/include/php/main -I/usr/local/include/php/TSRM -I/usr/local/include/php/Zend -I/usr/local/include/php/ext -I/usr/local/include/php/ext/date/lib -fstack-protector-strong -fpic -fpie -O2 -D_LARGEFILE_SOURCE -D_FILE_OFFSET_BITS=64 -DHAVE_CONFIG_H -fstack-protector-strong -fpic -fpie -O2 -D_LARGEFILE_SOURCE -D_FILE_OFFSET_BITS=64 -D_GNU_SOURCE -Wno-implicit-fallthrough -DZEND_ENABLE_STATIC_TSRMLS_CACHE=1 -DZEND_COMPILE_DL_EXT=1 -c /usr/src/php/ext/opcache/zend_accelerator_hash.c -MMD -MF zend_accelerator_hash.dep -MT zend_accelerator_hash.lo  -fPIC -DPIC -o .libs/zend_accelerator_hash.o
/bin/sh /usr/src/php/ext/opcache/libtool --tag=CC --mode=compile cc -I. -I/usr/src/php/ext/opcache -I/usr/src/php/ext/opcache/include -I/usr/src/php/ext/opcache/main -I/usr/src/php/ext/opcache -I/usr/local/include/php -I/usr/local/include/php/main -I/usr/local/include/php/TSRM -I/usr/local/include/php/Zend -I/usr/local/include/php/ext -I/usr/local/include/php/ext/date/lib  -fstack-protector-strong -fpic -fpie -O2 -D_LARGEFILE_SOURCE -D_FILE_OFFSET_BITS=64 -DHAVE_CONFIG_H  -fstack-protector-strong -fpic -fpie -O2 -D_LARGEFILE_SOURCE -D_FILE_OFFSET_BITS=64 -D_GNU_SOURCE    -Wno-implicit-fallthrough -DZEND_ENABLE_STATIC_TSRMLS_CACHE=1 -DZEND_COMPILE_DL_EXT=1 -c /usr/src/php/ext/opcache/zend_accelerator_module.c -o zend_accelerator_module.lo  -MMD -MF zend_accelerator_module.dep -MT zend_accelerator_module.lo
 cc -I. -I/usr/src/php/ext/opcache -I/usr/src/php/ext/opcache/include -I/usr/src/php/ext/opcache/main -I/usr/src/php/ext/opcache -I/usr/local/include/php -I/usr/local/include/php/main -I/usr/local/include/php/TSRM -I/usr/local/include/php/Zend -I/usr/local/include/php/ext -I/usr/local/include/php/ext/date/lib -fstack-protector-strong -fpic -fpie -O2 -D_LARGEFILE_SOURCE -D_FILE_OFFSET_BITS=64 -DHAVE_CONFIG_H -fstack-protector-strong -fpic -fpie -O2 -D_LARGEFILE_SOURCE -D_FILE_OFFSET_BITS=64 -D_GNU_SOURCE -Wno-implicit-fallthrough -DZEND_ENABLE_STATIC_TSRMLS_CACHE=1 -DZEND_COMPILE_DL_EXT=1 -c /usr/src/php/ext/opcache/zend_accelerator_module.c -MMD -MF zend_accelerator_module.dep -MT zend_accelerator_module.lo  -fPIC -DPIC -o .libs/zend_accelerator_module.o
/bin/sh /usr/src/php/ext/opcache/libtool --tag=CC --mode=compile cc -I. -I/usr/src/php/ext/opcache -I/usr/src/php/ext/opcache/include -I/usr/src/php/ext/opcache/main -I/usr/src/php/ext/opcache -I/usr/local/include/php -I/usr/local/include/php/main -I/usr/local/include/php/TSRM -I/usr/local/include/php/Zend -I/usr/local/include/php/ext -I/usr/local/include/php/ext/date/lib  -fstack-protector-strong -fpic -fpie -O2 -D_LARGEFILE_SOURCE -D_FILE_OFFSET_BITS=64 -DHAVE_CONFIG_H  -fstack-protector-strong -fpic -fpie -O2 -D_LARGEFILE_SOURCE -D_FILE_OFFSET_BITS=64 -D_GNU_SOURCE    -Wno-implicit-fallthrough -DZEND_ENABLE_STATIC_TSRMLS_CACHE=1 -DZEND_COMPILE_DL_EXT=1 -c /usr/src/php/ext/opcache/zend_persist.c -o zend_persist.lo  -MMD -MF zend_persist.dep -MT zend_persist.lo
 cc -I. -I/usr/src/php/ext/opcache -I/usr/src/php/ext/opcache/include -I/usr/src/php/ext/opcache/main -I/usr/src/php/ext/opcache -I/usr/local/include/php -I/usr/local/include/php/main -I/usr/local/include/php/TSRM -I/usr/local/include/php/Zend -I/usr/local/include/php/ext -I/usr/local/include/php/ext/date/lib -fstack-protector-strong -fpic -fpie -O2 -D_LARGEFILE_SOURCE -D_FILE_OFFSET_BITS=64 -DHAVE_CONFIG_H -fstack-protector-strong -fpic -fpie -O2 -D_LARGEFILE_SOURCE -D_FILE_OFFSET_BITS=64 -D_GNU_SOURCE -Wno-implicit-fallthrough -DZEND_ENABLE_STATIC_TSRMLS_CACHE=1 -DZEND_COMPILE_DL_EXT=1 -c /usr/src/php/ext/opcache/zend_persist.c -MMD -MF zend_persist.dep -MT zend_persist.lo  -fPIC -DPIC -o .libs/zend_persist.o
/bin/sh /usr/src/php/ext/opcache/libtool --tag=CC --mode=compile cc -I. -I/usr/src/php/ext/opcache -I/usr/src/php/ext/opcache/include -I/usr/src/php/ext/opcache/main -I/usr/src/php/ext/opcache -I/usr/local/include/php -I/usr/local/include/php/main -I/usr/local/include/php/TSRM -I/usr/local/include/php/Zend -I/usr/local/include/php/ext -I/usr/local/include/php/ext/date/lib  -fstack-protector-strong -fpic -fpie -O2 -D_LARGEFILE_SOURCE -D_FILE_OFFSET_BITS=64 -DHAVE_CONFIG_H  -fstack-protector-strong -fpic -fpie -O2 -D_LARGEFILE_SOURCE -D_FILE_OFFSET_BITS=64 -D_GNU_SOURCE    -Wno-implicit-fallthrough -DZEND_ENABLE_STATIC_TSRMLS_CACHE=1 -DZEND_COMPILE_DL_EXT=1 -c /usr/src/php/ext/opcache/zend_persist_calc.c -o zend_persist_calc.lo  -MMD -MF zend_persist_calc.dep -MT zend_persist_calc.lo
 cc -I. -I/usr/src/php/ext/opcache -I/usr/src/php/ext/opcache/include -I/usr/src/php/ext/opcache/main -I/usr/src/php/ext/opcache -I/usr/local/include/php -I/usr/local/include/php/main -I/usr/local/include/php/TSRM -I/usr/local/include/php/Zend -I/usr/local/include/php/ext -I/usr/local/include/php/ext/date/lib -fstack-protector-strong -fpic -fpie -O2 -D_LARGEFILE_SOURCE -D_FILE_OFFSET_BITS=64 -DHAVE_CONFIG_H -fstack-protector-strong -fpic -fpie -O2 -D_LARGEFILE_SOURCE -D_FILE_OFFSET_BITS=64 -D_GNU_SOURCE -Wno-implicit-fallthrough -DZEND_ENABLE_STATIC_TSRMLS_CACHE=1 -DZEND_COMPILE_DL_EXT=1 -c /usr/src/php/ext/opcache/zend_persist_calc.c -MMD -MF zend_persist_calc.dep -MT zend_persist_calc.lo  -fPIC -DPIC -o .libs/zend_persist_calc.o
/bin/sh /usr/src/php/ext/opcache/libtool --tag=CC --mode=compile cc -I. -I/usr/src/php/ext/opcache -I/usr/src/php/ext/opcache/include -I/usr/src/php/ext/opcache/main -I/usr/src/php/ext/opcache -I/usr/local/include/php -I/usr/local/include/php/main -I/usr/local/include/php/TSRM -I/usr/local/include/php/Zend -I/usr/local/include/php/ext -I/usr/local/include/php/ext/date/lib  -fstack-protector-strong -fpic -fpie -O2 -D_LARGEFILE_SOURCE -D_FILE_OFFSET_BITS=64 -DHAVE_CONFIG_H  -fstack-protector-strong -fpic -fpie -O2 -D_LARGEFILE_SOURCE -D_FILE_OFFSET_BITS=64 -D_GNU_SOURCE    -Wno-implicit-fallthrough -DZEND_ENABLE_STATIC_TSRMLS_CACHE=1 -DZEND_COMPILE_DL_EXT=1 -c /usr/src/php/ext/opcache/zend_file_cache.c -o zend_file_cache.lo  -MMD -MF zend_file_cache.dep -MT zend_file_cache.lo
 cc -I. -I/usr/src/php/ext/opcache -I/usr/src/php/ext/opcache/include -I/usr/src/php/ext/opcache/main -I/usr/src/php/ext/opcache -I/usr/local/include/php -I/usr/local/include/php/main -I/usr/local/include/php/TSRM -I/usr/local/include/php/Zend -I/usr/local/include/php/ext -I/usr/local/include/php/ext/date/lib -fstack-protector-strong -fpic -fpie -O2 -D_LARGEFILE_SOURCE -D_FILE_OFFSET_BITS=64 -DHAVE_CONFIG_H -fstack-protector-strong -fpic -fpie -O2 -D_LARGEFILE_SOURCE -D_FILE_OFFSET_BITS=64 -D_GNU_SOURCE -Wno-implicit-fallthrough -DZEND_ENABLE_STATIC_TSRMLS_CACHE=1 -DZEND_COMPILE_DL_EXT=1 -c /usr/src/php/ext/opcache/zend_file_cache.c -MMD -MF zend_file_cache.dep -MT zend_file_cache.lo  -fPIC -DPIC -o .libs/zend_file_cache.o
/bin/sh /usr/src/php/ext/opcache/libtool --tag=CC --mode=compile cc -I. -I/usr/src/php/ext/opcache -I/usr/src/php/ext/opcache/include -I/usr/src/php/ext/opcache/main -I/usr/src/php/ext/opcache -I/usr/local/include/php -I/usr/local/include/php/main -I/usr/local/include/php/TSRM -I/usr/local/include/php/Zend -I/usr/local/include/php/ext -I/usr/local/include/php/ext/date/lib  -fstack-protector-strong -fpic -fpie -O2 -D_LARGEFILE_SOURCE -D_FILE_OFFSET_BITS=64 -DHAVE_CONFIG_H  -fstack-protector-strong -fpic -fpie -O2 -D_LARGEFILE_SOURCE -D_FILE_OFFSET_BITS=64 -D_GNU_SOURCE    -Wno-implicit-fallthrough -DZEND_ENABLE_STATIC_TSRMLS_CACHE=1 -DZEND_COMPILE_DL_EXT=1 -c /usr/src/php/ext/opcache/zend_shared_alloc.c -o zend_shared_alloc.lo  -MMD -MF zend_shared_alloc.dep -MT zend_shared_alloc.lo
 cc -I. -I/usr/src/php/ext/opcache -I/usr/src/php/ext/opcache/include -I/usr/src/php/ext/opcache/main -I/usr/src/php/ext/opcache -I/usr/local/include/php -I/usr/local/include/php/main -I/usr/local/include/php/TSRM -I/usr/local/include/php/Zend -I/usr/local/include/php/ext -I/usr/local/include/php/ext/date/lib -fstack-protector-strong -fpic -fpie -O2 -D_LARGEFILE_SOURCE -D_FILE_OFFSET_BITS=64 -DHAVE_CONFIG_H -fstack-protector-strong -fpic -fpie -O2 -D_LARGEFILE_SOURCE -D_FILE_OFFSET_BITS=64 -D_GNU_SOURCE -Wno-implicit-fallthrough -DZEND_ENABLE_STATIC_TSRMLS_CACHE=1 -DZEND_COMPILE_DL_EXT=1 -c /usr/src/php/ext/opcache/zend_shared_alloc.c -MMD -MF zend_shared_alloc.dep -MT zend_shared_alloc.lo  -fPIC -DPIC -o .libs/zend_shared_alloc.o
/bin/sh /usr/src/php/ext/opcache/libtool --tag=CC --mode=compile cc -I. -I/usr/src/php/ext/opcache -I/usr/src/php/ext/opcache/include -I/usr/src/php/ext/opcache/main -I/usr/src/php/ext/opcache -I/usr/local/include/php -I/usr/local/include/php/main -I/usr/local/include/php/TSRM -I/usr/local/include/php/Zend -I/usr/local/include/php/ext -I/usr/local/include/php/ext/date/lib  -fstack-protector-strong -fpic -fpie -O2 -D_LARGEFILE_SOURCE -D_FILE_OFFSET_BITS=64 -DHAVE_CONFIG_H  -fstack-protector-strong -fpic -fpie -O2 -D_LARGEFILE_SOURCE -D_FILE_OFFSET_BITS=64 -D_GNU_SOURCE    -Wno-implicit-fallthrough -DZEND_ENABLE_STATIC_TSRMLS_CACHE=1 -DZEND_COMPILE_DL_EXT=1 -c /usr/src/php/ext/opcache/zend_accelerator_util_funcs.c -o zend_accelerator_util_funcs.lo  -MMD -MF zend_accelerator_util_funcs.dep -MT zend_accelerator_util_funcs.lo
 cc -I. -I/usr/src/php/ext/opcache -I/usr/src/php/ext/opcache/include -I/usr/src/php/ext/opcache/main -I/usr/src/php/ext/opcache -I/usr/local/include/php -I/usr/local/include/php/main -I/usr/local/include/php/TSRM -I/usr/local/include/php/Zend -I/usr/local/include/php/ext -I/usr/local/include/php/ext/date/lib -fstack-protector-strong -fpic -fpie -O2 -D_LARGEFILE_SOURCE -D_FILE_OFFSET_BITS=64 -DHAVE_CONFIG_H -fstack-protector-strong -fpic -fpie -O2 -D_LARGEFILE_SOURCE -D_FILE_OFFSET_BITS=64 -D_GNU_SOURCE -Wno-implicit-fallthrough -DZEND_ENABLE_STATIC_TSRMLS_CACHE=1 -DZEND_COMPILE_DL_EXT=1 -c /usr/src/php/ext/opcache/zend_accelerator_util_funcs.c -MMD -MF zend_accelerator_util_funcs.dep -MT zend_accelerator_util_funcs.lo  -fPIC -DPIC -o .libs/zend_accelerator_util_funcs.o
/bin/sh /usr/src/php/ext/opcache/libtool --tag=CC --mode=compile cc -I. -I/usr/src/php/ext/opcache -I/usr/src/php/ext/opcache/include -I/usr/src/php/ext/opcache/main -I/usr/src/php/ext/opcache -I/usr/local/include/php -I/usr/local/include/php/main -I/usr/local/include/php/TSRM -I/usr/local/include/php/Zend -I/usr/local/include/php/ext -I/usr/local/include/php/ext/date/lib  -fstack-protector-strong -fpic -fpie -O2 -D_LARGEFILE_SOURCE -D_FILE_OFFSET_BITS=64 -DHAVE_CONFIG_H  -fstack-protector-strong -fpic -fpie -O2 -D_LARGEFILE_SOURCE -D_FILE_OFFSET_BITS=64 -D_GNU_SOURCE    -Wno-implicit-fallthrough -DZEND_ENABLE_STATIC_TSRMLS_CACHE=1 -DZEND_COMPILE_DL_EXT=1 -c /usr/src/php/ext/opcache/shared_alloc_shm.c -o shared_alloc_shm.lo  -MMD -MF shared_alloc_shm.dep -MT shared_alloc_shm.lo
 cc -I. -I/usr/src/php/ext/opcache -I/usr/src/php/ext/opcache/include -I/usr/src/php/ext/opcache/main -I/usr/src/php/ext/opcache -I/usr/local/include/php -I/usr/local/include/php/main -I/usr/local/include/php/TSRM -I/usr/local/include/php/Zend -I/usr/local/include/php/ext -I/usr/local/include/php/ext/date/lib -fstack-protector-strong -fpic -fpie -O2 -D_LARGEFILE_SOURCE -D_FILE_OFFSET_BITS=64 -DHAVE_CONFIG_H -fstack-protector-strong -fpic -fpie -O2 -D_LARGEFILE_SOURCE -D_FILE_OFFSET_BITS=64 -D_GNU_SOURCE -Wno-implicit-fallthrough -DZEND_ENABLE_STATIC_TSRMLS_CACHE=1 -DZEND_COMPILE_DL_EXT=1 -c /usr/src/php/ext/opcache/shared_alloc_shm.c -MMD -MF shared_alloc_shm.dep -MT shared_alloc_shm.lo  -fPIC -DPIC -o .libs/shared_alloc_shm.o
/bin/sh /usr/src/php/ext/opcache/libtool --tag=CC --mode=compile cc -I. -I/usr/src/php/ext/opcache -I/usr/src/php/ext/opcache/include -I/usr/src/php/ext/opcache/main -I/usr/src/php/ext/opcache -I/usr/local/include/php -I/usr/local/include/php/main -I/usr/local/include/php/TSRM -I/usr/local/include/php/Zend -I/usr/local/include/php/ext -I/usr/local/include/php/ext/date/lib  -fstack-protector-strong -fpic -fpie -O2 -D_LARGEFILE_SOURCE -D_FILE_OFFSET_BITS=64 -DHAVE_CONFIG_H  -fstack-protector-strong -fpic -fpie -O2 -D_LARGEFILE_SOURCE -D_FILE_OFFSET_BITS=64 -D_GNU_SOURCE    -Wno-implicit-fallthrough -DZEND_ENABLE_STATIC_TSRMLS_CACHE=1 -DZEND_COMPILE_DL_EXT=1 -c /usr/src/php/ext/opcache/shared_alloc_mmap.c -o shared_alloc_mmap.lo  -MMD -MF shared_alloc_mmap.dep -MT shared_alloc_mmap.lo
 cc -I. -I/usr/src/php/ext/opcache -I/usr/src/php/ext/opcache/include -I/usr/src/php/ext/opcache/main -I/usr/src/php/ext/opcache -I/usr/local/include/php -I/usr/local/include/php/main -I/usr/local/include/php/TSRM -I/usr/local/include/php/Zend -I/usr/local/include/php/ext -I/usr/local/include/php/ext/date/lib -fstack-protector-strong -fpic -fpie -O2 -D_LARGEFILE_SOURCE -D_FILE_OFFSET_BITS=64 -DHAVE_CONFIG_H -fstack-protector-strong -fpic -fpie -O2 -D_LARGEFILE_SOURCE -D_FILE_OFFSET_BITS=64 -D_GNU_SOURCE -Wno-implicit-fallthrough -DZEND_ENABLE_STATIC_TSRMLS_CACHE=1 -DZEND_COMPILE_DL_EXT=1 -c /usr/src/php/ext/opcache/shared_alloc_mmap.c -MMD -MF shared_alloc_mmap.dep -MT shared_alloc_mmap.lo  -fPIC -DPIC -o .libs/shared_alloc_mmap.o
/bin/sh /usr/src/php/ext/opcache/libtool --tag=CC --mode=compile cc -I. -I/usr/src/php/ext/opcache -I/usr/src/php/ext/opcache/include -I/usr/src/php/ext/opcache/main -I/usr/src/php/ext/opcache -I/usr/local/include/php -I/usr/local/include/php/main -I/usr/local/include/php/TSRM -I/usr/local/include/php/Zend -I/usr/local/include/php/ext -I/usr/local/include/php/ext/date/lib  -fstack-protector-strong -fpic -fpie -O2 -D_LARGEFILE_SOURCE -D_FILE_OFFSET_BITS=64 -DHAVE_CONFIG_H  -fstack-protector-strong -fpic -fpie -O2 -D_LARGEFILE_SOURCE -D_FILE_OFFSET_BITS=64 -D_GNU_SOURCE    -Wno-implicit-fallthrough -DZEND_ENABLE_STATIC_TSRMLS_CACHE=1 -DZEND_COMPILE_DL_EXT=1 -c /usr/src/php/ext/opcache/shared_alloc_posix.c -o shared_alloc_posix.lo  -MMD -MF shared_alloc_posix.dep -MT shared_alloc_posix.lo
 cc -I. -I/usr/src/php/ext/opcache -I/usr/src/php/ext/opcache/include -I/usr/src/php/ext/opcache/main -I/usr/src/php/ext/opcache -I/usr/local/include/php -I/usr/local/include/php/main -I/usr/local/include/php/TSRM -I/usr/local/include/php/Zend -I/usr/local/include/php/ext -I/usr/local/include/php/ext/date/lib -fstack-protector-strong -fpic -fpie -O2 -D_LARGEFILE_SOURCE -D_FILE_OFFSET_BITS=64 -DHAVE_CONFIG_H -fstack-protector-strong -fpic -fpie -O2 -D_LARGEFILE_SOURCE -D_FILE_OFFSET_BITS=64 -D_GNU_SOURCE -Wno-implicit-fallthrough -DZEND_ENABLE_STATIC_TSRMLS_CACHE=1 -DZEND_COMPILE_DL_EXT=1 -c /usr/src/php/ext/opcache/shared_alloc_posix.c -MMD -MF shared_alloc_posix.dep -MT shared_alloc_posix.lo  -fPIC -DPIC -o .libs/shared_alloc_posix.o
cc /usr/src/php/ext/opcache/jit/dynasm/minilua.c -lm -o minilua
./minilua /usr/src/php/ext/opcache/jit/dynasm/dynasm.lua  -D X64=1 -o jit/zend_jit_x86.c /usr/src/php/ext/opcache/jit/zend_jit_x86.dasc
/bin/sh /usr/src/php/ext/opcache/libtool --tag=CC --mode=compile cc -I. -I/usr/src/php/ext/opcache -I/usr/src/php/ext/opcache/include -I/usr/src/php/ext/opcache/main -I/usr/src/php/ext/opcache -I/usr/local/include/php -I/usr/local/include/php/main -I/usr/local/include/php/TSRM -I/usr/local/include/php/Zend -I/usr/local/include/php/ext -I/usr/local/include/php/ext/date/lib  -fstack-protector-strong -fpic -fpie -O2 -D_LARGEFILE_SOURCE -D_FILE_OFFSET_BITS=64 -DHAVE_CONFIG_H  -fstack-protector-strong -fpic -fpie -O2 -D_LARGEFILE_SOURCE -D_FILE_OFFSET_BITS=64 -D_GNU_SOURCE    -Wno-implicit-fallthrough -DZEND_ENABLE_STATIC_TSRMLS_CACHE=1 -DZEND_COMPILE_DL_EXT=1 -c /usr/src/php/ext/opcache/jit/zend_jit.c -o jit/zend_jit.lo  -MMD -MF jit/zend_jit.dep -MT jit/zend_jit.lo
[91mmake: Circular jit/zend_jit.lo <- jit/zend_jit.lo dependency dropped.
[0mmkdir jit/.libs
 cc -I. -I/usr/src/php/ext/opcache -I/usr/src/php/ext/opcache/include -I/usr/src/php/ext/opcache/main -I/usr/src/php/ext/opcache -I/usr/local/include/php -I/usr/local/include/php/main -I/usr/local/include/php/TSRM -I/usr/local/include/php/Zend -I/usr/local/include/php/ext -I/usr/local/include/php/ext/date/lib -fstack-protector-strong -fpic -fpie -O2 -D_LARGEFILE_SOURCE -D_FILE_OFFSET_BITS=64 -DHAVE_CONFIG_H -fstack-protector-strong -fpic -fpie -O2 -D_LARGEFILE_SOURCE -D_FILE_OFFSET_BITS=64 -D_GNU_SOURCE -Wno-implicit-fallthrough -DZEND_ENABLE_STATIC_TSRMLS_CACHE=1 -DZEND_COMPILE_DL_EXT=1 -c /usr/src/php/ext/opcache/jit/zend_jit.c -MMD -MF jit/zend_jit.dep -MT jit/zend_jit.lo  -fPIC -DPIC -o jit/.libs/zend_jit.o
/bin/sh /usr/src/php/ext/opcache/libtool --tag=CC --mode=compile cc -I. -I/usr/src/php/ext/opcache -I/usr/src/php/ext/opcache/include -I/usr/src/php/ext/opcache/main -I/usr/src/php/ext/opcache -I/usr/local/include/php -I/usr/local/include/php/main -I/usr/local/include/php/TSRM -I/usr/local/include/php/Zend -I/usr/local/include/php/ext -I/usr/local/include/php/ext/date/lib  -fstack-protector-strong -fpic -fpie -O2 -D_LARGEFILE_SOURCE -D_FILE_OFFSET_BITS=64 -DHAVE_CONFIG_H  -fstack-protector-strong -fpic -fpie -O2 -D_LARGEFILE_SOURCE -D_FILE_OFFSET_BITS=64 -D_GNU_SOURCE    -Wno-implicit-fallthrough -DZEND_ENABLE_STATIC_TSRMLS_CACHE=1 -DZEND_COMPILE_DL_EXT=1 -c /usr/src/php/ext/opcache/jit/zend_jit_gdb.c -o jit/zend_jit_gdb.lo  -MMD -MF jit/zend_jit_gdb.dep -MT jit/zend_jit_gdb.lo
 cc -I. -I/usr/src/php/ext/opcache -I/usr/src/php/ext/opcache/include -I/usr/src/php/ext/opcache/main -I/usr/src/php/ext/opcache -I/usr/local/include/php -I/usr/local/include/php/main -I/usr/local/include/php/TSRM -I/usr/local/include/php/Zend -I/usr/local/include/php/ext -I/usr/local/include/php/ext/date/lib -fstack-protector-strong -fpic -fpie -O2 -D_LARGEFILE_SOURCE -D_FILE_OFFSET_BITS=64 -DHAVE_CONFIG_H -fstack-protector-strong -fpic -fpie -O2 -D_LARGEFILE_SOURCE -D_FILE_OFFSET_BITS=64 -D_GNU_SOURCE -Wno-implicit-fallthrough -DZEND_ENABLE_STATIC_TSRMLS_CACHE=1 -DZEND_COMPILE_DL_EXT=1 -c /usr/src/php/ext/opcache/jit/zend_jit_gdb.c -MMD -MF jit/zend_jit_gdb.dep -MT jit/zend_jit_gdb.lo  -fPIC -DPIC -o jit/.libs/zend_jit_gdb.o
/bin/sh /usr/src/php/ext/opcache/libtool --tag=CC --mode=compile cc -I. -I/usr/src/php/ext/opcache -I/usr/src/php/ext/opcache/include -I/usr/src/php/ext/opcache/main -I/usr/src/php/ext/opcache -I/usr/local/include/php -I/usr/local/include/php/main -I/usr/local/include/php/TSRM -I/usr/local/include/php/Zend -I/usr/local/include/php/ext -I/usr/local/include/php/ext/date/lib  -fstack-protector-strong -fpic -fpie -O2 -D_LARGEFILE_SOURCE -D_FILE_OFFSET_BITS=64 -DHAVE_CONFIG_H  -fstack-protector-strong -fpic -fpie -O2 -D_LARGEFILE_SOURCE -D_FILE_OFFSET_BITS=64 -D_GNU_SOURCE    -Wno-implicit-fallthrough -DZEND_ENABLE_STATIC_TSRMLS_CACHE=1 -DZEND_COMPILE_DL_EXT=1 -c /usr/src/php/ext/opcache/jit/zend_jit_vm_helpers.c -o jit/zend_jit_vm_helpers.lo  -MMD -MF jit/zend_jit_vm_helpers.dep -MT jit/zend_jit_vm_helpers.lo
 cc -I. -I/usr/src/php/ext/opcache -I/usr/src/php/ext/opcache/include -I/usr/src/php/ext/opcache/main -I/usr/src/php/ext/opcache -I/usr/local/include/php -I/usr/local/include/php/main -I/usr/local/include/php/TSRM -I/usr/local/include/php/Zend -I/usr/local/include/php/ext -I/usr/local/include/php/ext/date/lib -fstack-protector-strong -fpic -fpie -O2 -D_LARGEFILE_SOURCE -D_FILE_OFFSET_BITS=64 -DHAVE_CONFIG_H -fstack-protector-strong -fpic -fpie -O2 -D_LARGEFILE_SOURCE -D_FILE_OFFSET_BITS=64 -D_GNU_SOURCE -Wno-implicit-fallthrough -DZEND_ENABLE_STATIC_TSRMLS_CACHE=1 -DZEND_COMPILE_DL_EXT=1 -c /usr/src/php/ext/opcache/jit/zend_jit_vm_helpers.c -MMD -MF jit/zend_jit_vm_helpers.dep -MT jit/zend_jit_vm_helpers.lo  -fPIC -DPIC -o jit/.libs/zend_jit_vm_helpers.o
/bin/sh /usr/src/php/ext/opcache/libtool --tag=CC --mode=link cc -shared -I/usr/src/php/ext/opcache/include -I/usr/src/php/ext/opcache/main -I/usr/src/php/ext/opcache -I/usr/local/include/php -I/usr/local/include/php/main -I/usr/local/include/php/TSRM -I/usr/local/include/php/Zend -I/usr/local/include/php/ext -I/usr/local/include/php/ext/date/lib  -fstack-protector-strong -fpic -fpie -O2 -D_LARGEFILE_SOURCE -D_FILE_OFFSET_BITS=64 -DHAVE_CONFIG_H  -fstack-protector-strong -fpic -fpie -O2 -D_LARGEFILE_SOURCE -D_FILE_OFFSET_BITS=64 -D_GNU_SOURCE  -Wl,-O1 -pie  -o opcache.la -export-dynamic -avoid-version -prefer-pic -module -rpath /usr/src/php/ext/opcache/modules  ZendAccelerator.lo zend_accelerator_blacklist.lo zend_accelerator_debug.lo zend_accelerator_hash.lo zend_accelerator_module.lo zend_persist.lo zend_persist_calc.lo zend_file_cache.lo zend_shared_alloc.lo zend_accelerator_util_funcs.lo shared_alloc_shm.lo shared_alloc_mmap.lo shared_alloc_posix.lo jit/zend_jit.lo jit/zend_jit_gdb.lo jit/zend_jit_vm_helpers.lo -lrt
cc -shared  .libs/ZendAccelerator.o .libs/zend_accelerator_blacklist.o .libs/zend_accelerator_debug.o .libs/zend_accelerator_hash.o .libs/zend_accelerator_module.o .libs/zend_persist.o .libs/zend_persist_calc.o .libs/zend_file_cache.o .libs/zend_shared_alloc.o .libs/zend_accelerator_util_funcs.o .libs/shared_alloc_shm.o .libs/shared_alloc_mmap.o .libs/shared_alloc_posix.o jit/.libs/zend_jit.o jit/.libs/zend_jit_gdb.o jit/.libs/zend_jit_vm_helpers.o  -lrt  -Wl,-O1 -Wl,-soname -Wl,opcache.so -o .libs/opcache.so
creating opcache.la
(cd .libs && rm -f opcache.la && ln -s ../opcache.la opcache.la)
/bin/sh /usr/src/php/ext/opcache/libtool --tag=CC --mode=install cp ./opcache.la /usr/src/php/ext/opcache/modules
cp ./.libs/opcache.so /usr/src/php/ext/opcache/modules/opcache.so
cp ./.libs/opcache.lai /usr/src/php/ext/opcache/modules/opcache.la
PATH="$PATH:/sbin" ldconfig -n /usr/src/php/ext/opcache/modules
----------------------------------------------------------------------
Libraries have been installed in:
   /usr/src/php/ext/opcache/modules

If you ever happen to want to link against installed libraries
in a given directory, LIBDIR, you must either use libtool, and
specify the full pathname of the library, or use the `-LLIBDIR'
flag during linking and do at least one of the following:
   - add LIBDIR to the `LD_LIBRARY_PATH' environment variable
     during execution
   - add LIBDIR to the `LD_RUN_PATH' environment variable
     during linking
   - use the `-Wl,--rpath -Wl,LIBDIR' linker flag

See any operating system documentation about shared libraries for
more information, such as the ld(1) and ld.so(8) manual pages.
----------------------------------------------------------------------

Build complete.
Don't forget to run 'make test'.

[91m+ strip --strip-all modules/opcache.so
[0m[91mmake: Circular jit/zend_jit.lo <- jit/zend_jit.lo dependency dropped.
[0mInstalling shared extensions:     /usr/local/lib/php/extensions/no-debug-non-zts-20220829/
find . -name \*.gcno -o -name \*.gcda | xargs rm -f
find . -name \*.lo -o -name \*.o -o -name \*.dep | xargs rm -f
find . -name \*.la -o -name \*.a | xargs rm -f
find . -name \*.so | xargs rm -f
find . -name .libs -a -type d|xargs rm -rf
rm -f libphp.la      modules/* libs/*
rm -f ext/opcache/jit/zend_jit_x86.c
rm -f ext/opcache/jit/zend_jit_arm64.c
rm -f ext/opcache/minilua
Configuring for:
PHP Api Version:         20220829
Zend Module Api No:      20220829
Zend Extension Api No:   420220829
checking for grep that handles long lines and -e... /bin/grep
checking for egrep... /bin/grep -E
checking for a sed that does not truncate output... /bin/sed
checking for pkg-config... /usr/bin/pkg-config
checking pkg-config is at least version 0.9.0... yes
checking for cc... cc
checking whether the C compiler works... yes
checking for C compiler default output file name... a.out
checking for suffix of executables... 
checking whether we are cross compiling... no
checking for suffix of object files... o
checking whether the compiler supports GNU C... yes
checking whether cc accepts -g... yes
checking for cc option to enable C11 features... none needed
checking how to run the C preprocessor... cc -E
checking for egrep -e... (cached) /bin/grep -E
checking for icc... no
checking for suncc... no
checking for system library directory... lib
checking if compiler supports -Wl,-rpath,... yes
checking build system type... x86_64-pc-linux-musl
checking host system type... x86_64-pc-linux-musl
checking target system type... x86_64-pc-linux-musl
checking for PHP prefix... /usr/local
checking for PHP includes... -I/usr/local/include/php -I/usr/local/include/php/main -I/usr/local/include/php/TSRM -I/usr/local/include/php/Zend -I/usr/local/include/php/ext -I/usr/local/include/php/ext/date/lib
checking for PHP extension directory... /usr/local/lib/php/extensions/no-debug-non-zts-20220829
checking for PHP installed headers prefix... /usr/local/include/php
checking if debug is enabled... no
checking if zts is enabled... no
checking for gawk... no
checking for nawk... no
checking for awk... awk
checking if awk is broken... no
checking whether to enable pcntl support... yes, shared
checking for fork... yes
checking for waitpid... yes
checking for sigaction... yes
checking for getpriority... yes
checking for setpriority... yes
checking for wait3... yes
checking for wait4... yes
checking for sigwaitinfo... yes
checking for sigtimedwait... yes
checking for unshare... yes
checking for rfork... no
checking for forkx... no
checking for siginfo_t... yes
checking for a sed that does not truncate output... /bin/sed
checking for ld used by cc... /usr/x86_64-alpine-linux-musl/bin/ld
checking if the linker (/usr/x86_64-alpine-linux-musl/bin/ld) is GNU ld... yes
checking for /usr/x86_64-alpine-linux-musl/bin/ld option to reload object files... -r
checking for BSD-compatible nm... /usr/bin/nm -B
checking whether ln -s works... yes
checking how to recognize dependent libraries... pass_all
checking for stdio.h... yes
checking for stdlib.h... yes
checking for string.h... yes
checking for inttypes.h... yes
checking for stdint.h... yes
checking for strings.h... yes
checking for sys/stat.h... yes
checking for sys/types.h... yes
checking for unistd.h... yes
checking for dlfcn.h... yes
checking the maximum length of command line arguments... 98304
checking command to parse /usr/bin/nm -B output from cc object... ok
checking for objdir... .libs
checking for ar... ar
checking for ranlib... ranlib
checking for strip... strip
checking if cc supports -fno-rtti -fno-exceptions... no
checking for cc option to produce PIC... -fPIC
checking if cc PIC flag -fPIC works... yes
checking if cc static flag -static works... yes
checking if cc supports -c -o file.o... yes
checking whether the cc linker (/usr/x86_64-alpine-linux-musl/bin/ld -m elf_x86_64) supports shared libraries... yes
checking whether -lc should be explicitly linked in... no
checking dynamic linker characteristics... GNU/Linux ld.so
checking how to hardcode library paths into programs... immediate
checking whether stripping libraries is possible... yes
checking if libtool supports shared libraries... yes
checking whether to build shared libraries... yes
checking whether to build static libraries... no

creating libtool
appending configuration tag "CXX" to libtool
configure: patching config.h.in
configure: creating ./config.status
config.status: creating config.h
/bin/sh /usr/src/php/ext/pcntl/libtool --tag=CC --mode=compile cc -I. -I/usr/src/php/ext/pcntl -I/usr/src/php/ext/pcntl/include -I/usr/src/php/ext/pcntl/main -I/usr/src/php/ext/pcntl -I/usr/local/include/php -I/usr/local/include/php/main -I/usr/local/include/php/TSRM -I/usr/local/include/php/Zend -I/usr/local/include/php/ext -I/usr/local/include/php/ext/date/lib  -fstack-protector-strong -fpic -fpie -O2 -D_LARGEFILE_SOURCE -D_FILE_OFFSET_BITS=64 -DHAVE_CONFIG_H  -fstack-protector-strong -fpic -fpie -O2 -D_LARGEFILE_SOURCE -D_FILE_OFFSET_BITS=64 -D_GNU_SOURCE   -DHAVE_STRUCT_SIGINFO_T -DZEND_ENABLE_STATIC_TSRMLS_CACHE=1 -DZEND_COMPILE_DL_EXT=1 -c /usr/src/php/ext/pcntl/pcntl.c -o pcntl.lo  -MMD -MF pcntl.dep -MT pcntl.lo
mkdir .libs
 cc -I. -I/usr/src/php/ext/pcntl -I/usr/src/php/ext/pcntl/include -I/usr/src/php/ext/pcntl/main -I/usr/src/php/ext/pcntl -I/usr/local/include/php -I/usr/local/include/php/main -I/usr/local/include/php/TSRM -I/usr/local/include/php/Zend -I/usr/local/include/php/ext -I/usr/local/include/php/ext/date/lib -fstack-protector-strong -fpic -fpie -O2 -D_LARGEFILE_SOURCE -D_FILE_OFFSET_BITS=64 -DHAVE_CONFIG_H -fstack-protector-strong -fpic -fpie -O2 -D_LARGEFILE_SOURCE -D_FILE_OFFSET_BITS=64 -D_GNU_SOURCE -DHAVE_STRUCT_SIGINFO_T -DZEND_ENABLE_STATIC_TSRMLS_CACHE=1 -DZEND_COMPILE_DL_EXT=1 -c /usr/src/php/ext/pcntl/pcntl.c -MMD -MF pcntl.dep -MT pcntl.lo  -fPIC -DPIC -o .libs/pcntl.o
/bin/sh /usr/src/php/ext/pcntl/libtool --tag=CC --mode=compile cc -I. -I/usr/src/php/ext/pcntl -I/usr/src/php/ext/pcntl/include -I/usr/src/php/ext/pcntl/main -I/usr/src/php/ext/pcntl -I/usr/local/include/php -I/usr/local/include/php/main -I/usr/local/include/php/TSRM -I/usr/local/include/php/Zend -I/usr/local/include/php/ext -I/usr/local/include/php/ext/date/lib  -fstack-protector-strong -fpic -fpie -O2 -D_LARGEFILE_SOURCE -D_FILE_OFFSET_BITS=64 -DHAVE_CONFIG_H  -fstack-protector-strong -fpic -fpie -O2 -D_LARGEFILE_SOURCE -D_FILE_OFFSET_BITS=64 -D_GNU_SOURCE   -DHAVE_STRUCT_SIGINFO_T -DZEND_ENABLE_STATIC_TSRMLS_CACHE=1 -DZEND_COMPILE_DL_EXT=1 -c /usr/src/php/ext/pcntl/php_signal.c -o php_signal.lo  -MMD -MF php_signal.dep -MT php_signal.lo
 cc -I. -I/usr/src/php/ext/pcntl -I/usr/src/php/ext/pcntl/include -I/usr/src/php/ext/pcntl/main -I/usr/src/php/ext/pcntl -I/usr/local/include/php -I/usr/local/include/php/main -I/usr/local/include/php/TSRM -I/usr/local/include/php/Zend -I/usr/local/include/php/ext -I/usr/local/include/php/ext/date/lib -fstack-protector-strong -fpic -fpie -O2 -D_LARGEFILE_SOURCE -D_FILE_OFFSET_BITS=64 -DHAVE_CONFIG_H -fstack-protector-strong -fpic -fpie -O2 -D_LARGEFILE_SOURCE -D_FILE_OFFSET_BITS=64 -D_GNU_SOURCE -DHAVE_STRUCT_SIGINFO_T -DZEND_ENABLE_STATIC_TSRMLS_CACHE=1 -DZEND_COMPILE_DL_EXT=1 -c /usr/src/php/ext/pcntl/php_signal.c -MMD -MF php_signal.dep -MT php_signal.lo  -fPIC -DPIC -o .libs/php_signal.o
/bin/sh /usr/src/php/ext/pcntl/libtool --tag=CC --mode=link cc -shared -I/usr/src/php/ext/pcntl/include -I/usr/src/php/ext/pcntl/main -I/usr/src/php/ext/pcntl -I/usr/local/include/php -I/usr/local/include/php/main -I/usr/local/include/php/TSRM -I/usr/local/include/php/Zend -I/usr/local/include/php/ext -I/usr/local/include/php/ext/date/lib  -fstack-protector-strong -fpic -fpie -O2 -D_LARGEFILE_SOURCE -D_FILE_OFFSET_BITS=64 -DHAVE_CONFIG_H  -fstack-protector-strong -fpic -fpie -O2 -D_LARGEFILE_SOURCE -D_FILE_OFFSET_BITS=64 -D_GNU_SOURCE  -Wl,-O1 -pie  -o pcntl.la -export-dynamic -avoid-version -prefer-pic -module -rpath /usr/src/php/ext/pcntl/modules  pcntl.lo php_signal.lo 
cc -shared  .libs/pcntl.o .libs/php_signal.o   -Wl,-O1 -Wl,-soname -Wl,pcntl.so -o .libs/pcntl.so
creating pcntl.la
(cd .libs && rm -f pcntl.la && ln -s ../pcntl.la pcntl.la)
/bin/sh /usr/src/php/ext/pcntl/libtool --tag=CC --mode=install cp ./pcntl.la /usr/src/php/ext/pcntl/modules
cp ./.libs/pcntl.so /usr/src/php/ext/pcntl/modules/pcntl.so
cp ./.libs/pcntl.lai /usr/src/php/ext/pcntl/modules/pcntl.la
PATH="$PATH:/sbin" ldconfig -n /usr/src/php/ext/pcntl/modules
----------------------------------------------------------------------
Libraries have been installed in:
   /usr/src/php/ext/pcntl/modules

If you ever happen to want to link against installed libraries
in a given directory, LIBDIR, you must either use libtool, and
specify the full pathname of the library, or use the `-LLIBDIR'
flag during linking and do at least one of the following:
   - add LIBDIR to the `LD_LIBRARY_PATH' environment variable
     during execution
   - add LIBDIR to the `LD_RUN_PATH' environment variable
     during linking
   - use the `-Wl,--rpath -Wl,LIBDIR' linker flag

See any operating system documentation about shared libraries for
more information, such as the ld(1) and ld.so(8) manual pages.
----------------------------------------------------------------------

Build complete.
Don't forget to run 'make test'.

[91m+ strip --strip-all modules/pcntl.so
[0mInstalling shared extensions:     /usr/local/lib/php/extensions/no-debug-non-zts-20220829/
find . -name \*.gcno -o -name \*.gcda | xargs rm -f
find . -name \*.lo -o -name \*.o -o -name \*.dep | xargs rm -f
find . -name \*.la -o -name \*.a | xargs rm -f
find . -name \*.so | xargs rm -f
find . -name .libs -a -type d|xargs rm -rf
rm -f libphp.la      modules/* libs/*
rm -f ext/opcache/jit/zend_jit_x86.c
rm -f ext/opcache/jit/zend_jit_arm64.c
rm -f ext/opcache/minilua
Configuring for:
PHP Api Version:         20220829
Zend Module Api No:      20220829
Zend Extension Api No:   420220829
checking for grep that handles long lines and -e... /bin/grep
checking for egrep... /bin/grep -E
checking for a sed that does not truncate output... /bin/sed
checking for pkg-config... /usr/bin/pkg-config
checking pkg-config is at least version 0.9.0... yes
checking for cc... cc
checking whether the C compiler works... yes
checking for C compiler default output file name... a.out
checking for suffix of executables... 
checking whether we are cross compiling... no
checking for suffix of object files... o
checking whether the compiler supports GNU C... yes
checking whether cc accepts -g... yes
checking for cc option to enable C11 features... none needed
checking how to run the C preprocessor... cc -E
checking for egrep -e... (cached) /bin/grep -E
checking for icc... no
checking for suncc... no
checking for system library directory... lib
checking if compiler supports -Wl,-rpath,... yes
checking build system type... x86_64-pc-linux-musl
checking host system type... x86_64-pc-linux-musl
checking target system type... x86_64-pc-linux-musl
checking for PHP prefix... /usr/local
checking for PHP includes... -I/usr/local/include/php -I/usr/local/include/php/main -I/usr/local/include/php/TSRM -I/usr/local/include/php/Zend -I/usr/local/include/php/ext -I/usr/local/include/php/ext/date/lib
checking for PHP extension directory... /usr/local/lib/php/extensions/no-debug-non-zts-20220829
checking for PHP installed headers prefix... /usr/local/include/php
checking if debug is enabled... no
checking if zts is enabled... no
checking for gawk... no
checking for nawk... no
checking for awk... awk
checking if awk is broken... no
checking whether to enable bc style precision math functions... yes, shared
checking for a sed that does not truncate output... /bin/sed
checking for ld used by cc... /usr/x86_64-alpine-linux-musl/bin/ld
checking if the linker (/usr/x86_64-alpine-linux-musl/bin/ld) is GNU ld... yes
checking for /usr/x86_64-alpine-linux-musl/bin/ld option to reload object files... -r
checking for BSD-compatible nm... /usr/bin/nm -B
checking whether ln -s works... yes
checking how to recognize dependent libraries... pass_all
checking for stdio.h... yes
checking for stdlib.h... yes
checking for string.h... yes
checking for inttypes.h... yes
checking for stdint.h... yes
checking for strings.h... yes
checking for sys/stat.h... yes
checking for sys/types.h... yes
checking for unistd.h... yes
checking for dlfcn.h... yes
checking the maximum length of command line arguments... 98304
checking command to parse /usr/bin/nm -B output from cc object... ok
checking for objdir... .libs
checking for ar... ar
checking for ranlib... ranlib
checking for strip... strip
checking if cc supports -fno-rtti -fno-exceptions... no
checking for cc option to produce PIC... -fPIC
checking if cc PIC flag -fPIC works... yes
checking if cc static flag -static works... yes
checking if cc supports -c -o file.o... yes
checking whether the cc linker (/usr/x86_64-alpine-linux-musl/bin/ld -m elf_x86_64) supports shared libraries... yes
checking whether -lc should be explicitly linked in... no
checking dynamic linker characteristics... GNU/Linux ld.so
checking how to hardcode library paths into programs... immediate
checking whether stripping libraries is possible... yes
checking if libtool supports shared libraries... yes
checking whether to build shared libraries... yes
checking whether to build static libraries... no

creating libtool
appending configuration tag "CXX" to libtool
configure: patching config.h.in
configure: creating ./config.status
config.status: creating config.h
/bin/sh /usr/src/php/ext/bcmath/libtool --tag=CC --mode=compile cc -I. -I/usr/src/php/ext/bcmath -I/usr/src/php/ext/bcmath/include -I/usr/src/php/ext/bcmath/main -I/usr/src/php/ext/bcmath -I/usr/local/include/php -I/usr/local/include/php/main -I/usr/local/include/php/TSRM -I/usr/local/include/php/Zend -I/usr/local/include/php/ext -I/usr/local/include/php/ext/date/lib  -fstack-protector-strong -fpic -fpie -O2 -D_LARGEFILE_SOURCE -D_FILE_OFFSET_BITS=64 -DHAVE_CONFIG_H  -fstack-protector-strong -fpic -fpie -O2 -D_LARGEFILE_SOURCE -D_FILE_OFFSET_BITS=64 -D_GNU_SOURCE   -I/usr/src/php/ext/bcmath/libbcmath/src -DZEND_ENABLE_STATIC_TSRMLS_CACHE=1 -DZEND_COMPILE_DL_EXT=1 -c /usr/src/php/ext/bcmath/bcmath.c -o bcmath.lo  -MMD -MF bcmath.dep -MT bcmath.lo
mkdir .libs
 cc -I. -I/usr/src/php/ext/bcmath -I/usr/src/php/ext/bcmath/include -I/usr/src/php/ext/bcmath/main -I/usr/src/php/ext/bcmath -I/usr/local/include/php -I/usr/local/include/php/main -I/usr/local/include/php/TSRM -I/usr/local/include/php/Zend -I/usr/local/include/php/ext -I/usr/local/include/php/ext/date/lib -fstack-protector-strong -fpic -fpie -O2 -D_LARGEFILE_SOURCE -D_FILE_OFFSET_BITS=64 -DHAVE_CONFIG_H -fstack-protector-strong -fpic -fpie -O2 -D_LARGEFILE_SOURCE -D_FILE_OFFSET_BITS=64 -D_GNU_SOURCE -I/usr/src/php/ext/bcmath/libbcmath/src -DZEND_ENABLE_STATIC_TSRMLS_CACHE=1 -DZEND_COMPILE_DL_EXT=1 -c /usr/src/php/ext/bcmath/bcmath.c -MMD -MF bcmath.dep -MT bcmath.lo  -fPIC -DPIC -o .libs/bcmath.o
/bin/sh /usr/src/php/ext/bcmath/libtool --tag=CC --mode=compile cc -I. -I/usr/src/php/ext/bcmath -I/usr/src/php/ext/bcmath/include -I/usr/src/php/ext/bcmath/main -I/usr/src/php/ext/bcmath -I/usr/local/include/php -I/usr/local/include/php/main -I/usr/local/include/php/TSRM -I/usr/local/include/php/Zend -I/usr/local/include/php/ext -I/usr/local/include/php/ext/date/lib  -fstack-protector-strong -fpic -fpie -O2 -D_LARGEFILE_SOURCE -D_FILE_OFFSET_BITS=64 -DHAVE_CONFIG_H  -fstack-protector-strong -fpic -fpie -O2 -D_LARGEFILE_SOURCE -D_FILE_OFFSET_BITS=64 -D_GNU_SOURCE   -I/usr/src/php/ext/bcmath/libbcmath/src -DZEND_ENABLE_STATIC_TSRMLS_CACHE=1 -DZEND_COMPILE_DL_EXT=1 -c /usr/src/php/ext/bcmath/libbcmath/src/add.c -o libbcmath/src/add.lo  -MMD -MF libbcmath/src/add.dep -MT libbcmath/src/add.lo
mkdir libbcmath/src/.libs
 cc -I. -I/usr/src/php/ext/bcmath -I/usr/src/php/ext/bcmath/include -I/usr/src/php/ext/bcmath/main -I/usr/src/php/ext/bcmath -I/usr/local/include/php -I/usr/local/include/php/main -I/usr/local/include/php/TSRM -I/usr/local/include/php/Zend -I/usr/local/include/php/ext -I/usr/local/include/php/ext/date/lib -fstack-protector-strong -fpic -fpie -O2 -D_LARGEFILE_SOURCE -D_FILE_OFFSET_BITS=64 -DHAVE_CONFIG_H -fstack-protector-strong -fpic -fpie -O2 -D_LARGEFILE_SOURCE -D_FILE_OFFSET_BITS=64 -D_GNU_SOURCE -I/usr/src/php/ext/bcmath/libbcmath/src -DZEND_ENABLE_STATIC_TSRMLS_CACHE=1 -DZEND_COMPILE_DL_EXT=1 -c /usr/src/php/ext/bcmath/libbcmath/src/add.c -MMD -MF libbcmath/src/add.dep -MT libbcmath/src/add.lo  -fPIC -DPIC -o libbcmath/src/.libs/add.o
/bin/sh /usr/src/php/ext/bcmath/libtool --tag=CC --mode=compile cc -I. -I/usr/src/php/ext/bcmath -I/usr/src/php/ext/bcmath/include -I/usr/src/php/ext/bcmath/main -I/usr/src/php/ext/bcmath -I/usr/local/include/php -I/usr/local/include/php/main -I/usr/local/include/php/TSRM -I/usr/local/include/php/Zend -I/usr/local/include/php/ext -I/usr/local/include/php/ext/date/lib  -fstack-protector-strong -fpic -fpie -O2 -D_LARGEFILE_SOURCE -D_FILE_OFFSET_BITS=64 -DHAVE_CONFIG_H  -fstack-protector-strong -fpic -fpie -O2 -D_LARGEFILE_SOURCE -D_FILE_OFFSET_BITS=64 -D_GNU_SOURCE   -I/usr/src/php/ext/bcmath/libbcmath/src -DZEND_ENABLE_STATIC_TSRMLS_CACHE=1 -DZEND_COMPILE_DL_EXT=1 -c /usr/src/php/ext/bcmath/libbcmath/src/div.c -o libbcmath/src/div.lo  -MMD -MF libbcmath/src/div.dep -MT libbcmath/src/div.lo
 cc -I. -I/usr/src/php/ext/bcmath -I/usr/src/php/ext/bcmath/include -I/usr/src/php/ext/bcmath/main -I/usr/src/php/ext/bcmath -I/usr/local/include/php -I/usr/local/include/php/main -I/usr/local/include/php/TSRM -I/usr/local/include/php/Zend -I/usr/local/include/php/ext -I/usr/local/include/php/ext/date/lib -fstack-protector-strong -fpic -fpie -O2 -D_LARGEFILE_SOURCE -D_FILE_OFFSET_BITS=64 -DHAVE_CONFIG_H -fstack-protector-strong -fpic -fpie -O2 -D_LARGEFILE_SOURCE -D_FILE_OFFSET_BITS=64 -D_GNU_SOURCE -I/usr/src/php/ext/bcmath/libbcmath/src -DZEND_ENABLE_STATIC_TSRMLS_CACHE=1 -DZEND_COMPILE_DL_EXT=1 -c /usr/src/php/ext/bcmath/libbcmath/src/div.c -MMD -MF libbcmath/src/div.dep -MT libbcmath/src/div.lo  -fPIC -DPIC -o libbcmath/src/.libs/div.o
/bin/sh /usr/src/php/ext/bcmath/libtool --tag=CC --mode=compile cc -I. -I/usr/src/php/ext/bcmath -I/usr/src/php/ext/bcmath/include -I/usr/src/php/ext/bcmath/main -I/usr/src/php/ext/bcmath -I/usr/local/include/php -I/usr/local/include/php/main -I/usr/local/include/php/TSRM -I/usr/local/include/php/Zend -I/usr/local/include/php/ext -I/usr/local/include/php/ext/date/lib  -fstack-protector-strong -fpic -fpie -O2 -D_LARGEFILE_SOURCE -D_FILE_OFFSET_BITS=64 -DHAVE_CONFIG_H  -fstack-protector-strong -fpic -fpie -O2 -D_LARGEFILE_SOURCE -D_FILE_OFFSET_BITS=64 -D_GNU_SOURCE   -I/usr/src/php/ext/bcmath/libbcmath/src -DZEND_ENABLE_STATIC_TSRMLS_CACHE=1 -DZEND_COMPILE_DL_EXT=1 -c /usr/src/php/ext/bcmath/libbcmath/src/init.c -o libbcmath/src/init.lo  -MMD -MF libbcmath/src/init.dep -MT libbcmath/src/init.lo
 cc -I. -I/usr/src/php/ext/bcmath -I/usr/src/php/ext/bcmath/include -I/usr/src/php/ext/bcmath/main -I/usr/src/php/ext/bcmath -I/usr/local/include/php -I/usr/local/include/php/main -I/usr/local/include/php/TSRM -I/usr/local/include/php/Zend -I/usr/local/include/php/ext -I/usr/local/include/php/ext/date/lib -fstack-protector-strong -fpic -fpie -O2 -D_LARGEFILE_SOURCE -D_FILE_OFFSET_BITS=64 -DHAVE_CONFIG_H -fstack-protector-strong -fpic -fpie -O2 -D_LARGEFILE_SOURCE -D_FILE_OFFSET_BITS=64 -D_GNU_SOURCE -I/usr/src/php/ext/bcmath/libbcmath/src -DZEND_ENABLE_STATIC_TSRMLS_CACHE=1 -DZEND_COMPILE_DL_EXT=1 -c /usr/src/php/ext/bcmath/libbcmath/src/init.c -MMD -MF libbcmath/src/init.dep -MT libbcmath/src/init.lo  -fPIC -DPIC -o libbcmath/src/.libs/init.o
/bin/sh /usr/src/php/ext/bcmath/libtool --tag=CC --mode=compile cc -I. -I/usr/src/php/ext/bcmath -I/usr/src/php/ext/bcmath/include -I/usr/src/php/ext/bcmath/main -I/usr/src/php/ext/bcmath -I/usr/local/include/php -I/usr/local/include/php/main -I/usr/local/include/php/TSRM -I/usr/local/include/php/Zend -I/usr/local/include/php/ext -I/usr/local/include/php/ext/date/lib  -fstack-protector-strong -fpic -fpie -O2 -D_LARGEFILE_SOURCE -D_FILE_OFFSET_BITS=64 -DHAVE_CONFIG_H  -fstack-protector-strong -fpic -fpie -O2 -D_LARGEFILE_SOURCE -D_FILE_OFFSET_BITS=64 -D_GNU_SOURCE   -I/usr/src/php/ext/bcmath/libbcmath/src -DZEND_ENABLE_STATIC_TSRMLS_CACHE=1 -DZEND_COMPILE_DL_EXT=1 -c /usr/src/php/ext/bcmath/libbcmath/src/neg.c -o libbcmath/src/neg.lo  -MMD -MF libbcmath/src/neg.dep -MT libbcmath/src/neg.lo
 cc -I. -I/usr/src/php/ext/bcmath -I/usr/src/php/ext/bcmath/include -I/usr/src/php/ext/bcmath/main -I/usr/src/php/ext/bcmath -I/usr/local/include/php -I/usr/local/include/php/main -I/usr/local/include/php/TSRM -I/usr/local/include/php/Zend -I/usr/local/include/php/ext -I/usr/local/include/php/ext/date/lib -fstack-protector-strong -fpic -fpie -O2 -D_LARGEFILE_SOURCE -D_FILE_OFFSET_BITS=64 -DHAVE_CONFIG_H -fstack-protector-strong -fpic -fpie -O2 -D_LARGEFILE_SOURCE -D_FILE_OFFSET_BITS=64 -D_GNU_SOURCE -I/usr/src/php/ext/bcmath/libbcmath/src -DZEND_ENABLE_STATIC_TSRMLS_CACHE=1 -DZEND_COMPILE_DL_EXT=1 -c /usr/src/php/ext/bcmath/libbcmath/src/neg.c -MMD -MF libbcmath/src/neg.dep -MT libbcmath/src/neg.lo  -fPIC -DPIC -o libbcmath/src/.libs/neg.o
/bin/sh /usr/src/php/ext/bcmath/libtool --tag=CC --mode=compile cc -I. -I/usr/src/php/ext/bcmath -I/usr/src/php/ext/bcmath/include -I/usr/src/php/ext/bcmath/main -I/usr/src/php/ext/bcmath -I/usr/local/include/php -I/usr/local/include/php/main -I/usr/local/include/php/TSRM -I/usr/local/include/php/Zend -I/usr/local/include/php/ext -I/usr/local/include/php/ext/date/lib  -fstack-protector-strong -fpic -fpie -O2 -D_LARGEFILE_SOURCE -D_FILE_OFFSET_BITS=64 -DHAVE_CONFIG_H  -fstack-protector-strong -fpic -fpie -O2 -D_LARGEFILE_SOURCE -D_FILE_OFFSET_BITS=64 -D_GNU_SOURCE   -I/usr/src/php/ext/bcmath/libbcmath/src -DZEND_ENABLE_STATIC_TSRMLS_CACHE=1 -DZEND_COMPILE_DL_EXT=1 -c /usr/src/php/ext/bcmath/libbcmath/src/raisemod.c -o libbcmath/src/raisemod.lo  -MMD -MF libbcmath/src/raisemod.dep -MT libbcmath/src/raisemod.lo
 cc -I. -I/usr/src/php/ext/bcmath -I/usr/src/php/ext/bcmath/include -I/usr/src/php/ext/bcmath/main -I/usr/src/php/ext/bcmath -I/usr/local/include/php -I/usr/local/include/php/main -I/usr/local/include/php/TSRM -I/usr/local/include/php/Zend -I/usr/local/include/php/ext -I/usr/local/include/php/ext/date/lib -fstack-protector-strong -fpic -fpie -O2 -D_LARGEFILE_SOURCE -D_FILE_OFFSET_BITS=64 -DHAVE_CONFIG_H -fstack-protector-strong -fpic -fpie -O2 -D_LARGEFILE_SOURCE -D_FILE_OFFSET_BITS=64 -D_GNU_SOURCE -I/usr/src/php/ext/bcmath/libbcmath/src -DZEND_ENABLE_STATIC_TSRMLS_CACHE=1 -DZEND_COMPILE_DL_EXT=1 -c /usr/src/php/ext/bcmath/libbcmath/src/raisemod.c -MMD -MF libbcmath/src/raisemod.dep -MT libbcmath/src/raisemod.lo  -fPIC -DPIC -o libbcmath/src/.libs/raisemod.o
/bin/sh /usr/src/php/ext/bcmath/libtool --tag=CC --mode=compile cc -I. -I/usr/src/php/ext/bcmath -I/usr/src/php/ext/bcmath/include -I/usr/src/php/ext/bcmath/main -I/usr/src/php/ext/bcmath -I/usr/local/include/php -I/usr/local/include/php/main -I/usr/local/include/php/TSRM -I/usr/local/include/php/Zend -I/usr/local/include/php/ext -I/usr/local/include/php/ext/date/lib  -fstack-protector-strong -fpic -fpie -O2 -D_LARGEFILE_SOURCE -D_FILE_OFFSET_BITS=64 -DHAVE_CONFIG_H  -fstack-protector-strong -fpic -fpie -O2 -D_LARGEFILE_SOURCE -D_FILE_OFFSET_BITS=64 -D_GNU_SOURCE   -I/usr/src/php/ext/bcmath/libbcmath/src -DZEND_ENABLE_STATIC_TSRMLS_CACHE=1 -DZEND_COMPILE_DL_EXT=1 -c /usr/src/php/ext/bcmath/libbcmath/src/sub.c -o libbcmath/src/sub.lo  -MMD -MF libbcmath/src/sub.dep -MT libbcmath/src/sub.lo
 cc -I. -I/usr/src/php/ext/bcmath -I/usr/src/php/ext/bcmath/include -I/usr/src/php/ext/bcmath/main -I/usr/src/php/ext/bcmath -I/usr/local/include/php -I/usr/local/include/php/main -I/usr/local/include/php/TSRM -I/usr/local/include/php/Zend -I/usr/local/include/php/ext -I/usr/local/include/php/ext/date/lib -fstack-protector-strong -fpic -fpie -O2 -D_LARGEFILE_SOURCE -D_FILE_OFFSET_BITS=64 -DHAVE_CONFIG_H -fstack-protector-strong -fpic -fpie -O2 -D_LARGEFILE_SOURCE -D_FILE_OFFSET_BITS=64 -D_GNU_SOURCE -I/usr/src/php/ext/bcmath/libbcmath/src -DZEND_ENABLE_STATIC_TSRMLS_CACHE=1 -DZEND_COMPILE_DL_EXT=1 -c /usr/src/php/ext/bcmath/libbcmath/src/sub.c -MMD -MF libbcmath/src/sub.dep -MT libbcmath/src/sub.lo  -fPIC -DPIC -o libbcmath/src/.libs/sub.o
/bin/sh /usr/src/php/ext/bcmath/libtool --tag=CC --mode=compile cc -I. -I/usr/src/php/ext/bcmath -I/usr/src/php/ext/bcmath/include -I/usr/src/php/ext/bcmath/main -I/usr/src/php/ext/bcmath -I/usr/local/include/php -I/usr/local/include/php/main -I/usr/local/include/php/TSRM -I/usr/local/include/php/Zend -I/usr/local/include/php/ext -I/usr/local/include/php/ext/date/lib  -fstack-protector-strong -fpic -fpie -O2 -D_LARGEFILE_SOURCE -D_FILE_OFFSET_BITS=64 -DHAVE_CONFIG_H  -fstack-protector-strong -fpic -fpie -O2 -D_LARGEFILE_SOURCE -D_FILE_OFFSET_BITS=64 -D_GNU_SOURCE   -I/usr/src/php/ext/bcmath/libbcmath/src -DZEND_ENABLE_STATIC_TSRMLS_CACHE=1 -DZEND_COMPILE_DL_EXT=1 -c /usr/src/php/ext/bcmath/libbcmath/src/compare.c -o libbcmath/src/compare.lo  -MMD -MF libbcmath/src/compare.dep -MT libbcmath/src/compare.lo
 cc -I. -I/usr/src/php/ext/bcmath -I/usr/src/php/ext/bcmath/include -I/usr/src/php/ext/bcmath/main -I/usr/src/php/ext/bcmath -I/usr/local/include/php -I/usr/local/include/php/main -I/usr/local/include/php/TSRM -I/usr/local/include/php/Zend -I/usr/local/include/php/ext -I/usr/local/include/php/ext/date/lib -fstack-protector-strong -fpic -fpie -O2 -D_LARGEFILE_SOURCE -D_FILE_OFFSET_BITS=64 -DHAVE_CONFIG_H -fstack-protector-strong -fpic -fpie -O2 -D_LARGEFILE_SOURCE -D_FILE_OFFSET_BITS=64 -D_GNU_SOURCE -I/usr/src/php/ext/bcmath/libbcmath/src -DZEND_ENABLE_STATIC_TSRMLS_CACHE=1 -DZEND_COMPILE_DL_EXT=1 -c /usr/src/php/ext/bcmath/libbcmath/src/compare.c -MMD -MF libbcmath/src/compare.dep -MT libbcmath/src/compare.lo  -fPIC -DPIC -o libbcmath/src/.libs/compare.o
/bin/sh /usr/src/php/ext/bcmath/libtool --tag=CC --mode=compile cc -I. -I/usr/src/php/ext/bcmath -I/usr/src/php/ext/bcmath/include -I/usr/src/php/ext/bcmath/main -I/usr/src/php/ext/bcmath -I/usr/local/include/php -I/usr/local/include/php/main -I/usr/local/include/php/TSRM -I/usr/local/include/php/Zend -I/usr/local/include/php/ext -I/usr/local/include/php/ext/date/lib  -fstack-protector-strong -fpic -fpie -O2 -D_LARGEFILE_SOURCE -D_FILE_OFFSET_BITS=64 -DHAVE_CONFIG_H  -fstack-protector-strong -fpic -fpie -O2 -D_LARGEFILE_SOURCE -D_FILE_OFFSET_BITS=64 -D_GNU_SOURCE   -I/usr/src/php/ext/bcmath/libbcmath/src -DZEND_ENABLE_STATIC_TSRMLS_CACHE=1 -DZEND_COMPILE_DL_EXT=1 -c /usr/src/php/ext/bcmath/libbcmath/src/divmod.c -o libbcmath/src/divmod.lo  -MMD -MF libbcmath/src/divmod.dep -MT libbcmath/src/divmod.lo
 cc -I. -I/usr/src/php/ext/bcmath -I/usr/src/php/ext/bcmath/include -I/usr/src/php/ext/bcmath/main -I/usr/src/php/ext/bcmath -I/usr/local/include/php -I/usr/local/include/php/main -I/usr/local/include/php/TSRM -I/usr/local/include/php/Zend -I/usr/local/include/php/ext -I/usr/local/include/php/ext/date/lib -fstack-protector-strong -fpic -fpie -O2 -D_LARGEFILE_SOURCE -D_FILE_OFFSET_BITS=64 -DHAVE_CONFIG_H -fstack-protector-strong -fpic -fpie -O2 -D_LARGEFILE_SOURCE -D_FILE_OFFSET_BITS=64 -D_GNU_SOURCE -I/usr/src/php/ext/bcmath/libbcmath/src -DZEND_ENABLE_STATIC_TSRMLS_CACHE=1 -DZEND_COMPILE_DL_EXT=1 -c /usr/src/php/ext/bcmath/libbcmath/src/divmod.c -MMD -MF libbcmath/src/divmod.dep -MT libbcmath/src/divmod.lo  -fPIC -DPIC -o libbcmath/src/.libs/divmod.o
/bin/sh /usr/src/php/ext/bcmath/libtool --tag=CC --mode=compile cc -I. -I/usr/src/php/ext/bcmath -I/usr/src/php/ext/bcmath/include -I/usr/src/php/ext/bcmath/main -I/usr/src/php/ext/bcmath -I/usr/local/include/php -I/usr/local/include/php/main -I/usr/local/include/php/TSRM -I/usr/local/include/php/Zend -I/usr/local/include/php/ext -I/usr/local/include/php/ext/date/lib  -fstack-protector-strong -fpic -fpie -O2 -D_LARGEFILE_SOURCE -D_FILE_OFFSET_BITS=64 -DHAVE_CONFIG_H  -fstack-protector-strong -fpic -fpie -O2 -D_LARGEFILE_SOURCE -D_FILE_OFFSET_BITS=64 -D_GNU_SOURCE   -I/usr/src/php/ext/bcmath/libbcmath/src -DZEND_ENABLE_STATIC_TSRMLS_CACHE=1 -DZEND_COMPILE_DL_EXT=1 -c /usr/src/php/ext/bcmath/libbcmath/src/int2num.c -o libbcmath/src/int2num.lo  -MMD -MF libbcmath/src/int2num.dep -MT libbcmath/src/int2num.lo
 cc -I. -I/usr/src/php/ext/bcmath -I/usr/src/php/ext/bcmath/include -I/usr/src/php/ext/bcmath/main -I/usr/src/php/ext/bcmath -I/usr/local/include/php -I/usr/local/include/php/main -I/usr/local/include/php/TSRM -I/usr/local/include/php/Zend -I/usr/local/include/php/ext -I/usr/local/include/php/ext/date/lib -fstack-protector-strong -fpic -fpie -O2 -D_LARGEFILE_SOURCE -D_FILE_OFFSET_BITS=64 -DHAVE_CONFIG_H -fstack-protector-strong -fpic -fpie -O2 -D_LARGEFILE_SOURCE -D_FILE_OFFSET_BITS=64 -D_GNU_SOURCE -I/usr/src/php/ext/bcmath/libbcmath/src -DZEND_ENABLE_STATIC_TSRMLS_CACHE=1 -DZEND_COMPILE_DL_EXT=1 -c /usr/src/php/ext/bcmath/libbcmath/src/int2num.c -MMD -MF libbcmath/src/int2num.dep -MT libbcmath/src/int2num.lo  -fPIC -DPIC -o libbcmath/src/.libs/int2num.o
/bin/sh /usr/src/php/ext/bcmath/libtool --tag=CC --mode=compile cc -I. -I/usr/src/php/ext/bcmath -I/usr/src/php/ext/bcmath/include -I/usr/src/php/ext/bcmath/main -I/usr/src/php/ext/bcmath -I/usr/local/include/php -I/usr/local/include/php/main -I/usr/local/include/php/TSRM -I/usr/local/include/php/Zend -I/usr/local/include/php/ext -I/usr/local/include/php/ext/date/lib  -fstack-protector-strong -fpic -fpie -O2 -D_LARGEFILE_SOURCE -D_FILE_OFFSET_BITS=64 -DHAVE_CONFIG_H  -fstack-protector-strong -fpic -fpie -O2 -D_LARGEFILE_SOURCE -D_FILE_OFFSET_BITS=64 -D_GNU_SOURCE   -I/usr/src/php/ext/bcmath/libbcmath/src -DZEND_ENABLE_STATIC_TSRMLS_CACHE=1 -DZEND_COMPILE_DL_EXT=1 -c /usr/src/php/ext/bcmath/libbcmath/src/num2long.c -o libbcmath/src/num2long.lo  -MMD -MF libbcmath/src/num2long.dep -MT libbcmath/src/num2long.lo
 cc -I. -I/usr/src/php/ext/bcmath -I/usr/src/php/ext/bcmath/include -I/usr/src/php/ext/bcmath/main -I/usr/src/php/ext/bcmath -I/usr/local/include/php -I/usr/local/include/php/main -I/usr/local/include/php/TSRM -I/usr/local/include/php/Zend -I/usr/local/include/php/ext -I/usr/local/include/php/ext/date/lib -fstack-protector-strong -fpic -fpie -O2 -D_LARGEFILE_SOURCE -D_FILE_OFFSET_BITS=64 -DHAVE_CONFIG_H -fstack-protector-strong -fpic -fpie -O2 -D_LARGEFILE_SOURCE -D_FILE_OFFSET_BITS=64 -D_GNU_SOURCE -I/usr/src/php/ext/bcmath/libbcmath/src -DZEND_ENABLE_STATIC_TSRMLS_CACHE=1 -DZEND_COMPILE_DL_EXT=1 -c /usr/src/php/ext/bcmath/libbcmath/src/num2long.c -MMD -MF libbcmath/src/num2long.dep -MT libbcmath/src/num2long.lo  -fPIC -DPIC -o libbcmath/src/.libs/num2long.o
/bin/sh /usr/src/php/ext/bcmath/libtool --tag=CC --mode=compile cc -I. -I/usr/src/php/ext/bcmath -I/usr/src/php/ext/bcmath/include -I/usr/src/php/ext/bcmath/main -I/usr/src/php/ext/bcmath -I/usr/local/include/php -I/usr/local/include/php/main -I/usr/local/include/php/TSRM -I/usr/local/include/php/Zend -I/usr/local/include/php/ext -I/usr/local/include/php/ext/date/lib  -fstack-protector-strong -fpic -fpie -O2 -D_LARGEFILE_SOURCE -D_FILE_OFFSET_BITS=64 -DHAVE_CONFIG_H  -fstack-protector-strong -fpic -fpie -O2 -D_LARGEFILE_SOURCE -D_FILE_OFFSET_BITS=64 -D_GNU_SOURCE   -I/usr/src/php/ext/bcmath/libbcmath/src -DZEND_ENABLE_STATIC_TSRMLS_CACHE=1 -DZEND_COMPILE_DL_EXT=1 -c /usr/src/php/ext/bcmath/libbcmath/src/output.c -o libbcmath/src/output.lo  -MMD -MF libbcmath/src/output.dep -MT libbcmath/src/output.lo
 cc -I. -I/usr/src/php/ext/bcmath -I/usr/src/php/ext/bcmath/include -I/usr/src/php/ext/bcmath/main -I/usr/src/php/ext/bcmath -I/usr/local/include/php -I/usr/local/include/php/main -I/usr/local/include/php/TSRM -I/usr/local/include/php/Zend -I/usr/local/include/php/ext -I/usr/local/include/php/ext/date/lib -fstack-protector-strong -fpic -fpie -O2 -D_LARGEFILE_SOURCE -D_FILE_OFFSET_BITS=64 -DHAVE_CONFIG_H -fstack-protector-strong -fpic -fpie -O2 -D_LARGEFILE_SOURCE -D_FILE_OFFSET_BITS=64 -D_GNU_SOURCE -I/usr/src/php/ext/bcmath/libbcmath/src -DZEND_ENABLE_STATIC_TSRMLS_CACHE=1 -DZEND_COMPILE_DL_EXT=1 -c /usr/src/php/ext/bcmath/libbcmath/src/output.c -MMD -MF libbcmath/src/output.dep -MT libbcmath/src/output.lo  -fPIC -DPIC -o libbcmath/src/.libs/output.o
/bin/sh /usr/src/php/ext/bcmath/libtool --tag=CC --mode=compile cc -I. -I/usr/src/php/ext/bcmath -I/usr/src/php/ext/bcmath/include -I/usr/src/php/ext/bcmath/main -I/usr/src/php/ext/bcmath -I/usr/local/include/php -I/usr/local/include/php/main -I/usr/local/include/php/TSRM -I/usr/local/include/php/Zend -I/usr/local/include/php/ext -I/usr/local/include/php/ext/date/lib  -fstack-protector-strong -fpic -fpie -O2 -D_LARGEFILE_SOURCE -D_FILE_OFFSET_BITS=64 -DHAVE_CONFIG_H  -fstack-protector-strong -fpic -fpie -O2 -D_LARGEFILE_SOURCE -D_FILE_OFFSET_BITS=64 -D_GNU_SOURCE   -I/usr/src/php/ext/bcmath/libbcmath/src -DZEND_ENABLE_STATIC_TSRMLS_CACHE=1 -DZEND_COMPILE_DL_EXT=1 -c /usr/src/php/ext/bcmath/libbcmath/src/recmul.c -o libbcmath/src/recmul.lo  -MMD -MF libbcmath/src/recmul.dep -MT libbcmath/src/recmul.lo
 cc -I. -I/usr/src/php/ext/bcmath -I/usr/src/php/ext/bcmath/include -I/usr/src/php/ext/bcmath/main -I/usr/src/php/ext/bcmath -I/usr/local/include/php -I/usr/local/include/php/main -I/usr/local/include/php/TSRM -I/usr/local/include/php/Zend -I/usr/local/include/php/ext -I/usr/local/include/php/ext/date/lib -fstack-protector-strong -fpic -fpie -O2 -D_LARGEFILE_SOURCE -D_FILE_OFFSET_BITS=64 -DHAVE_CONFIG_H -fstack-protector-strong -fpic -fpie -O2 -D_LARGEFILE_SOURCE -D_FILE_OFFSET_BITS=64 -D_GNU_SOURCE -I/usr/src/php/ext/bcmath/libbcmath/src -DZEND_ENABLE_STATIC_TSRMLS_CACHE=1 -DZEND_COMPILE_DL_EXT=1 -c /usr/src/php/ext/bcmath/libbcmath/src/recmul.c -MMD -MF libbcmath/src/recmul.dep -MT libbcmath/src/recmul.lo  -fPIC -DPIC -o libbcmath/src/.libs/recmul.o
/bin/sh /usr/src/php/ext/bcmath/libtool --tag=CC --mode=compile cc -I. -I/usr/src/php/ext/bcmath -I/usr/src/php/ext/bcmath/include -I/usr/src/php/ext/bcmath/main -I/usr/src/php/ext/bcmath -I/usr/local/include/php -I/usr/local/include/php/main -I/usr/local/include/php/TSRM -I/usr/local/include/php/Zend -I/usr/local/include/php/ext -I/usr/local/include/php/ext/date/lib  -fstack-protector-strong -fpic -fpie -O2 -D_LARGEFILE_SOURCE -D_FILE_OFFSET_BITS=64 -DHAVE_CONFIG_H  -fstack-protector-strong -fpic -fpie -O2 -D_LARGEFILE_SOURCE -D_FILE_OFFSET_BITS=64 -D_GNU_SOURCE   -I/usr/src/php/ext/bcmath/libbcmath/src -DZEND_ENABLE_STATIC_TSRMLS_CACHE=1 -DZEND_COMPILE_DL_EXT=1 -c /usr/src/php/ext/bcmath/libbcmath/src/sqrt.c -o libbcmath/src/sqrt.lo  -MMD -MF libbcmath/src/sqrt.dep -MT libbcmath/src/sqrt.lo
 cc -I. -I/usr/src/php/ext/bcmath -I/usr/src/php/ext/bcmath/include -I/usr/src/php/ext/bcmath/main -I/usr/src/php/ext/bcmath -I/usr/local/include/php -I/usr/local/include/php/main -I/usr/local/include/php/TSRM -I/usr/local/include/php/Zend -I/usr/local/include/php/ext -I/usr/local/include/php/ext/date/lib -fstack-protector-strong -fpic -fpie -O2 -D_LARGEFILE_SOURCE -D_FILE_OFFSET_BITS=64 -DHAVE_CONFIG_H -fstack-protector-strong -fpic -fpie -O2 -D_LARGEFILE_SOURCE -D_FILE_OFFSET_BITS=64 -D_GNU_SOURCE -I/usr/src/php/ext/bcmath/libbcmath/src -DZEND_ENABLE_STATIC_TSRMLS_CACHE=1 -DZEND_COMPILE_DL_EXT=1 -c /usr/src/php/ext/bcmath/libbcmath/src/sqrt.c -MMD -MF libbcmath/src/sqrt.dep -MT libbcmath/src/sqrt.lo  -fPIC -DPIC -o libbcmath/src/.libs/sqrt.o
/bin/sh /usr/src/php/ext/bcmath/libtool --tag=CC --mode=compile cc -I. -I/usr/src/php/ext/bcmath -I/usr/src/php/ext/bcmath/include -I/usr/src/php/ext/bcmath/main -I/usr/src/php/ext/bcmath -I/usr/local/include/php -I/usr/local/include/php/main -I/usr/local/include/php/TSRM -I/usr/local/include/php/Zend -I/usr/local/include/php/ext -I/usr/local/include/php/ext/date/lib  -fstack-protector-strong -fpic -fpie -O2 -D_LARGEFILE_SOURCE -D_FILE_OFFSET_BITS=64 -DHAVE_CONFIG_H  -fstack-protector-strong -fpic -fpie -O2 -D_LARGEFILE_SOURCE -D_FILE_OFFSET_BITS=64 -D_GNU_SOURCE   -I/usr/src/php/ext/bcmath/libbcmath/src -DZEND_ENABLE_STATIC_TSRMLS_CACHE=1 -DZEND_COMPILE_DL_EXT=1 -c /usr/src/php/ext/bcmath/libbcmath/src/zero.c -o libbcmath/src/zero.lo  -MMD -MF libbcmath/src/zero.dep -MT libbcmath/src/zero.lo
 cc -I. -I/usr/src/php/ext/bcmath -I/usr/src/php/ext/bcmath/include -I/usr/src/php/ext/bcmath/main -I/usr/src/php/ext/bcmath -I/usr/local/include/php -I/usr/local/include/php/main -I/usr/local/include/php/TSRM -I/usr/local/include/php/Zend -I/usr/local/include/php/ext -I/usr/local/include/php/ext/date/lib -fstack-protector-strong -fpic -fpie -O2 -D_LARGEFILE_SOURCE -D_FILE_OFFSET_BITS=64 -DHAVE_CONFIG_H -fstack-protector-strong -fpic -fpie -O2 -D_LARGEFILE_SOURCE -D_FILE_OFFSET_BITS=64 -D_GNU_SOURCE -I/usr/src/php/ext/bcmath/libbcmath/src -DZEND_ENABLE_STATIC_TSRMLS_CACHE=1 -DZEND_COMPILE_DL_EXT=1 -c /usr/src/php/ext/bcmath/libbcmath/src/zero.c -MMD -MF libbcmath/src/zero.dep -MT libbcmath/src/zero.lo  -fPIC -DPIC -o libbcmath/src/.libs/zero.o
/bin/sh /usr/src/php/ext/bcmath/libtool --tag=CC --mode=compile cc -I. -I/usr/src/php/ext/bcmath -I/usr/src/php/ext/bcmath/include -I/usr/src/php/ext/bcmath/main -I/usr/src/php/ext/bcmath -I/usr/local/include/php -I/usr/local/include/php/main -I/usr/local/include/php/TSRM -I/usr/local/include/php/Zend -I/usr/local/include/php/ext -I/usr/local/include/php/ext/date/lib  -fstack-protector-strong -fpic -fpie -O2 -D_LARGEFILE_SOURCE -D_FILE_OFFSET_BITS=64 -DHAVE_CONFIG_H  -fstack-protector-strong -fpic -fpie -O2 -D_LARGEFILE_SOURCE -D_FILE_OFFSET_BITS=64 -D_GNU_SOURCE   -I/usr/src/php/ext/bcmath/libbcmath/src -DZEND_ENABLE_STATIC_TSRMLS_CACHE=1 -DZEND_COMPILE_DL_EXT=1 -c /usr/src/php/ext/bcmath/libbcmath/src/debug.c -o libbcmath/src/debug.lo  -MMD -MF libbcmath/src/debug.dep -MT libbcmath/src/debug.lo
 cc -I. -I/usr/src/php/ext/bcmath -I/usr/src/php/ext/bcmath/include -I/usr/src/php/ext/bcmath/main -I/usr/src/php/ext/bcmath -I/usr/local/include/php -I/usr/local/include/php/main -I/usr/local/include/php/TSRM -I/usr/local/include/php/Zend -I/usr/local/include/php/ext -I/usr/local/include/php/ext/date/lib -fstack-protector-strong -fpic -fpie -O2 -D_LARGEFILE_SOURCE -D_FILE_OFFSET_BITS=64 -DHAVE_CONFIG_H -fstack-protector-strong -fpic -fpie -O2 -D_LARGEFILE_SOURCE -D_FILE_OFFSET_BITS=64 -D_GNU_SOURCE -I/usr/src/php/ext/bcmath/libbcmath/src -DZEND_ENABLE_STATIC_TSRMLS_CACHE=1 -DZEND_COMPILE_DL_EXT=1 -c /usr/src/php/ext/bcmath/libbcmath/src/debug.c -MMD -MF libbcmath/src/debug.dep -MT libbcmath/src/debug.lo  -fPIC -DPIC -o libbcmath/src/.libs/debug.o
/bin/sh /usr/src/php/ext/bcmath/libtool --tag=CC --mode=compile cc -I. -I/usr/src/php/ext/bcmath -I/usr/src/php/ext/bcmath/include -I/usr/src/php/ext/bcmath/main -I/usr/src/php/ext/bcmath -I/usr/local/include/php -I/usr/local/include/php/main -I/usr/local/include/php/TSRM -I/usr/local/include/php/Zend -I/usr/local/include/php/ext -I/usr/local/include/php/ext/date/lib  -fstack-protector-strong -fpic -fpie -O2 -D_LARGEFILE_SOURCE -D_FILE_OFFSET_BITS=64 -DHAVE_CONFIG_H  -fstack-protector-strong -fpic -fpie -O2 -D_LARGEFILE_SOURCE -D_FILE_OFFSET_BITS=64 -D_GNU_SOURCE   -I/usr/src/php/ext/bcmath/libbcmath/src -DZEND_ENABLE_STATIC_TSRMLS_CACHE=1 -DZEND_COMPILE_DL_EXT=1 -c /usr/src/php/ext/bcmath/libbcmath/src/doaddsub.c -o libbcmath/src/doaddsub.lo  -MMD -MF libbcmath/src/doaddsub.dep -MT libbcmath/src/doaddsub.lo
 cc -I. -I/usr/src/php/ext/bcmath -I/usr/src/php/ext/bcmath/include -I/usr/src/php/ext/bcmath/main -I/usr/src/php/ext/bcmath -I/usr/local/include/php -I/usr/local/include/php/main -I/usr/local/include/php/TSRM -I/usr/local/include/php/Zend -I/usr/local/include/php/ext -I/usr/local/include/php/ext/date/lib -fstack-protector-strong -fpic -fpie -O2 -D_LARGEFILE_SOURCE -D_FILE_OFFSET_BITS=64 -DHAVE_CONFIG_H -fstack-protector-strong -fpic -fpie -O2 -D_LARGEFILE_SOURCE -D_FILE_OFFSET_BITS=64 -D_GNU_SOURCE -I/usr/src/php/ext/bcmath/libbcmath/src -DZEND_ENABLE_STATIC_TSRMLS_CACHE=1 -DZEND_COMPILE_DL_EXT=1 -c /usr/src/php/ext/bcmath/libbcmath/src/doaddsub.c -MMD -MF libbcmath/src/doaddsub.dep -MT libbcmath/src/doaddsub.lo  -fPIC -DPIC -o libbcmath/src/.libs/doaddsub.o
/bin/sh /usr/src/php/ext/bcmath/libtool --tag=CC --mode=compile cc -I. -I/usr/src/php/ext/bcmath -I/usr/src/php/ext/bcmath/include -I/usr/src/php/ext/bcmath/main -I/usr/src/php/ext/bcmath -I/usr/local/include/php -I/usr/local/include/php/main -I/usr/local/include/php/TSRM -I/usr/local/include/php/Zend -I/usr/local/include/php/ext -I/usr/local/include/php/ext/date/lib  -fstack-protector-strong -fpic -fpie -O2 -D_LARGEFILE_SOURCE -D_FILE_OFFSET_BITS=64 -DHAVE_CONFIG_H  -fstack-protector-strong -fpic -fpie -O2 -D_LARGEFILE_SOURCE -D_FILE_OFFSET_BITS=64 -D_GNU_SOURCE   -I/usr/src/php/ext/bcmath/libbcmath/src -DZEND_ENABLE_STATIC_TSRMLS_CACHE=1 -DZEND_COMPILE_DL_EXT=1 -c /usr/src/php/ext/bcmath/libbcmath/src/nearzero.c -o libbcmath/src/nearzero.lo  -MMD -MF libbcmath/src/nearzero.dep -MT libbcmath/src/nearzero.lo
 cc -I. -I/usr/src/php/ext/bcmath -I/usr/src/php/ext/bcmath/include -I/usr/src/php/ext/bcmath/main -I/usr/src/php/ext/bcmath -I/usr/local/include/php -I/usr/local/include/php/main -I/usr/local/include/php/TSRM -I/usr/local/include/php/Zend -I/usr/local/include/php/ext -I/usr/local/include/php/ext/date/lib -fstack-protector-strong -fpic -fpie -O2 -D_LARGEFILE_SOURCE -D_FILE_OFFSET_BITS=64 -DHAVE_CONFIG_H -fstack-protector-strong -fpic -fpie -O2 -D_LARGEFILE_SOURCE -D_FILE_OFFSET_BITS=64 -D_GNU_SOURCE -I/usr/src/php/ext/bcmath/libbcmath/src -DZEND_ENABLE_STATIC_TSRMLS_CACHE=1 -DZEND_COMPILE_DL_EXT=1 -c /usr/src/php/ext/bcmath/libbcmath/src/nearzero.c -MMD -MF libbcmath/src/nearzero.dep -MT libbcmath/src/nearzero.lo  -fPIC -DPIC -o libbcmath/src/.libs/nearzero.o
/bin/sh /usr/src/php/ext/bcmath/libtool --tag=CC --mode=compile cc -I. -I/usr/src/php/ext/bcmath -I/usr/src/php/ext/bcmath/include -I/usr/src/php/ext/bcmath/main -I/usr/src/php/ext/bcmath -I/usr/local/include/php -I/usr/local/include/php/main -I/usr/local/include/php/TSRM -I/usr/local/include/php/Zend -I/usr/local/include/php/ext -I/usr/local/include/php/ext/date/lib  -fstack-protector-strong -fpic -fpie -O2 -D_LARGEFILE_SOURCE -D_FILE_OFFSET_BITS=64 -DHAVE_CONFIG_H  -fstack-protector-strong -fpic -fpie -O2 -D_LARGEFILE_SOURCE -D_FILE_OFFSET_BITS=64 -D_GNU_SOURCE   -I/usr/src/php/ext/bcmath/libbcmath/src -DZEND_ENABLE_STATIC_TSRMLS_CACHE=1 -DZEND_COMPILE_DL_EXT=1 -c /usr/src/php/ext/bcmath/libbcmath/src/num2str.c -o libbcmath/src/num2str.lo  -MMD -MF libbcmath/src/num2str.dep -MT libbcmath/src/num2str.lo
 cc -I. -I/usr/src/php/ext/bcmath -I/usr/src/php/ext/bcmath/include -I/usr/src/php/ext/bcmath/main -I/usr/src/php/ext/bcmath -I/usr/local/include/php -I/usr/local/include/php/main -I/usr/local/include/php/TSRM -I/usr/local/include/php/Zend -I/usr/local/include/php/ext -I/usr/local/include/php/ext/date/lib -fstack-protector-strong -fpic -fpie -O2 -D_LARGEFILE_SOURCE -D_FILE_OFFSET_BITS=64 -DHAVE_CONFIG_H -fstack-protector-strong -fpic -fpie -O2 -D_LARGEFILE_SOURCE -D_FILE_OFFSET_BITS=64 -D_GNU_SOURCE -I/usr/src/php/ext/bcmath/libbcmath/src -DZEND_ENABLE_STATIC_TSRMLS_CACHE=1 -DZEND_COMPILE_DL_EXT=1 -c /usr/src/php/ext/bcmath/libbcmath/src/num2str.c -MMD -MF libbcmath/src/num2str.dep -MT libbcmath/src/num2str.lo  -fPIC -DPIC -o libbcmath/src/.libs/num2str.o
/bin/sh /usr/src/php/ext/bcmath/libtool --tag=CC --mode=compile cc -I. -I/usr/src/php/ext/bcmath -I/usr/src/php/ext/bcmath/include -I/usr/src/php/ext/bcmath/main -I/usr/src/php/ext/bcmath -I/usr/local/include/php -I/usr/local/include/php/main -I/usr/local/include/php/TSRM -I/usr/local/include/php/Zend -I/usr/local/include/php/ext -I/usr/local/include/php/ext/date/lib  -fstack-protector-strong -fpic -fpie -O2 -D_LARGEFILE_SOURCE -D_FILE_OFFSET_BITS=64 -DHAVE_CONFIG_H  -fstack-protector-strong -fpic -fpie -O2 -D_LARGEFILE_SOURCE -D_FILE_OFFSET_BITS=64 -D_GNU_SOURCE   -I/usr/src/php/ext/bcmath/libbcmath/src -DZEND_ENABLE_STATIC_TSRMLS_CACHE=1 -DZEND_COMPILE_DL_EXT=1 -c /usr/src/php/ext/bcmath/libbcmath/src/raise.c -o libbcmath/src/raise.lo  -MMD -MF libbcmath/src/raise.dep -MT libbcmath/src/raise.lo
 cc -I. -I/usr/src/php/ext/bcmath -I/usr/src/php/ext/bcmath/include -I/usr/src/php/ext/bcmath/main -I/usr/src/php/ext/bcmath -I/usr/local/include/php -I/usr/local/include/php/main -I/usr/local/include/php/TSRM -I/usr/local/include/php/Zend -I/usr/local/include/php/ext -I/usr/local/include/php/ext/date/lib -fstack-protector-strong -fpic -fpie -O2 -D_LARGEFILE_SOURCE -D_FILE_OFFSET_BITS=64 -DHAVE_CONFIG_H -fstack-protector-strong -fpic -fpie -O2 -D_LARGEFILE_SOURCE -D_FILE_OFFSET_BITS=64 -D_GNU_SOURCE -I/usr/src/php/ext/bcmath/libbcmath/src -DZEND_ENABLE_STATIC_TSRMLS_CACHE=1 -DZEND_COMPILE_DL_EXT=1 -c /usr/src/php/ext/bcmath/libbcmath/src/raise.c -MMD -MF libbcmath/src/raise.dep -MT libbcmath/src/raise.lo  -fPIC -DPIC -o libbcmath/src/.libs/raise.o
/bin/sh /usr/src/php/ext/bcmath/libtool --tag=CC --mode=compile cc -I. -I/usr/src/php/ext/bcmath -I/usr/src/php/ext/bcmath/include -I/usr/src/php/ext/bcmath/main -I/usr/src/php/ext/bcmath -I/usr/local/include/php -I/usr/local/include/php/main -I/usr/local/include/php/TSRM -I/usr/local/include/php/Zend -I/usr/local/include/php/ext -I/usr/local/include/php/ext/date/lib  -fstack-protector-strong -fpic -fpie -O2 -D_LARGEFILE_SOURCE -D_FILE_OFFSET_BITS=64 -DHAVE_CONFIG_H  -fstack-protector-strong -fpic -fpie -O2 -D_LARGEFILE_SOURCE -D_FILE_OFFSET_BITS=64 -D_GNU_SOURCE   -I/usr/src/php/ext/bcmath/libbcmath/src -DZEND_ENABLE_STATIC_TSRMLS_CACHE=1 -DZEND_COMPILE_DL_EXT=1 -c /usr/src/php/ext/bcmath/libbcmath/src/rmzero.c -o libbcmath/src/rmzero.lo  -MMD -MF libbcmath/src/rmzero.dep -MT libbcmath/src/rmzero.lo
 cc -I. -I/usr/src/php/ext/bcmath -I/usr/src/php/ext/bcmath/include -I/usr/src/php/ext/bcmath/main -I/usr/src/php/ext/bcmath -I/usr/local/include/php -I/usr/local/include/php/main -I/usr/local/include/php/TSRM -I/usr/local/include/php/Zend -I/usr/local/include/php/ext -I/usr/local/include/php/ext/date/lib -fstack-protector-strong -fpic -fpie -O2 -D_LARGEFILE_SOURCE -D_FILE_OFFSET_BITS=64 -DHAVE_CONFIG_H -fstack-protector-strong -fpic -fpie -O2 -D_LARGEFILE_SOURCE -D_FILE_OFFSET_BITS=64 -D_GNU_SOURCE -I/usr/src/php/ext/bcmath/libbcmath/src -DZEND_ENABLE_STATIC_TSRMLS_CACHE=1 -DZEND_COMPILE_DL_EXT=1 -c /usr/src/php/ext/bcmath/libbcmath/src/rmzero.c -MMD -MF libbcmath/src/rmzero.dep -MT libbcmath/src/rmzero.lo  -fPIC -DPIC -o libbcmath/src/.libs/rmzero.o
/bin/sh /usr/src/php/ext/bcmath/libtool --tag=CC --mode=compile cc -I. -I/usr/src/php/ext/bcmath -I/usr/src/php/ext/bcmath/include -I/usr/src/php/ext/bcmath/main -I/usr/src/php/ext/bcmath -I/usr/local/include/php -I/usr/local/include/php/main -I/usr/local/include/php/TSRM -I/usr/local/include/php/Zend -I/usr/local/include/php/ext -I/usr/local/include/php/ext/date/lib  -fstack-protector-strong -fpic -fpie -O2 -D_LARGEFILE_SOURCE -D_FILE_OFFSET_BITS=64 -DHAVE_CONFIG_H  -fstack-protector-strong -fpic -fpie -O2 -D_LARGEFILE_SOURCE -D_FILE_OFFSET_BITS=64 -D_GNU_SOURCE   -I/usr/src/php/ext/bcmath/libbcmath/src -DZEND_ENABLE_STATIC_TSRMLS_CACHE=1 -DZEND_COMPILE_DL_EXT=1 -c /usr/src/php/ext/bcmath/libbcmath/src/str2num.c -o libbcmath/src/str2num.lo  -MMD -MF libbcmath/src/str2num.dep -MT libbcmath/src/str2num.lo
 cc -I. -I/usr/src/php/ext/bcmath -I/usr/src/php/ext/bcmath/include -I/usr/src/php/ext/bcmath/main -I/usr/src/php/ext/bcmath -I/usr/local/include/php -I/usr/local/include/php/main -I/usr/local/include/php/TSRM -I/usr/local/include/php/Zend -I/usr/local/include/php/ext -I/usr/local/include/php/ext/date/lib -fstack-protector-strong -fpic -fpie -O2 -D_LARGEFILE_SOURCE -D_FILE_OFFSET_BITS=64 -DHAVE_CONFIG_H -fstack-protector-strong -fpic -fpie -O2 -D_LARGEFILE_SOURCE -D_FILE_OFFSET_BITS=64 -D_GNU_SOURCE -I/usr/src/php/ext/bcmath/libbcmath/src -DZEND_ENABLE_STATIC_TSRMLS_CACHE=1 -DZEND_COMPILE_DL_EXT=1 -c /usr/src/php/ext/bcmath/libbcmath/src/str2num.c -MMD -MF libbcmath/src/str2num.dep -MT libbcmath/src/str2num.lo  -fPIC -DPIC -o libbcmath/src/.libs/str2num.o
/bin/sh /usr/src/php/ext/bcmath/libtool --tag=CC --mode=link cc -shared -I/usr/src/php/ext/bcmath/include -I/usr/src/php/ext/bcmath/main -I/usr/src/php/ext/bcmath -I/usr/local/include/php -I/usr/local/include/php/main -I/usr/local/include/php/TSRM -I/usr/local/include/php/Zend -I/usr/local/include/php/ext -I/usr/local/include/php/ext/date/lib  -fstack-protector-strong -fpic -fpie -O2 -D_LARGEFILE_SOURCE -D_FILE_OFFSET_BITS=64 -DHAVE_CONFIG_H  -fstack-protector-strong -fpic -fpie -O2 -D_LARGEFILE_SOURCE -D_FILE_OFFSET_BITS=64 -D_GNU_SOURCE  -Wl,-O1 -pie  -o bcmath.la -export-dynamic -avoid-version -prefer-pic -module -rpath /usr/src/php/ext/bcmath/modules  bcmath.lo libbcmath/src/add.lo libbcmath/src/div.lo libbcmath/src/init.lo libbcmath/src/neg.lo libbcmath/src/raisemod.lo libbcmath/src/sub.lo libbcmath/src/compare.lo libbcmath/src/divmod.lo libbcmath/src/int2num.lo libbcmath/src/num2long.lo libbcmath/src/output.lo libbcmath/src/recmul.lo libbcmath/src/sqrt.lo libbcmath/src/zero.lo libbcmath/src/debug.lo libbcmath/src/doaddsub.lo libbcmath/src/nearzero.lo libbcmath/src/num2str.lo libbcmath/src/raise.lo libbcmath/src/rmzero.lo libbcmath/src/str2num.lo 
cc -shared  .libs/bcmath.o libbcmath/src/.libs/add.o libbcmath/src/.libs/div.o libbcmath/src/.libs/init.o libbcmath/src/.libs/neg.o libbcmath/src/.libs/raisemod.o libbcmath/src/.libs/sub.o libbcmath/src/.libs/compare.o libbcmath/src/.libs/divmod.o libbcmath/src/.libs/int2num.o libbcmath/src/.libs/num2long.o libbcmath/src/.libs/output.o libbcmath/src/.libs/recmul.o libbcmath/src/.libs/sqrt.o libbcmath/src/.libs/zero.o libbcmath/src/.libs/debug.o libbcmath/src/.libs/doaddsub.o libbcmath/src/.libs/nearzero.o libbcmath/src/.libs/num2str.o libbcmath/src/.libs/raise.o libbcmath/src/.libs/rmzero.o libbcmath/src/.libs/str2num.o   -Wl,-O1 -Wl,-soname -Wl,bcmath.so -o .libs/bcmath.so
creating bcmath.la
(cd .libs && rm -f bcmath.la && ln -s ../bcmath.la bcmath.la)
/bin/sh /usr/src/php/ext/bcmath/libtool --tag=CC --mode=install cp ./bcmath.la /usr/src/php/ext/bcmath/modules
cp ./.libs/bcmath.so /usr/src/php/ext/bcmath/modules/bcmath.so
cp ./.libs/bcmath.lai /usr/src/php/ext/bcmath/modules/bcmath.la
PATH="$PATH:/sbin" ldconfig -n /usr/src/php/ext/bcmath/modules
----------------------------------------------------------------------
Libraries have been installed in:
   /usr/src/php/ext/bcmath/modules

If you ever happen to want to link against installed libraries
in a given directory, LIBDIR, you must either use libtool, and
specify the full pathname of the library, or use the `-LLIBDIR'
flag during linking and do at least one of the following:
   - add LIBDIR to the `LD_LIBRARY_PATH' environment variable
     during execution
   - add LIBDIR to the `LD_RUN_PATH' environment variable
     during linking
   - use the `-Wl,--rpath -Wl,LIBDIR' linker flag

See any operating system documentation about shared libraries for
more information, such as the ld(1) and ld.so(8) manual pages.
----------------------------------------------------------------------

Build complete.
Don't forget to run 'make test'.

[91m+ strip --strip-all modules/bcmath.so
[0mInstalling shared extensions:     /usr/local/lib/php/extensions/no-debug-non-zts-20220829/
find . -name \*.gcno -o -name \*.gcda | xargs rm -f
find . -name \*.lo -o -name \*.o -o -name \*.dep | xargs rm -f
find . -name \*.la -o -name \*.a | xargs rm -f
find . -name \*.so | xargs rm -f
find . -name .libs -a -type d|xargs rm -rf
rm -f libphp.la      modules/* libs/*
rm -f ext/opcache/jit/zend_jit_x86.c
rm -f ext/opcache/jit/zend_jit_arm64.c
rm -f ext/opcache/minilua
/bin/sh /usr/src/php/ext/gd/libtool --tag=CC --mode=compile cc -I. -I/usr/src/php/ext/gd -I/usr/src/php/ext/gd/include -I/usr/src/php/ext/gd/main -I/usr/src/php/ext/gd -I/usr/local/include/php -I/usr/local/include/php/main -I/usr/local/include/php/TSRM -I/usr/local/include/php/Zend -I/usr/local/include/php/ext -I/usr/local/include/php/ext/date/lib -I/usr/include/libpng16 -I/usr/include/freetype2  -fstack-protector-strong -fpic -fpie -O2 -D_LARGEFILE_SOURCE -D_FILE_OFFSET_BITS=64 -DHAVE_CONFIG_H  -fstack-protector-strong -fpic -fpie -O2 -D_LARGEFILE_SOURCE -D_FILE_OFFSET_BITS=64 -D_GNU_SOURCE   -I/usr/src/php/ext/gd/libgd -DZEND_COMPILE_DL_EXT=1 -c /usr/src/php/ext/gd/gd.c -o gd.lo  -MMD -MF gd.dep -MT gd.lo
mkdir .libs
 cc -I. -I/usr/src/php/ext/gd -I/usr/src/php/ext/gd/include -I/usr/src/php/ext/gd/main -I/usr/src/php/ext/gd -I/usr/local/include/php -I/usr/local/include/php/main -I/usr/local/include/php/TSRM -I/usr/local/include/php/Zend -I/usr/local/include/php/ext -I/usr/local/include/php/ext/date/lib -I/usr/include/libpng16 -I/usr/include/freetype2 -fstack-protector-strong -fpic -fpie -O2 -D_LARGEFILE_SOURCE -D_FILE_OFFSET_BITS=64 -DHAVE_CONFIG_H -fstack-protector-strong -fpic -fpie -O2 -D_LARGEFILE_SOURCE -D_FILE_OFFSET_BITS=64 -D_GNU_SOURCE -I/usr/src/php/ext/gd/libgd -DZEND_COMPILE_DL_EXT=1 -c /usr/src/php/ext/gd/gd.c -MMD -MF gd.dep -MT gd.lo  -fPIC -DPIC -o .libs/gd.o
/bin/sh /usr/src/php/ext/gd/libtool --tag=CC --mode=compile cc -I. -I/usr/src/php/ext/gd -I/usr/src/php/ext/gd/include -I/usr/src/php/ext/gd/main -I/usr/src/php/ext/gd -I/usr/local/include/php -I/usr/local/include/php/main -I/usr/local/include/php/TSRM -I/usr/local/include/php/Zend -I/usr/local/include/php/ext -I/usr/local/include/php/ext/date/lib -I/usr/include/libpng16 -I/usr/include/freetype2  -fstack-protector-strong -fpic -fpie -O2 -D_LARGEFILE_SOURCE -D_FILE_OFFSET_BITS=64 -DHAVE_CONFIG_H  -fstack-protector-strong -fpic -fpie -O2 -D_LARGEFILE_SOURCE -D_FILE_OFFSET_BITS=64 -D_GNU_SOURCE   -I/usr/src/php/ext/gd/libgd -DZEND_COMPILE_DL_EXT=1 -c /usr/src/php/ext/gd/libgd/gd.c -o libgd/gd.lo  -MMD -MF libgd/gd.dep -MT libgd/gd.lo
mkdir libgd/.libs
 cc -I. -I/usr/src/php/ext/gd -I/usr/src/php/ext/gd/include -I/usr/src/php/ext/gd/main -I/usr/src/php/ext/gd -I/usr/local/include/php -I/usr/local/include/php/main -I/usr/local/include/php/TSRM -I/usr/local/include/php/Zend -I/usr/local/include/php/ext -I/usr/local/include/php/ext/date/lib -I/usr/include/libpng16 -I/usr/include/freetype2 -fstack-protector-strong -fpic -fpie -O2 -D_LARGEFILE_SOURCE -D_FILE_OFFSET_BITS=64 -DHAVE_CONFIG_H -fstack-protector-strong -fpic -fpie -O2 -D_LARGEFILE_SOURCE -D_FILE_OFFSET_BITS=64 -D_GNU_SOURCE -I/usr/src/php/ext/gd/libgd -DZEND_COMPILE_DL_EXT=1 -c /usr/src/php/ext/gd/libgd/gd.c -MMD -MF libgd/gd.dep -MT libgd/gd.lo  -fPIC -DPIC -o libgd/.libs/gd.o
/bin/sh /usr/src/php/ext/gd/libtool --tag=CC --mode=compile cc -I. -I/usr/src/php/ext/gd -I/usr/src/php/ext/gd/include -I/usr/src/php/ext/gd/main -I/usr/src/php/ext/gd -I/usr/local/include/php -I/usr/local/include/php/main -I/usr/local/include/php/TSRM -I/usr/local/include/php/Zend -I/usr/local/include/php/ext -I/usr/local/include/php/ext/date/lib -I/usr/include/libpng16 -I/usr/include/freetype2  -fstack-protector-strong -fpic -fpie -O2 -D_LARGEFILE_SOURCE -D_FILE_OFFSET_BITS=64 -DHAVE_CONFIG_H  -fstack-protector-strong -fpic -fpie -O2 -D_LARGEFILE_SOURCE -D_FILE_OFFSET_BITS=64 -D_GNU_SOURCE   -I/usr/src/php/ext/gd/libgd -DZEND_COMPILE_DL_EXT=1 -c /usr/src/php/ext/gd/libgd/gd_gd.c -o libgd/gd_gd.lo  -MMD -MF libgd/gd_gd.dep -MT libgd/gd_gd.lo
 cc -I. -I/usr/src/php/ext/gd -I/usr/src/php/ext/gd/include -I/usr/src/php/ext/gd/main -I/usr/src/php/ext/gd -I/usr/local/include/php -I/usr/local/include/php/main -I/usr/local/include/php/TSRM -I/usr/local/include/php/Zend -I/usr/local/include/php/ext -I/usr/local/include/php/ext/date/lib -I/usr/include/libpng16 -I/usr/include/freetype2 -fstack-protector-strong -fpic -fpie -O2 -D_LARGEFILE_SOURCE -D_FILE_OFFSET_BITS=64 -DHAVE_CONFIG_H -fstack-protector-strong -fpic -fpie -O2 -D_LARGEFILE_SOURCE -D_FILE_OFFSET_BITS=64 -D_GNU_SOURCE -I/usr/src/php/ext/gd/libgd -DZEND_COMPILE_DL_EXT=1 -c /usr/src/php/ext/gd/libgd/gd_gd.c -MMD -MF libgd/gd_gd.dep -MT libgd/gd_gd.lo  -fPIC -DPIC -o libgd/.libs/gd_gd.o
/bin/sh /usr/src/php/ext/gd/libtool --tag=CC --mode=compile cc -I. -I/usr/src/php/ext/gd -I/usr/src/php/ext/gd/include -I/usr/src/php/ext/gd/main -I/usr/src/php/ext/gd -I/usr/local/include/php -I/usr/local/include/php/main -I/usr/local/include/php/TSRM -I/usr/local/include/php/Zend -I/usr/local/include/php/ext -I/usr/local/include/php/ext/date/lib -I/usr/include/libpng16 -I/usr/include/freetype2  -fstack-protector-strong -fpic -fpie -O2 -D_LARGEFILE_SOURCE -D_FILE_OFFSET_BITS=64 -DHAVE_CONFIG_H  -fstack-protector-strong -fpic -fpie -O2 -D_LARGEFILE_SOURCE -D_FILE_OFFSET_BITS=64 -D_GNU_SOURCE   -I/usr/src/php/ext/gd/libgd -DZEND_COMPILE_DL_EXT=1 -c /usr/src/php/ext/gd/libgd/gd_gd2.c -o libgd/gd_gd2.lo  -MMD -MF libgd/gd_gd2.dep -MT libgd/gd_gd2.lo
 cc -I. -I/usr/src/php/ext/gd -I/usr/src/php/ext/gd/include -I/usr/src/php/ext/gd/main -I/usr/src/php/ext/gd -I/usr/local/include/php -I/usr/local/include/php/main -I/usr/local/include/php/TSRM -I/usr/local/include/php/Zend -I/usr/local/include/php/ext -I/usr/local/include/php/ext/date/lib -I/usr/include/libpng16 -I/usr/include/freetype2 -fstack-protector-strong -fpic -fpie -O2 -D_LARGEFILE_SOURCE -D_FILE_OFFSET_BITS=64 -DHAVE_CONFIG_H -fstack-protector-strong -fpic -fpie -O2 -D_LARGEFILE_SOURCE -D_FILE_OFFSET_BITS=64 -D_GNU_SOURCE -I/usr/src/php/ext/gd/libgd -DZEND_COMPILE_DL_EXT=1 -c /usr/src/php/ext/gd/libgd/gd_gd2.c -MMD -MF libgd/gd_gd2.dep -MT libgd/gd_gd2.lo  -fPIC -DPIC -o libgd/.libs/gd_gd2.o
/bin/sh /usr/src/php/ext/gd/libtool --tag=CC --mode=compile cc -I. -I/usr/src/php/ext/gd -I/usr/src/php/ext/gd/include -I/usr/src/php/ext/gd/main -I/usr/src/php/ext/gd -I/usr/local/include/php -I/usr/local/include/php/main -I/usr/local/include/php/TSRM -I/usr/local/include/php/Zend -I/usr/local/include/php/ext -I/usr/local/include/php/ext/date/lib -I/usr/include/libpng16 -I/usr/include/freetype2  -fstack-protector-strong -fpic -fpie -O2 -D_LARGEFILE_SOURCE -D_FILE_OFFSET_BITS=64 -DHAVE_CONFIG_H  -fstack-protector-strong -fpic -fpie -O2 -D_LARGEFILE_SOURCE -D_FILE_OFFSET_BITS=64 -D_GNU_SOURCE   -I/usr/src/php/ext/gd/libgd -DZEND_COMPILE_DL_EXT=1 -c /usr/src/php/ext/gd/libgd/gd_io.c -o libgd/gd_io.lo  -MMD -MF libgd/gd_io.dep -MT libgd/gd_io.lo
 cc -I. -I/usr/src/php/ext/gd -I/usr/src/php/ext/gd/include -I/usr/src/php/ext/gd/main -I/usr/src/php/ext/gd -I/usr/local/include/php -I/usr/local/include/php/main -I/usr/local/include/php/TSRM -I/usr/local/include/php/Zend -I/usr/local/include/php/ext -I/usr/local/include/php/ext/date/lib -I/usr/include/libpng16 -I/usr/include/freetype2 -fstack-protector-strong -fpic -fpie -O2 -D_LARGEFILE_SOURCE -D_FILE_OFFSET_BITS=64 -DHAVE_CONFIG_H -fstack-protector-strong -fpic -fpie -O2 -D_LARGEFILE_SOURCE -D_FILE_OFFSET_BITS=64 -D_GNU_SOURCE -I/usr/src/php/ext/gd/libgd -DZEND_COMPILE_DL_EXT=1 -c /usr/src/php/ext/gd/libgd/gd_io.c -MMD -MF libgd/gd_io.dep -MT libgd/gd_io.lo  -fPIC -DPIC -o libgd/.libs/gd_io.o
/bin/sh /usr/src/php/ext/gd/libtool --tag=CC --mode=compile cc -I. -I/usr/src/php/ext/gd -I/usr/src/php/ext/gd/include -I/usr/src/php/ext/gd/main -I/usr/src/php/ext/gd -I/usr/local/include/php -I/usr/local/include/php/main -I/usr/local/include/php/TSRM -I/usr/local/include/php/Zend -I/usr/local/include/php/ext -I/usr/local/include/php/ext/date/lib -I/usr/include/libpng16 -I/usr/include/freetype2  -fstack-protector-strong -fpic -fpie -O2 -D_LARGEFILE_SOURCE -D_FILE_OFFSET_BITS=64 -DHAVE_CONFIG_H  -fstack-protector-strong -fpic -fpie -O2 -D_LARGEFILE_SOURCE -D_FILE_OFFSET_BITS=64 -D_GNU_SOURCE   -I/usr/src/php/ext/gd/libgd -DZEND_COMPILE_DL_EXT=1 -c /usr/src/php/ext/gd/libgd/gd_io_dp.c -o libgd/gd_io_dp.lo  -MMD -MF libgd/gd_io_dp.dep -MT libgd/gd_io_dp.lo
 cc -I. -I/usr/src/php/ext/gd -I/usr/src/php/ext/gd/include -I/usr/src/php/ext/gd/main -I/usr/src/php/ext/gd -I/usr/local/include/php -I/usr/local/include/php/main -I/usr/local/include/php/TSRM -I/usr/local/include/php/Zend -I/usr/local/include/php/ext -I/usr/local/include/php/ext/date/lib -I/usr/include/libpng16 -I/usr/include/freetype2 -fstack-protector-strong -fpic -fpie -O2 -D_LARGEFILE_SOURCE -D_FILE_OFFSET_BITS=64 -DHAVE_CONFIG_H -fstack-protector-strong -fpic -fpie -O2 -D_LARGEFILE_SOURCE -D_FILE_OFFSET_BITS=64 -D_GNU_SOURCE -I/usr/src/php/ext/gd/libgd -DZEND_COMPILE_DL_EXT=1 -c /usr/src/php/ext/gd/libgd/gd_io_dp.c -MMD -MF libgd/gd_io_dp.dep -MT libgd/gd_io_dp.lo  -fPIC -DPIC -o libgd/.libs/gd_io_dp.o
/bin/sh /usr/src/php/ext/gd/libtool --tag=CC --mode=compile cc -I. -I/usr/src/php/ext/gd -I/usr/src/php/ext/gd/include -I/usr/src/php/ext/gd/main -I/usr/src/php/ext/gd -I/usr/local/include/php -I/usr/local/include/php/main -I/usr/local/include/php/TSRM -I/usr/local/include/php/Zend -I/usr/local/include/php/ext -I/usr/local/include/php/ext/date/lib -I/usr/include/libpng16 -I/usr/include/freetype2  -fstack-protector-strong -fpic -fpie -O2 -D_LARGEFILE_SOURCE -D_FILE_OFFSET_BITS=64 -DHAVE_CONFIG_H  -fstack-protector-strong -fpic -fpie -O2 -D_LARGEFILE_SOURCE -D_FILE_OFFSET_BITS=64 -D_GNU_SOURCE   -I/usr/src/php/ext/gd/libgd -DZEND_COMPILE_DL_EXT=1 -c /usr/src/php/ext/gd/libgd/gd_io_file.c -o libgd/gd_io_file.lo  -MMD -MF libgd/gd_io_file.dep -MT libgd/gd_io_file.lo
 cc -I. -I/usr/src/php/ext/gd -I/usr/src/php/ext/gd/include -I/usr/src/php/ext/gd/main -I/usr/src/php/ext/gd -I/usr/local/include/php -I/usr/local/include/php/main -I/usr/local/include/php/TSRM -I/usr/local/include/php/Zend -I/usr/local/include/php/ext -I/usr/local/include/php/ext/date/lib -I/usr/include/libpng16 -I/usr/include/freetype2 -fstack-protector-strong -fpic -fpie -O2 -D_LARGEFILE_SOURCE -D_FILE_OFFSET_BITS=64 -DHAVE_CONFIG_H -fstack-protector-strong -fpic -fpie -O2 -D_LARGEFILE_SOURCE -D_FILE_OFFSET_BITS=64 -D_GNU_SOURCE -I/usr/src/php/ext/gd/libgd -DZEND_COMPILE_DL_EXT=1 -c /usr/src/php/ext/gd/libgd/gd_io_file.c -MMD -MF libgd/gd_io_file.dep -MT libgd/gd_io_file.lo  -fPIC -DPIC -o libgd/.libs/gd_io_file.o
/bin/sh /usr/src/php/ext/gd/libtool --tag=CC --mode=compile cc -I. -I/usr/src/php/ext/gd -I/usr/src/php/ext/gd/include -I/usr/src/php/ext/gd/main -I/usr/src/php/ext/gd -I/usr/local/include/php -I/usr/local/include/php/main -I/usr/local/include/php/TSRM -I/usr/local/include/php/Zend -I/usr/local/include/php/ext -I/usr/local/include/php/ext/date/lib -I/usr/include/libpng16 -I/usr/include/freetype2  -fstack-protector-strong -fpic -fpie -O2 -D_LARGEFILE_SOURCE -D_FILE_OFFSET_BITS=64 -DHAVE_CONFIG_H  -fstack-protector-strong -fpic -fpie -O2 -D_LARGEFILE_SOURCE -D_FILE_OFFSET_BITS=64 -D_GNU_SOURCE   -I/usr/src/php/ext/gd/libgd -DZEND_COMPILE_DL_EXT=1 -c /usr/src/php/ext/gd/libgd/gd_ss.c -o libgd/gd_ss.lo  -MMD -MF libgd/gd_ss.dep -MT libgd/gd_ss.lo
 cc -I. -I/usr/src/php/ext/gd -I/usr/src/php/ext/gd/include -I/usr/src/php/ext/gd/main -I/usr/src/php/ext/gd -I/usr/local/include/php -I/usr/local/include/php/main -I/usr/local/include/php/TSRM -I/usr/local/include/php/Zend -I/usr/local/include/php/ext -I/usr/local/include/php/ext/date/lib -I/usr/include/libpng16 -I/usr/include/freetype2 -fstack-protector-strong -fpic -fpie -O2 -D_LARGEFILE_SOURCE -D_FILE_OFFSET_BITS=64 -DHAVE_CONFIG_H -fstack-protector-strong -fpic -fpie -O2 -D_LARGEFILE_SOURCE -D_FILE_OFFSET_BITS=64 -D_GNU_SOURCE -I/usr/src/php/ext/gd/libgd -DZEND_COMPILE_DL_EXT=1 -c /usr/src/php/ext/gd/libgd/gd_ss.c -MMD -MF libgd/gd_ss.dep -MT libgd/gd_ss.lo  -fPIC -DPIC -o libgd/.libs/gd_ss.o
/bin/sh /usr/src/php/ext/gd/libtool --tag=CC --mode=compile cc -I. -I/usr/src/php/ext/gd -I/usr/src/php/ext/gd/include -I/usr/src/php/ext/gd/main -I/usr/src/php/ext/gd -I/usr/local/include/php -I/usr/local/include/php/main -I/usr/local/include/php/TSRM -I/usr/local/include/php/Zend -I/usr/local/include/php/ext -I/usr/local/include/php/ext/date/lib -I/usr/include/libpng16 -I/usr/include/freetype2  -fstack-protector-strong -fpic -fpie -O2 -D_LARGEFILE_SOURCE -D_FILE_OFFSET_BITS=64 -DHAVE_CONFIG_H  -fstack-protector-strong -fpic -fpie -O2 -D_LARGEFILE_SOURCE -D_FILE_OFFSET_BITS=64 -D_GNU_SOURCE   -I/usr/src/php/ext/gd/libgd -DZEND_COMPILE_DL_EXT=1 -c /usr/src/php/ext/gd/libgd/gd_io_ss.c -o libgd/gd_io_ss.lo  -MMD -MF libgd/gd_io_ss.dep -MT libgd/gd_io_ss.lo
 cc -I. -I/usr/src/php/ext/gd -I/usr/src/php/ext/gd/include -I/usr/src/php/ext/gd/main -I/usr/src/php/ext/gd -I/usr/local/include/php -I/usr/local/include/php/main -I/usr/local/include/php/TSRM -I/usr/local/include/php/Zend -I/usr/local/include/php/ext -I/usr/local/include/php/ext/date/lib -I/usr/include/libpng16 -I/usr/include/freetype2 -fstack-protector-strong -fpic -fpie -O2 -D_LARGEFILE_SOURCE -D_FILE_OFFSET_BITS=64 -DHAVE_CONFIG_H -fstack-protector-strong -fpic -fpie -O2 -D_LARGEFILE_SOURCE -D_FILE_OFFSET_BITS=64 -D_GNU_SOURCE -I/usr/src/php/ext/gd/libgd -DZEND_COMPILE_DL_EXT=1 -c /usr/src/php/ext/gd/libgd/gd_io_ss.c -MMD -MF libgd/gd_io_ss.dep -MT libgd/gd_io_ss.lo  -fPIC -DPIC -o libgd/.libs/gd_io_ss.o
/bin/sh /usr/src/php/ext/gd/libtool --tag=CC --mode=compile cc -I. -I/usr/src/php/ext/gd -I/usr/src/php/ext/gd/include -I/usr/src/php/ext/gd/main -I/usr/src/php/ext/gd -I/usr/local/include/php -I/usr/local/include/php/main -I/usr/local/include/php/TSRM -I/usr/local/include/php/Zend -I/usr/local/include/php/ext -I/usr/local/include/php/ext/date/lib -I/usr/include/libpng16 -I/usr/include/freetype2  -fstack-protector-strong -fpic -fpie -O2 -D_LARGEFILE_SOURCE -D_FILE_OFFSET_BITS=64 -DHAVE_CONFIG_H  -fstack-protector-strong -fpic -fpie -O2 -D_LARGEFILE_SOURCE -D_FILE_OFFSET_BITS=64 -D_GNU_SOURCE   -I/usr/src/php/ext/gd/libgd -DZEND_COMPILE_DL_EXT=1 -c /usr/src/php/ext/gd/libgd/gd_webp.c -o libgd/gd_webp.lo  -MMD -MF libgd/gd_webp.dep -MT libgd/gd_webp.lo
 cc -I. -I/usr/src/php/ext/gd -I/usr/src/php/ext/gd/include -I/usr/src/php/ext/gd/main -I/usr/src/php/ext/gd -I/usr/local/include/php -I/usr/local/include/php/main -I/usr/local/include/php/TSRM -I/usr/local/include/php/Zend -I/usr/local/include/php/ext -I/usr/local/include/php/ext/date/lib -I/usr/include/libpng16 -I/usr/include/freetype2 -fstack-protector-strong -fpic -fpie -O2 -D_LARGEFILE_SOURCE -D_FILE_OFFSET_BITS=64 -DHAVE_CONFIG_H -fstack-protector-strong -fpic -fpie -O2 -D_LARGEFILE_SOURCE -D_FILE_OFFSET_BITS=64 -D_GNU_SOURCE -I/usr/src/php/ext/gd/libgd -DZEND_COMPILE_DL_EXT=1 -c /usr/src/php/ext/gd/libgd/gd_webp.c -MMD -MF libgd/gd_webp.dep -MT libgd/gd_webp.lo  -fPIC -DPIC -o libgd/.libs/gd_webp.o
/bin/sh /usr/src/php/ext/gd/libtool --tag=CC --mode=compile cc -I. -I/usr/src/php/ext/gd -I/usr/src/php/ext/gd/include -I/usr/src/php/ext/gd/main -I/usr/src/php/ext/gd -I/usr/local/include/php -I/usr/local/include/php/main -I/usr/local/include/php/TSRM -I/usr/local/include/php/Zend -I/usr/local/include/php/ext -I/usr/local/include/php/ext/date/lib -I/usr/include/libpng16 -I/usr/include/freetype2  -fstack-protector-strong -fpic -fpie -O2 -D_LARGEFILE_SOURCE -D_FILE_OFFSET_BITS=64 -DHAVE_CONFIG_H  -fstack-protector-strong -fpic -fpie -O2 -D_LARGEFILE_SOURCE -D_FILE_OFFSET_BITS=64 -D_GNU_SOURCE   -I/usr/src/php/ext/gd/libgd -DZEND_COMPILE_DL_EXT=1 -c /usr/src/php/ext/gd/libgd/gd_avif.c -o libgd/gd_avif.lo  -MMD -MF libgd/gd_avif.dep -MT libgd/gd_avif.lo
 cc -I. -I/usr/src/php/ext/gd -I/usr/src/php/ext/gd/include -I/usr/src/php/ext/gd/main -I/usr/src/php/ext/gd -I/usr/local/include/php -I/usr/local/include/php/main -I/usr/local/include/php/TSRM -I/usr/local/include/php/Zend -I/usr/local/include/php/ext -I/usr/local/include/php/ext/date/lib -I/usr/include/libpng16 -I/usr/include/freetype2 -fstack-protector-strong -fpic -fpie -O2 -D_LARGEFILE_SOURCE -D_FILE_OFFSET_BITS=64 -DHAVE_CONFIG_H -fstack-protector-strong -fpic -fpie -O2 -D_LARGEFILE_SOURCE -D_FILE_OFFSET_BITS=64 -D_GNU_SOURCE -I/usr/src/php/ext/gd/libgd -DZEND_COMPILE_DL_EXT=1 -c /usr/src/php/ext/gd/libgd/gd_avif.c -MMD -MF libgd/gd_avif.dep -MT libgd/gd_avif.lo  -fPIC -DPIC -o libgd/.libs/gd_avif.o
/bin/sh /usr/src/php/ext/gd/libtool --tag=CC --mode=compile cc -I. -I/usr/src/php/ext/gd -I/usr/src/php/ext/gd/include -I/usr/src/php/ext/gd/main -I/usr/src/php/ext/gd -I/usr/local/include/php -I/usr/local/include/php/main -I/usr/local/include/php/TSRM -I/usr/local/include/php/Zend -I/usr/local/include/php/ext -I/usr/local/include/php/ext/date/lib -I/usr/include/libpng16 -I/usr/include/freetype2  -fstack-protector-strong -fpic -fpie -O2 -D_LARGEFILE_SOURCE -D_FILE_OFFSET_BITS=64 -DHAVE_CONFIG_H  -fstack-protector-strong -fpic -fpie -O2 -D_LARGEFILE_SOURCE -D_FILE_OFFSET_BITS=64 -D_GNU_SOURCE   -I/usr/src/php/ext/gd/libgd -DZEND_COMPILE_DL_EXT=1 -c /usr/src/php/ext/gd/libgd/gd_png.c -o libgd/gd_png.lo  -MMD -MF libgd/gd_png.dep -MT libgd/gd_png.lo
 cc -I. -I/usr/src/php/ext/gd -I/usr/src/php/ext/gd/include -I/usr/src/php/ext/gd/main -I/usr/src/php/ext/gd -I/usr/local/include/php -I/usr/local/include/php/main -I/usr/local/include/php/TSRM -I/usr/local/include/php/Zend -I/usr/local/include/php/ext -I/usr/local/include/php/ext/date/lib -I/usr/include/libpng16 -I/usr/include/freetype2 -fstack-protector-strong -fpic -fpie -O2 -D_LARGEFILE_SOURCE -D_FILE_OFFSET_BITS=64 -DHAVE_CONFIG_H -fstack-protector-strong -fpic -fpie -O2 -D_LARGEFILE_SOURCE -D_FILE_OFFSET_BITS=64 -D_GNU_SOURCE -I/usr/src/php/ext/gd/libgd -DZEND_COMPILE_DL_EXT=1 -c /usr/src/php/ext/gd/libgd/gd_png.c -MMD -MF libgd/gd_png.dep -MT libgd/gd_png.lo  -fPIC -DPIC -o libgd/.libs/gd_png.o
/bin/sh /usr/src/php/ext/gd/libtool --tag=CC --mode=compile cc -I. -I/usr/src/php/ext/gd -I/usr/src/php/ext/gd/include -I/usr/src/php/ext/gd/main -I/usr/src/php/ext/gd -I/usr/local/include/php -I/usr/local/include/php/main -I/usr/local/include/php/TSRM -I/usr/local/include/php/Zend -I/usr/local/include/php/ext -I/usr/local/include/php/ext/date/lib -I/usr/include/libpng16 -I/usr/include/freetype2  -fstack-protector-strong -fpic -fpie -O2 -D_LARGEFILE_SOURCE -D_FILE_OFFSET_BITS=64 -DHAVE_CONFIG_H  -fstack-protector-strong -fpic -fpie -O2 -D_LARGEFILE_SOURCE -D_FILE_OFFSET_BITS=64 -D_GNU_SOURCE   -I/usr/src/php/ext/gd/libgd -DZEND_COMPILE_DL_EXT=1 -c /usr/src/php/ext/gd/libgd/gd_jpeg.c -o libgd/gd_jpeg.lo  -MMD -MF libgd/gd_jpeg.dep -MT libgd/gd_jpeg.lo
 cc -I. -I/usr/src/php/ext/gd -I/usr/src/php/ext/gd/include -I/usr/src/php/ext/gd/main -I/usr/src/php/ext/gd -I/usr/local/include/php -I/usr/local/include/php/main -I/usr/local/include/php/TSRM -I/usr/local/include/php/Zend -I/usr/local/include/php/ext -I/usr/local/include/php/ext/date/lib -I/usr/include/libpng16 -I/usr/include/freetype2 -fstack-protector-strong -fpic -fpie -O2 -D_LARGEFILE_SOURCE -D_FILE_OFFSET_BITS=64 -DHAVE_CONFIG_H -fstack-protector-strong -fpic -fpie -O2 -D_LARGEFILE_SOURCE -D_FILE_OFFSET_BITS=64 -D_GNU_SOURCE -I/usr/src/php/ext/gd/libgd -DZEND_COMPILE_DL_EXT=1 -c /usr/src/php/ext/gd/libgd/gd_jpeg.c -MMD -MF libgd/gd_jpeg.dep -MT libgd/gd_jpeg.lo  -fPIC -DPIC -o libgd/.libs/gd_jpeg.o
/bin/sh /usr/src/php/ext/gd/libtool --tag=CC --mode=compile cc -I. -I/usr/src/php/ext/gd -I/usr/src/php/ext/gd/include -I/usr/src/php/ext/gd/main -I/usr/src/php/ext/gd -I/usr/local/include/php -I/usr/local/include/php/main -I/usr/local/include/php/TSRM -I/usr/local/include/php/Zend -I/usr/local/include/php/ext -I/usr/local/include/php/ext/date/lib -I/usr/include/libpng16 -I/usr/include/freetype2  -fstack-protector-strong -fpic -fpie -O2 -D_LARGEFILE_SOURCE -D_FILE_OFFSET_BITS=64 -DHAVE_CONFIG_H  -fstack-protector-strong -fpic -fpie -O2 -D_LARGEFILE_SOURCE -D_FILE_OFFSET_BITS=64 -D_GNU_SOURCE   -I/usr/src/php/ext/gd/libgd -DZEND_COMPILE_DL_EXT=1 -c /usr/src/php/ext/gd/libgd/gdxpm.c -o libgd/gdxpm.lo  -MMD -MF libgd/gdxpm.dep -MT libgd/gdxpm.lo
 cc -I. -I/usr/src/php/ext/gd -I/usr/src/php/ext/gd/include -I/usr/src/php/ext/gd/main -I/usr/src/php/ext/gd -I/usr/local/include/php -I/usr/local/include/php/main -I/usr/local/include/php/TSRM -I/usr/local/include/php/Zend -I/usr/local/include/php/ext -I/usr/local/include/php/ext/date/lib -I/usr/include/libpng16 -I/usr/include/freetype2 -fstack-protector-strong -fpic -fpie -O2 -D_LARGEFILE_SOURCE -D_FILE_OFFSET_BITS=64 -DHAVE_CONFIG_H -fstack-protector-strong -fpic -fpie -O2 -D_LARGEFILE_SOURCE -D_FILE_OFFSET_BITS=64 -D_GNU_SOURCE -I/usr/src/php/ext/gd/libgd -DZEND_COMPILE_DL_EXT=1 -c /usr/src/php/ext/gd/libgd/gdxpm.c -MMD -MF libgd/gdxpm.dep -MT libgd/gdxpm.lo  -fPIC -DPIC -o libgd/.libs/gdxpm.o
/bin/sh /usr/src/php/ext/gd/libtool --tag=CC --mode=compile cc -I. -I/usr/src/php/ext/gd -I/usr/src/php/ext/gd/include -I/usr/src/php/ext/gd/main -I/usr/src/php/ext/gd -I/usr/local/include/php -I/usr/local/include/php/main -I/usr/local/include/php/TSRM -I/usr/local/include/php/Zend -I/usr/local/include/php/ext -I/usr/local/include/php/ext/date/lib -I/usr/include/libpng16 -I/usr/include/freetype2  -fstack-protector-strong -fpic -fpie -O2 -D_LARGEFILE_SOURCE -D_FILE_OFFSET_BITS=64 -DHAVE_CONFIG_H  -fstack-protector-strong -fpic -fpie -O2 -D_LARGEFILE_SOURCE -D_FILE_OFFSET_BITS=64 -D_GNU_SOURCE   -I/usr/src/php/ext/gd/libgd -DZEND_COMPILE_DL_EXT=1 -c /usr/src/php/ext/gd/libgd/gdfontt.c -o libgd/gdfontt.lo  -MMD -MF libgd/gdfontt.dep -MT libgd/gdfontt.lo
 cc -I. -I/usr/src/php/ext/gd -I/usr/src/php/ext/gd/include -I/usr/src/php/ext/gd/main -I/usr/src/php/ext/gd -I/usr/local/include/php -I/usr/local/include/php/main -I/usr/local/include/php/TSRM -I/usr/local/include/php/Zend -I/usr/local/include/php/ext -I/usr/local/include/php/ext/date/lib -I/usr/include/libpng16 -I/usr/include/freetype2 -fstack-protector-strong -fpic -fpie -O2 -D_LARGEFILE_SOURCE -D_FILE_OFFSET_BITS=64 -DHAVE_CONFIG_H -fstack-protector-strong -fpic -fpie -O2 -D_LARGEFILE_SOURCE -D_FILE_OFFSET_BITS=64 -D_GNU_SOURCE -I/usr/src/php/ext/gd/libgd -DZEND_COMPILE_DL_EXT=1 -c /usr/src/php/ext/gd/libgd/gdfontt.c -MMD -MF libgd/gdfontt.dep -MT libgd/gdfontt.lo  -fPIC -DPIC -o libgd/.libs/gdfontt.o
/bin/sh /usr/src/php/ext/gd/libtool --tag=CC --mode=compile cc -I. -I/usr/src/php/ext/gd -I/usr/src/php/ext/gd/include -I/usr/src/php/ext/gd/main -I/usr/src/php/ext/gd -I/usr/local/include/php -I/usr/local/include/php/main -I/usr/local/include/php/TSRM -I/usr/local/include/php/Zend -I/usr/local/include/php/ext -I/usr/local/include/php/ext/date/lib -I/usr/include/libpng16 -I/usr/include/freetype2  -fstack-protector-strong -fpic -fpie -O2 -D_LARGEFILE_SOURCE -D_FILE_OFFSET_BITS=64 -DHAVE_CONFIG_H  -fstack-protector-strong -fpic -fpie -O2 -D_LARGEFILE_SOURCE -D_FILE_OFFSET_BITS=64 -D_GNU_SOURCE   -I/usr/src/php/ext/gd/libgd -DZEND_COMPILE_DL_EXT=1 -c /usr/src/php/ext/gd/libgd/gdfonts.c -o libgd/gdfonts.lo  -MMD -MF libgd/gdfonts.dep -MT libgd/gdfonts.lo
 cc -I. -I/usr/src/php/ext/gd -I/usr/src/php/ext/gd/include -I/usr/src/php/ext/gd/main -I/usr/src/php/ext/gd -I/usr/local/include/php -I/usr/local/include/php/main -I/usr/local/include/php/TSRM -I/usr/local/include/php/Zend -I/usr/local/include/php/ext -I/usr/local/include/php/ext/date/lib -I/usr/include/libpng16 -I/usr/include/freetype2 -fstack-protector-strong -fpic -fpie -O2 -D_LARGEFILE_SOURCE -D_FILE_OFFSET_BITS=64 -DHAVE_CONFIG_H -fstack-protector-strong -fpic -fpie -O2 -D_LARGEFILE_SOURCE -D_FILE_OFFSET_BITS=64 -D_GNU_SOURCE -I/usr/src/php/ext/gd/libgd -DZEND_COMPILE_DL_EXT=1 -c /usr/src/php/ext/gd/libgd/gdfonts.c -MMD -MF libgd/gdfonts.dep -MT libgd/gdfonts.lo  -fPIC -DPIC -o libgd/.libs/gdfonts.o
/bin/sh /usr/src/php/ext/gd/libtool --tag=CC --mode=compile cc -I. -I/usr/src/php/ext/gd -I/usr/src/php/ext/gd/include -I/usr/src/php/ext/gd/main -I/usr/src/php/ext/gd -I/usr/local/include/php -I/usr/local/include/php/main -I/usr/local/include/php/TSRM -I/usr/local/include/php/Zend -I/usr/local/include/php/ext -I/usr/local/include/php/ext/date/lib -I/usr/include/libpng16 -I/usr/include/freetype2  -fstack-protector-strong -fpic -fpie -O2 -D_LARGEFILE_SOURCE -D_FILE_OFFSET_BITS=64 -DHAVE_CONFIG_H  -fstack-protector-strong -fpic -fpie -O2 -D_LARGEFILE_SOURCE -D_FILE_OFFSET_BITS=64 -D_GNU_SOURCE   -I/usr/src/php/ext/gd/libgd -DZEND_COMPILE_DL_EXT=1 -c /usr/src/php/ext/gd/libgd/gdfontmb.c -o libgd/gdfontmb.lo  -MMD -MF libgd/gdfontmb.dep -MT libgd/gdfontmb.lo
 cc -I. -I/usr/src/php/ext/gd -I/usr/src/php/ext/gd/include -I/usr/src/php/ext/gd/main -I/usr/src/php/ext/gd -I/usr/local/include/php -I/usr/local/include/php/main -I/usr/local/include/php/TSRM -I/usr/local/include/php/Zend -I/usr/local/include/php/ext -I/usr/local/include/php/ext/date/lib -I/usr/include/libpng16 -I/usr/include/freetype2 -fstack-protector-strong -fpic -fpie -O2 -D_LARGEFILE_SOURCE -D_FILE_OFFSET_BITS=64 -DHAVE_CONFIG_H -fstack-protector-strong -fpic -fpie -O2 -D_LARGEFILE_SOURCE -D_FILE_OFFSET_BITS=64 -D_GNU_SOURCE -I/usr/src/php/ext/gd/libgd -DZEND_COMPILE_DL_EXT=1 -c /usr/src/php/ext/gd/libgd/gdfontmb.c -MMD -MF libgd/gdfontmb.dep -MT libgd/gdfontmb.lo  -fPIC -DPIC -o libgd/.libs/gdfontmb.o
/bin/sh /usr/src/php/ext/gd/libtool --tag=CC --mode=compile cc -I. -I/usr/src/php/ext/gd -I/usr/src/php/ext/gd/include -I/usr/src/php/ext/gd/main -I/usr/src/php/ext/gd -I/usr/local/include/php -I/usr/local/include/php/main -I/usr/local/include/php/TSRM -I/usr/local/include/php/Zend -I/usr/local/include/php/ext -I/usr/local/include/php/ext/date/lib -I/usr/include/libpng16 -I/usr/include/freetype2  -fstack-protector-strong -fpic -fpie -O2 -D_LARGEFILE_SOURCE -D_FILE_OFFSET_BITS=64 -DHAVE_CONFIG_H  -fstack-protector-strong -fpic -fpie -O2 -D_LARGEFILE_SOURCE -D_FILE_OFFSET_BITS=64 -D_GNU_SOURCE   -I/usr/src/php/ext/gd/libgd -DZEND_COMPILE_DL_EXT=1 -c /usr/src/php/ext/gd/libgd/gdfontl.c -o libgd/gdfontl.lo  -MMD -MF libgd/gdfontl.dep -MT libgd/gdfontl.lo
 cc -I. -I/usr/src/php/ext/gd -I/usr/src/php/ext/gd/include -I/usr/src/php/ext/gd/main -I/usr/src/php/ext/gd -I/usr/local/include/php -I/usr/local/include/php/main -I/usr/local/include/php/TSRM -I/usr/local/include/php/Zend -I/usr/local/include/php/ext -I/usr/local/include/php/ext/date/lib -I/usr/include/libpng16 -I/usr/include/freetype2 -fstack-protector-strong -fpic -fpie -O2 -D_LARGEFILE_SOURCE -D_FILE_OFFSET_BITS=64 -DHAVE_CONFIG_H -fstack-protector-strong -fpic -fpie -O2 -D_LARGEFILE_SOURCE -D_FILE_OFFSET_BITS=64 -D_GNU_SOURCE -I/usr/src/php/ext/gd/libgd -DZEND_COMPILE_DL_EXT=1 -c /usr/src/php/ext/gd/libgd/gdfontl.c -MMD -MF libgd/gdfontl.dep -MT libgd/gdfontl.lo  -fPIC -DPIC -o libgd/.libs/gdfontl.o
/bin/sh /usr/src/php/ext/gd/libtool --tag=CC --mode=compile cc -I. -I/usr/src/php/ext/gd -I/usr/src/php/ext/gd/include -I/usr/src/php/ext/gd/main -I/usr/src/php/ext/gd -I/usr/local/include/php -I/usr/local/include/php/main -I/usr/local/include/php/TSRM -I/usr/local/include/php/Zend -I/usr/local/include/php/ext -I/usr/local/include/php/ext/date/lib -I/usr/include/libpng16 -I/usr/include/freetype2  -fstack-protector-strong -fpic -fpie -O2 -D_LARGEFILE_SOURCE -D_FILE_OFFSET_BITS=64 -DHAVE_CONFIG_H  -fstack-protector-strong -fpic -fpie -O2 -D_LARGEFILE_SOURCE -D_FILE_OFFSET_BITS=64 -D_GNU_SOURCE   -I/usr/src/php/ext/gd/libgd -DZEND_COMPILE_DL_EXT=1 -c /usr/src/php/ext/gd/libgd/gdfontg.c -o libgd/gdfontg.lo  -MMD -MF libgd/gdfontg.dep -MT libgd/gdfontg.lo
 cc -I. -I/usr/src/php/ext/gd -I/usr/src/php/ext/gd/include -I/usr/src/php/ext/gd/main -I/usr/src/php/ext/gd -I/usr/local/include/php -I/usr/local/include/php/main -I/usr/local/include/php/TSRM -I/usr/local/include/php/Zend -I/usr/local/include/php/ext -I/usr/local/include/php/ext/date/lib -I/usr/include/libpng16 -I/usr/include/freetype2 -fstack-protector-strong -fpic -fpie -O2 -D_LARGEFILE_SOURCE -D_FILE_OFFSET_BITS=64 -DHAVE_CONFIG_H -fstack-protector-strong -fpic -fpie -O2 -D_LARGEFILE_SOURCE -D_FILE_OFFSET_BITS=64 -D_GNU_SOURCE -I/usr/src/php/ext/gd/libgd -DZEND_COMPILE_DL_EXT=1 -c /usr/src/php/ext/gd/libgd/gdfontg.c -MMD -MF libgd/gdfontg.dep -MT libgd/gdfontg.lo  -fPIC -DPIC -o libgd/.libs/gdfontg.o
/bin/sh /usr/src/php/ext/gd/libtool --tag=CC --mode=compile cc -I. -I/usr/src/php/ext/gd -I/usr/src/php/ext/gd/include -I/usr/src/php/ext/gd/main -I/usr/src/php/ext/gd -I/usr/local/include/php -I/usr/local/include/php/main -I/usr/local/include/php/TSRM -I/usr/local/include/php/Zend -I/usr/local/include/php/ext -I/usr/local/include/php/ext/date/lib -I/usr/include/libpng16 -I/usr/include/freetype2  -fstack-protector-strong -fpic -fpie -O2 -D_LARGEFILE_SOURCE -D_FILE_OFFSET_BITS=64 -DHAVE_CONFIG_H  -fstack-protector-strong -fpic -fpie -O2 -D_LARGEFILE_SOURCE -D_FILE_OFFSET_BITS=64 -D_GNU_SOURCE   -I/usr/src/php/ext/gd/libgd -DZEND_COMPILE_DL_EXT=1 -c /usr/src/php/ext/gd/libgd/gdtables.c -o libgd/gdtables.lo  -MMD -MF libgd/gdtables.dep -MT libgd/gdtables.lo
 cc -I. -I/usr/src/php/ext/gd -I/usr/src/php/ext/gd/include -I/usr/src/php/ext/gd/main -I/usr/src/php/ext/gd -I/usr/local/include/php -I/usr/local/include/php/main -I/usr/local/include/php/TSRM -I/usr/local/include/php/Zend -I/usr/local/include/php/ext -I/usr/local/include/php/ext/date/lib -I/usr/include/libpng16 -I/usr/include/freetype2 -fstack-protector-strong -fpic -fpie -O2 -D_LARGEFILE_SOURCE -D_FILE_OFFSET_BITS=64 -DHAVE_CONFIG_H -fstack-protector-strong -fpic -fpie -O2 -D_LARGEFILE_SOURCE -D_FILE_OFFSET_BITS=64 -D_GNU_SOURCE -I/usr/src/php/ext/gd/libgd -DZEND_COMPILE_DL_EXT=1 -c /usr/src/php/ext/gd/libgd/gdtables.c -MMD -MF libgd/gdtables.dep -MT libgd/gdtables.lo  -fPIC -DPIC -o libgd/.libs/gdtables.o
/bin/sh /usr/src/php/ext/gd/libtool --tag=CC --mode=compile cc -I. -I/usr/src/php/ext/gd -I/usr/src/php/ext/gd/include -I/usr/src/php/ext/gd/main -I/usr/src/php/ext/gd -I/usr/local/include/php -I/usr/local/include/php/main -I/usr/local/include/php/TSRM -I/usr/local/include/php/Zend -I/usr/local/include/php/ext -I/usr/local/include/php/ext/date/lib -I/usr/include/libpng16 -I/usr/include/freetype2  -fstack-protector-strong -fpic -fpie -O2 -D_LARGEFILE_SOURCE -D_FILE_OFFSET_BITS=64 -DHAVE_CONFIG_H  -fstack-protector-strong -fpic -fpie -O2 -D_LARGEFILE_SOURCE -D_FILE_OFFSET_BITS=64 -D_GNU_SOURCE   -I/usr/src/php/ext/gd/libgd -DZEND_COMPILE_DL_EXT=1 -c /usr/src/php/ext/gd/libgd/gdft.c -o libgd/gdft.lo  -MMD -MF libgd/gdft.dep -MT libgd/gdft.lo
 cc -I. -I/usr/src/php/ext/gd -I/usr/src/php/ext/gd/include -I/usr/src/php/ext/gd/main -I/usr/src/php/ext/gd -I/usr/local/include/php -I/usr/local/include/php/main -I/usr/local/include/php/TSRM -I/usr/local/include/php/Zend -I/usr/local/include/php/ext -I/usr/local/include/php/ext/date/lib -I/usr/include/libpng16 -I/usr/include/freetype2 -fstack-protector-strong -fpic -fpie -O2 -D_LARGEFILE_SOURCE -D_FILE_OFFSET_BITS=64 -DHAVE_CONFIG_H -fstack-protector-strong -fpic -fpie -O2 -D_LARGEFILE_SOURCE -D_FILE_OFFSET_BITS=64 -D_GNU_SOURCE -I/usr/src/php/ext/gd/libgd -DZEND_COMPILE_DL_EXT=1 -c /usr/src/php/ext/gd/libgd/gdft.c -MMD -MF libgd/gdft.dep -MT libgd/gdft.lo  -fPIC -DPIC -o libgd/.libs/gdft.o
/bin/sh /usr/src/php/ext/gd/libtool --tag=CC --mode=compile cc -I. -I/usr/src/php/ext/gd -I/usr/src/php/ext/gd/include -I/usr/src/php/ext/gd/main -I/usr/src/php/ext/gd -I/usr/local/include/php -I/usr/local/include/php/main -I/usr/local/include/php/TSRM -I/usr/local/include/php/Zend -I/usr/local/include/php/ext -I/usr/local/include/php/ext/date/lib -I/usr/include/libpng16 -I/usr/include/freetype2  -fstack-protector-strong -fpic -fpie -O2 -D_LARGEFILE_SOURCE -D_FILE_OFFSET_BITS=64 -DHAVE_CONFIG_H  -fstack-protector-strong -fpic -fpie -O2 -D_LARGEFILE_SOURCE -D_FILE_OFFSET_BITS=64 -D_GNU_SOURCE   -I/usr/src/php/ext/gd/libgd -DZEND_COMPILE_DL_EXT=1 -c /usr/src/php/ext/gd/libgd/gdcache.c -o libgd/gdcache.lo  -MMD -MF libgd/gdcache.dep -MT libgd/gdcache.lo
 cc -I. -I/usr/src/php/ext/gd -I/usr/src/php/ext/gd/include -I/usr/src/php/ext/gd/main -I/usr/src/php/ext/gd -I/usr/local/include/php -I/usr/local/include/php/main -I/usr/local/include/php/TSRM -I/usr/local/include/php/Zend -I/usr/local/include/php/ext -I/usr/local/include/php/ext/date/lib -I/usr/include/libpng16 -I/usr/include/freetype2 -fstack-protector-strong -fpic -fpie -O2 -D_LARGEFILE_SOURCE -D_FILE_OFFSET_BITS=64 -DHAVE_CONFIG_H -fstack-protector-strong -fpic -fpie -O2 -D_LARGEFILE_SOURCE -D_FILE_OFFSET_BITS=64 -D_GNU_SOURCE -I/usr/src/php/ext/gd/libgd -DZEND_COMPILE_DL_EXT=1 -c /usr/src/php/ext/gd/libgd/gdcache.c -MMD -MF libgd/gdcache.dep -MT libgd/gdcache.lo  -fPIC -DPIC -o libgd/.libs/gdcache.o
/bin/sh /usr/src/php/ext/gd/libtool --tag=CC --mode=compile cc -I. -I/usr/src/php/ext/gd -I/usr/src/php/ext/gd/include -I/usr/src/php/ext/gd/main -I/usr/src/php/ext/gd -I/usr/local/include/php -I/usr/local/include/php/main -I/usr/local/include/php/TSRM -I/usr/local/include/php/Zend -I/usr/local/include/php/ext -I/usr/local/include/php/ext/date/lib -I/usr/include/libpng16 -I/usr/include/freetype2  -fstack-protector-strong -fpic -fpie -O2 -D_LARGEFILE_SOURCE -D_FILE_OFFSET_BITS=64 -DHAVE_CONFIG_H  -fstack-protector-strong -fpic -fpie -O2 -D_LARGEFILE_SOURCE -D_FILE_OFFSET_BITS=64 -D_GNU_SOURCE   -I/usr/src/php/ext/gd/libgd -DZEND_COMPILE_DL_EXT=1 -c /usr/src/php/ext/gd/libgd/gdkanji.c -o libgd/gdkanji.lo  -MMD -MF libgd/gdkanji.dep -MT libgd/gdkanji.lo
 cc -I. -I/usr/src/php/ext/gd -I/usr/src/php/ext/gd/include -I/usr/src/php/ext/gd/main -I/usr/src/php/ext/gd -I/usr/local/include/php -I/usr/local/include/php/main -I/usr/local/include/php/TSRM -I/usr/local/include/php/Zend -I/usr/local/include/php/ext -I/usr/local/include/php/ext/date/lib -I/usr/include/libpng16 -I/usr/include/freetype2 -fstack-protector-strong -fpic -fpie -O2 -D_LARGEFILE_SOURCE -D_FILE_OFFSET_BITS=64 -DHAVE_CONFIG_H -fstack-protector-strong -fpic -fpie -O2 -D_LARGEFILE_SOURCE -D_FILE_OFFSET_BITS=64 -D_GNU_SOURCE -I/usr/src/php/ext/gd/libgd -DZEND_COMPILE_DL_EXT=1 -c /usr/src/php/ext/gd/libgd/gdkanji.c -MMD -MF libgd/gdkanji.dep -MT libgd/gdkanji.lo  -fPIC -DPIC -o libgd/.libs/gdkanji.o
/bin/sh /usr/src/php/ext/gd/libtool --tag=CC --mode=compile cc -I. -I/usr/src/php/ext/gd -I/usr/src/php/ext/gd/include -I/usr/src/php/ext/gd/main -I/usr/src/php/ext/gd -I/usr/local/include/php -I/usr/local/include/php/main -I/usr/local/include/php/TSRM -I/usr/local/include/php/Zend -I/usr/local/include/php/ext -I/usr/local/include/php/ext/date/lib -I/usr/include/libpng16 -I/usr/include/freetype2  -fstack-protector-strong -fpic -fpie -O2 -D_LARGEFILE_SOURCE -D_FILE_OFFSET_BITS=64 -DHAVE_CONFIG_H  -fstack-protector-strong -fpic -fpie -O2 -D_LARGEFILE_SOURCE -D_FILE_OFFSET_BITS=64 -D_GNU_SOURCE   -I/usr/src/php/ext/gd/libgd -DZEND_COMPILE_DL_EXT=1 -c /usr/src/php/ext/gd/libgd/wbmp.c -o libgd/wbmp.lo  -MMD -MF libgd/wbmp.dep -MT libgd/wbmp.lo
 cc -I. -I/usr/src/php/ext/gd -I/usr/src/php/ext/gd/include -I/usr/src/php/ext/gd/main -I/usr/src/php/ext/gd -I/usr/local/include/php -I/usr/local/include/php/main -I/usr/local/include/php/TSRM -I/usr/local/include/php/Zend -I/usr/local/include/php/ext -I/usr/local/include/php/ext/date/lib -I/usr/include/libpng16 -I/usr/include/freetype2 -fstack-protector-strong -fpic -fpie -O2 -D_LARGEFILE_SOURCE -D_FILE_OFFSET_BITS=64 -DHAVE_CONFIG_H -fstack-protector-strong -fpic -fpie -O2 -D_LARGEFILE_SOURCE -D_FILE_OFFSET_BITS=64 -D_GNU_SOURCE -I/usr/src/php/ext/gd/libgd -DZEND_COMPILE_DL_EXT=1 -c /usr/src/php/ext/gd/libgd/wbmp.c -MMD -MF libgd/wbmp.dep -MT libgd/wbmp.lo  -fPIC -DPIC -o libgd/.libs/wbmp.o
/bin/sh /usr/src/php/ext/gd/libtool --tag=CC --mode=compile cc -I. -I/usr/src/php/ext/gd -I/usr/src/php/ext/gd/include -I/usr/src/php/ext/gd/main -I/usr/src/php/ext/gd -I/usr/local/include/php -I/usr/local/include/php/main -I/usr/local/include/php/TSRM -I/usr/local/include/php/Zend -I/usr/local/include/php/ext -I/usr/local/include/php/ext/date/lib -I/usr/include/libpng16 -I/usr/include/freetype2  -fstack-protector-strong -fpic -fpie -O2 -D_LARGEFILE_SOURCE -D_FILE_OFFSET_BITS=64 -DHAVE_CONFIG_H  -fstack-protector-strong -fpic -fpie -O2 -D_LARGEFILE_SOURCE -D_FILE_OFFSET_BITS=64 -D_GNU_SOURCE   -I/usr/src/php/ext/gd/libgd -DZEND_COMPILE_DL_EXT=1 -c /usr/src/php/ext/gd/libgd/gd_wbmp.c -o libgd/gd_wbmp.lo  -MMD -MF libgd/gd_wbmp.dep -MT libgd/gd_wbmp.lo
 cc -I. -I/usr/src/php/ext/gd -I/usr/src/php/ext/gd/include -I/usr/src/php/ext/gd/main -I/usr/src/php/ext/gd -I/usr/local/include/php -I/usr/local/include/php/main -I/usr/local/include/php/TSRM -I/usr/local/include/php/Zend -I/usr/local/include/php/ext -I/usr/local/include/php/ext/date/lib -I/usr/include/libpng16 -I/usr/include/freetype2 -fstack-protector-strong -fpic -fpie -O2 -D_LARGEFILE_SOURCE -D_FILE_OFFSET_BITS=64 -DHAVE_CONFIG_H -fstack-protector-strong -fpic -fpie -O2 -D_LARGEFILE_SOURCE -D_FILE_OFFSET_BITS=64 -D_GNU_SOURCE -I/usr/src/php/ext/gd/libgd -DZEND_COMPILE_DL_EXT=1 -c /usr/src/php/ext/gd/libgd/gd_wbmp.c -MMD -MF libgd/gd_wbmp.dep -MT libgd/gd_wbmp.lo  -fPIC -DPIC -o libgd/.libs/gd_wbmp.o
/bin/sh /usr/src/php/ext/gd/libtool --tag=CC --mode=compile cc -I. -I/usr/src/php/ext/gd -I/usr/src/php/ext/gd/include -I/usr/src/php/ext/gd/main -I/usr/src/php/ext/gd -I/usr/local/include/php -I/usr/local/include/php/main -I/usr/local/include/php/TSRM -I/usr/local/include/php/Zend -I/usr/local/include/php/ext -I/usr/local/include/php/ext/date/lib -I/usr/include/libpng16 -I/usr/include/freetype2  -fstack-protector-strong -fpic -fpie -O2 -D_LARGEFILE_SOURCE -D_FILE_OFFSET_BITS=64 -DHAVE_CONFIG_H  -fstack-protector-strong -fpic -fpie -O2 -D_LARGEFILE_SOURCE -D_FILE_OFFSET_BITS=64 -D_GNU_SOURCE   -I/usr/src/php/ext/gd/libgd -DZEND_COMPILE_DL_EXT=1 -c /usr/src/php/ext/gd/libgd/gdhelpers.c -o libgd/gdhelpers.lo  -MMD -MF libgd/gdhelpers.dep -MT libgd/gdhelpers.lo
 cc -I. -I/usr/src/php/ext/gd -I/usr/src/php/ext/gd/include -I/usr/src/php/ext/gd/main -I/usr/src/php/ext/gd -I/usr/local/include/php -I/usr/local/include/php/main -I/usr/local/include/php/TSRM -I/usr/local/include/php/Zend -I/usr/local/include/php/ext -I/usr/local/include/php/ext/date/lib -I/usr/include/libpng16 -I/usr/include/freetype2 -fstack-protector-strong -fpic -fpie -O2 -D_LARGEFILE_SOURCE -D_FILE_OFFSET_BITS=64 -DHAVE_CONFIG_H -fstack-protector-strong -fpic -fpie -O2 -D_LARGEFILE_SOURCE -D_FILE_OFFSET_BITS=64 -D_GNU_SOURCE -I/usr/src/php/ext/gd/libgd -DZEND_COMPILE_DL_EXT=1 -c /usr/src/php/ext/gd/libgd/gdhelpers.c -MMD -MF libgd/gdhelpers.dep -MT libgd/gdhelpers.lo  -fPIC -DPIC -o libgd/.libs/gdhelpers.o
/bin/sh /usr/src/php/ext/gd/libtool --tag=CC --mode=compile cc -I. -I/usr/src/php/ext/gd -I/usr/src/php/ext/gd/include -I/usr/src/php/ext/gd/main -I/usr/src/php/ext/gd -I/usr/local/include/php -I/usr/local/include/php/main -I/usr/local/include/php/TSRM -I/usr/local/include/php/Zend -I/usr/local/include/php/ext -I/usr/local/include/php/ext/date/lib -I/usr/include/libpng16 -I/usr/include/freetype2  -fstack-protector-strong -fpic -fpie -O2 -D_LARGEFILE_SOURCE -D_FILE_OFFSET_BITS=64 -DHAVE_CONFIG_H  -fstack-protector-strong -fpic -fpie -O2 -D_LARGEFILE_SOURCE -D_FILE_OFFSET_BITS=64 -D_GNU_SOURCE   -I/usr/src/php/ext/gd/libgd -DZEND_COMPILE_DL_EXT=1 -c /usr/src/php/ext/gd/libgd/gd_topal.c -o libgd/gd_topal.lo  -MMD -MF libgd/gd_topal.dep -MT libgd/gd_topal.lo
 cc -I. -I/usr/src/php/ext/gd -I/usr/src/php/ext/gd/include -I/usr/src/php/ext/gd/main -I/usr/src/php/ext/gd -I/usr/local/include/php -I/usr/local/include/php/main -I/usr/local/include/php/TSRM -I/usr/local/include/php/Zend -I/usr/local/include/php/ext -I/usr/local/include/php/ext/date/lib -I/usr/include/libpng16 -I/usr/include/freetype2 -fstack-protector-strong -fpic -fpie -O2 -D_LARGEFILE_SOURCE -D_FILE_OFFSET_BITS=64 -DHAVE_CONFIG_H -fstack-protector-strong -fpic -fpie -O2 -D_LARGEFILE_SOURCE -D_FILE_OFFSET_BITS=64 -D_GNU_SOURCE -I/usr/src/php/ext/gd/libgd -DZEND_COMPILE_DL_EXT=1 -c /usr/src/php/ext/gd/libgd/gd_topal.c -MMD -MF libgd/gd_topal.dep -MT libgd/gd_topal.lo  -fPIC -DPIC -o libgd/.libs/gd_topal.o
/bin/sh /usr/src/php/ext/gd/libtool --tag=CC --mode=compile cc -I. -I/usr/src/php/ext/gd -I/usr/src/php/ext/gd/include -I/usr/src/php/ext/gd/main -I/usr/src/php/ext/gd -I/usr/local/include/php -I/usr/local/include/php/main -I/usr/local/include/php/TSRM -I/usr/local/include/php/Zend -I/usr/local/include/php/ext -I/usr/local/include/php/ext/date/lib -I/usr/include/libpng16 -I/usr/include/freetype2  -fstack-protector-strong -fpic -fpie -O2 -D_LARGEFILE_SOURCE -D_FILE_OFFSET_BITS=64 -DHAVE_CONFIG_H  -fstack-protector-strong -fpic -fpie -O2 -D_LARGEFILE_SOURCE -D_FILE_OFFSET_BITS=64 -D_GNU_SOURCE   -I/usr/src/php/ext/gd/libgd -DZEND_COMPILE_DL_EXT=1 -c /usr/src/php/ext/gd/libgd/gd_gif_in.c -o libgd/gd_gif_in.lo  -MMD -MF libgd/gd_gif_in.dep -MT libgd/gd_gif_in.lo
 cc -I. -I/usr/src/php/ext/gd -I/usr/src/php/ext/gd/include -I/usr/src/php/ext/gd/main -I/usr/src/php/ext/gd -I/usr/local/include/php -I/usr/local/include/php/main -I/usr/local/include/php/TSRM -I/usr/local/include/php/Zend -I/usr/local/include/php/ext -I/usr/local/include/php/ext/date/lib -I/usr/include/libpng16 -I/usr/include/freetype2 -fstack-protector-strong -fpic -fpie -O2 -D_LARGEFILE_SOURCE -D_FILE_OFFSET_BITS=64 -DHAVE_CONFIG_H -fstack-protector-strong -fpic -fpie -O2 -D_LARGEFILE_SOURCE -D_FILE_OFFSET_BITS=64 -D_GNU_SOURCE -I/usr/src/php/ext/gd/libgd -DZEND_COMPILE_DL_EXT=1 -c /usr/src/php/ext/gd/libgd/gd_gif_in.c -MMD -MF libgd/gd_gif_in.dep -MT libgd/gd_gif_in.lo  -fPIC -DPIC -o libgd/.libs/gd_gif_in.o
/bin/sh /usr/src/php/ext/gd/libtool --tag=CC --mode=compile cc -I. -I/usr/src/php/ext/gd -I/usr/src/php/ext/gd/include -I/usr/src/php/ext/gd/main -I/usr/src/php/ext/gd -I/usr/local/include/php -I/usr/local/include/php/main -I/usr/local/include/php/TSRM -I/usr/local/include/php/Zend -I/usr/local/include/php/ext -I/usr/local/include/php/ext/date/lib -I/usr/include/libpng16 -I/usr/include/freetype2  -fstack-protector-strong -fpic -fpie -O2 -D_LARGEFILE_SOURCE -D_FILE_OFFSET_BITS=64 -DHAVE_CONFIG_H  -fstack-protector-strong -fpic -fpie -O2 -D_LARGEFILE_SOURCE -D_FILE_OFFSET_BITS=64 -D_GNU_SOURCE   -I/usr/src/php/ext/gd/libgd -DZEND_COMPILE_DL_EXT=1 -c /usr/src/php/ext/gd/libgd/gd_xbm.c -o libgd/gd_xbm.lo  -MMD -MF libgd/gd_xbm.dep -MT libgd/gd_xbm.lo
 cc -I. -I/usr/src/php/ext/gd -I/usr/src/php/ext/gd/include -I/usr/src/php/ext/gd/main -I/usr/src/php/ext/gd -I/usr/local/include/php -I/usr/local/include/php/main -I/usr/local/include/php/TSRM -I/usr/local/include/php/Zend -I/usr/local/include/php/ext -I/usr/local/include/php/ext/date/lib -I/usr/include/libpng16 -I/usr/include/freetype2 -fstack-protector-strong -fpic -fpie -O2 -D_LARGEFILE_SOURCE -D_FILE_OFFSET_BITS=64 -DHAVE_CONFIG_H -fstack-protector-strong -fpic -fpie -O2 -D_LARGEFILE_SOURCE -D_FILE_OFFSET_BITS=64 -D_GNU_SOURCE -I/usr/src/php/ext/gd/libgd -DZEND_COMPILE_DL_EXT=1 -c /usr/src/php/ext/gd/libgd/gd_xbm.c -MMD -MF libgd/gd_xbm.dep -MT libgd/gd_xbm.lo  -fPIC -DPIC -o libgd/.libs/gd_xbm.o
/bin/sh /usr/src/php/ext/gd/libtool --tag=CC --mode=compile cc -I. -I/usr/src/php/ext/gd -I/usr/src/php/ext/gd/include -I/usr/src/php/ext/gd/main -I/usr/src/php/ext/gd -I/usr/local/include/php -I/usr/local/include/php/main -I/usr/local/include/php/TSRM -I/usr/local/include/php/Zend -I/usr/local/include/php/ext -I/usr/local/include/php/ext/date/lib -I/usr/include/libpng16 -I/usr/include/freetype2  -fstack-protector-strong -fpic -fpie -O2 -D_LARGEFILE_SOURCE -D_FILE_OFFSET_BITS=64 -DHAVE_CONFIG_H  -fstack-protector-strong -fpic -fpie -O2 -D_LARGEFILE_SOURCE -D_FILE_OFFSET_BITS=64 -D_GNU_SOURCE   -I/usr/src/php/ext/gd/libgd -DZEND_COMPILE_DL_EXT=1 -c /usr/src/php/ext/gd/libgd/gd_gif_out.c -o libgd/gd_gif_out.lo  -MMD -MF libgd/gd_gif_out.dep -MT libgd/gd_gif_out.lo
 cc -I. -I/usr/src/php/ext/gd -I/usr/src/php/ext/gd/include -I/usr/src/php/ext/gd/main -I/usr/src/php/ext/gd -I/usr/local/include/php -I/usr/local/include/php/main -I/usr/local/include/php/TSRM -I/usr/local/include/php/Zend -I/usr/local/include/php/ext -I/usr/local/include/php/ext/date/lib -I/usr/include/libpng16 -I/usr/include/freetype2 -fstack-protector-strong -fpic -fpie -O2 -D_LARGEFILE_SOURCE -D_FILE_OFFSET_BITS=64 -DHAVE_CONFIG_H -fstack-protector-strong -fpic -fpie -O2 -D_LARGEFILE_SOURCE -D_FILE_OFFSET_BITS=64 -D_GNU_SOURCE -I/usr/src/php/ext/gd/libgd -DZEND_COMPILE_DL_EXT=1 -c /usr/src/php/ext/gd/libgd/gd_gif_out.c -MMD -MF libgd/gd_gif_out.dep -MT libgd/gd_gif_out.lo  -fPIC -DPIC -o libgd/.libs/gd_gif_out.o
/bin/sh /usr/src/php/ext/gd/libtool --tag=CC --mode=compile cc -I. -I/usr/src/php/ext/gd -I/usr/src/php/ext/gd/include -I/usr/src/php/ext/gd/main -I/usr/src/php/ext/gd -I/usr/local/include/php -I/usr/local/include/php/main -I/usr/local/include/php/TSRM -I/usr/local/include/php/Zend -I/usr/local/include/php/ext -I/usr/local/include/php/ext/date/lib -I/usr/include/libpng16 -I/usr/include/freetype2  -fstack-protector-strong -fpic -fpie -O2 -D_LARGEFILE_SOURCE -D_FILE_OFFSET_BITS=64 -DHAVE_CONFIG_H  -fstack-protector-strong -fpic -fpie -O2 -D_LARGEFILE_SOURCE -D_FILE_OFFSET_BITS=64 -D_GNU_SOURCE   -I/usr/src/php/ext/gd/libgd -DZEND_COMPILE_DL_EXT=1 -c /usr/src/php/ext/gd/libgd/gd_security.c -o libgd/gd_security.lo  -MMD -MF libgd/gd_security.dep -MT libgd/gd_security.lo
 cc -I. -I/usr/src/php/ext/gd -I/usr/src/php/ext/gd/include -I/usr/src/php/ext/gd/main -I/usr/src/php/ext/gd -I/usr/local/include/php -I/usr/local/include/php/main -I/usr/local/include/php/TSRM -I/usr/local/include/php/Zend -I/usr/local/include/php/ext -I/usr/local/include/php/ext/date/lib -I/usr/include/libpng16 -I/usr/include/freetype2 -fstack-protector-strong -fpic -fpie -O2 -D_LARGEFILE_SOURCE -D_FILE_OFFSET_BITS=64 -DHAVE_CONFIG_H -fstack-protector-strong -fpic -fpie -O2 -D_LARGEFILE_SOURCE -D_FILE_OFFSET_BITS=64 -D_GNU_SOURCE -I/usr/src/php/ext/gd/libgd -DZEND_COMPILE_DL_EXT=1 -c /usr/src/php/ext/gd/libgd/gd_security.c -MMD -MF libgd/gd_security.dep -MT libgd/gd_security.lo  -fPIC -DPIC -o libgd/.libs/gd_security.o
/bin/sh /usr/src/php/ext/gd/libtool --tag=CC --mode=compile cc -I. -I/usr/src/php/ext/gd -I/usr/src/php/ext/gd/include -I/usr/src/php/ext/gd/main -I/usr/src/php/ext/gd -I/usr/local/include/php -I/usr/local/include/php/main -I/usr/local/include/php/TSRM -I/usr/local/include/php/Zend -I/usr/local/include/php/ext -I/usr/local/include/php/ext/date/lib -I/usr/include/libpng16 -I/usr/include/freetype2  -fstack-protector-strong -fpic -fpie -O2 -D_LARGEFILE_SOURCE -D_FILE_OFFSET_BITS=64 -DHAVE_CONFIG_H  -fstack-protector-strong -fpic -fpie -O2 -D_LARGEFILE_SOURCE -D_FILE_OFFSET_BITS=64 -D_GNU_SOURCE   -I/usr/src/php/ext/gd/libgd -DZEND_COMPILE_DL_EXT=1 -c /usr/src/php/ext/gd/libgd/gd_filter.c -o libgd/gd_filter.lo  -MMD -MF libgd/gd_filter.dep -MT libgd/gd_filter.lo
 cc -I. -I/usr/src/php/ext/gd -I/usr/src/php/ext/gd/include -I/usr/src/php/ext/gd/main -I/usr/src/php/ext/gd -I/usr/local/include/php -I/usr/local/include/php/main -I/usr/local/include/php/TSRM -I/usr/local/include/php/Zend -I/usr/local/include/php/ext -I/usr/local/include/php/ext/date/lib -I/usr/include/libpng16 -I/usr/include/freetype2 -fstack-protector-strong -fpic -fpie -O2 -D_LARGEFILE_SOURCE -D_FILE_OFFSET_BITS=64 -DHAVE_CONFIG_H -fstack-protector-strong -fpic -fpie -O2 -D_LARGEFILE_SOURCE -D_FILE_OFFSET_BITS=64 -D_GNU_SOURCE -I/usr/src/php/ext/gd/libgd -DZEND_COMPILE_DL_EXT=1 -c /usr/src/php/ext/gd/libgd/gd_filter.c -MMD -MF libgd/gd_filter.dep -MT libgd/gd_filter.lo  -fPIC -DPIC -o libgd/.libs/gd_filter.o
/bin/sh /usr/src/php/ext/gd/libtool --tag=CC --mode=compile cc -I. -I/usr/src/php/ext/gd -I/usr/src/php/ext/gd/include -I/usr/src/php/ext/gd/main -I/usr/src/php/ext/gd -I/usr/local/include/php -I/usr/local/include/php/main -I/usr/local/include/php/TSRM -I/usr/local/include/php/Zend -I/usr/local/include/php/ext -I/usr/local/include/php/ext/date/lib -I/usr/include/libpng16 -I/usr/include/freetype2  -fstack-protector-strong -fpic -fpie -O2 -D_LARGEFILE_SOURCE -D_FILE_OFFSET_BITS=64 -DHAVE_CONFIG_H  -fstack-protector-strong -fpic -fpie -O2 -D_LARGEFILE_SOURCE -D_FILE_OFFSET_BITS=64 -D_GNU_SOURCE   -I/usr/src/php/ext/gd/libgd -DZEND_COMPILE_DL_EXT=1 -c /usr/src/php/ext/gd/libgd/gd_pixelate.c -o libgd/gd_pixelate.lo  -MMD -MF libgd/gd_pixelate.dep -MT libgd/gd_pixelate.lo
 cc -I. -I/usr/src/php/ext/gd -I/usr/src/php/ext/gd/include -I/usr/src/php/ext/gd/main -I/usr/src/php/ext/gd -I/usr/local/include/php -I/usr/local/include/php/main -I/usr/local/include/php/TSRM -I/usr/local/include/php/Zend -I/usr/local/include/php/ext -I/usr/local/include/php/ext/date/lib -I/usr/include/libpng16 -I/usr/include/freetype2 -fstack-protector-strong -fpic -fpie -O2 -D_LARGEFILE_SOURCE -D_FILE_OFFSET_BITS=64 -DHAVE_CONFIG_H -fstack-protector-strong -fpic -fpie -O2 -D_LARGEFILE_SOURCE -D_FILE_OFFSET_BITS=64 -D_GNU_SOURCE -I/usr/src/php/ext/gd/libgd -DZEND_COMPILE_DL_EXT=1 -c /usr/src/php/ext/gd/libgd/gd_pixelate.c -MMD -MF libgd/gd_pixelate.dep -MT libgd/gd_pixelate.lo  -fPIC -DPIC -o libgd/.libs/gd_pixelate.o
/bin/sh /usr/src/php/ext/gd/libtool --tag=CC --mode=compile cc -I. -I/usr/src/php/ext/gd -I/usr/src/php/ext/gd/include -I/usr/src/php/ext/gd/main -I/usr/src/php/ext/gd -I/usr/local/include/php -I/usr/local/include/php/main -I/usr/local/include/php/TSRM -I/usr/local/include/php/Zend -I/usr/local/include/php/ext -I/usr/local/include/php/ext/date/lib -I/usr/include/libpng16 -I/usr/include/freetype2  -fstack-protector-strong -fpic -fpie -O2 -D_LARGEFILE_SOURCE -D_FILE_OFFSET_BITS=64 -DHAVE_CONFIG_H  -fstack-protector-strong -fpic -fpie -O2 -D_LARGEFILE_SOURCE -D_FILE_OFFSET_BITS=64 -D_GNU_SOURCE   -I/usr/src/php/ext/gd/libgd -DZEND_COMPILE_DL_EXT=1 -c /usr/src/php/ext/gd/libgd/gd_rotate.c -o libgd/gd_rotate.lo  -MMD -MF libgd/gd_rotate.dep -MT libgd/gd_rotate.lo
 cc -I. -I/usr/src/php/ext/gd -I/usr/src/php/ext/gd/include -I/usr/src/php/ext/gd/main -I/usr/src/php/ext/gd -I/usr/local/include/php -I/usr/local/include/php/main -I/usr/local/include/php/TSRM -I/usr/local/include/php/Zend -I/usr/local/include/php/ext -I/usr/local/include/php/ext/date/lib -I/usr/include/libpng16 -I/usr/include/freetype2 -fstack-protector-strong -fpic -fpie -O2 -D_LARGEFILE_SOURCE -D_FILE_OFFSET_BITS=64 -DHAVE_CONFIG_H -fstack-protector-strong -fpic -fpie -O2 -D_LARGEFILE_SOURCE -D_FILE_OFFSET_BITS=64 -D_GNU_SOURCE -I/usr/src/php/ext/gd/libgd -DZEND_COMPILE_DL_EXT=1 -c /usr/src/php/ext/gd/libgd/gd_rotate.c -MMD -MF libgd/gd_rotate.dep -MT libgd/gd_rotate.lo  -fPIC -DPIC -o libgd/.libs/gd_rotate.o
/bin/sh /usr/src/php/ext/gd/libtool --tag=CC --mode=compile cc -I. -I/usr/src/php/ext/gd -I/usr/src/php/ext/gd/include -I/usr/src/php/ext/gd/main -I/usr/src/php/ext/gd -I/usr/local/include/php -I/usr/local/include/php/main -I/usr/local/include/php/TSRM -I/usr/local/include/php/Zend -I/usr/local/include/php/ext -I/usr/local/include/php/ext/date/lib -I/usr/include/libpng16 -I/usr/include/freetype2  -fstack-protector-strong -fpic -fpie -O2 -D_LARGEFILE_SOURCE -D_FILE_OFFSET_BITS=64 -DHAVE_CONFIG_H  -fstack-protector-strong -fpic -fpie -O2 -D_LARGEFILE_SOURCE -D_FILE_OFFSET_BITS=64 -D_GNU_SOURCE   -I/usr/src/php/ext/gd/libgd -DZEND_COMPILE_DL_EXT=1 -c /usr/src/php/ext/gd/libgd/gd_color_match.c -o libgd/gd_color_match.lo  -MMD -MF libgd/gd_color_match.dep -MT libgd/gd_color_match.lo
 cc -I. -I/usr/src/php/ext/gd -I/usr/src/php/ext/gd/include -I/usr/src/php/ext/gd/main -I/usr/src/php/ext/gd -I/usr/local/include/php -I/usr/local/include/php/main -I/usr/local/include/php/TSRM -I/usr/local/include/php/Zend -I/usr/local/include/php/ext -I/usr/local/include/php/ext/date/lib -I/usr/include/libpng16 -I/usr/include/freetype2 -fstack-protector-strong -fpic -fpie -O2 -D_LARGEFILE_SOURCE -D_FILE_OFFSET_BITS=64 -DHAVE_CONFIG_H -fstack-protector-strong -fpic -fpie -O2 -D_LARGEFILE_SOURCE -D_FILE_OFFSET_BITS=64 -D_GNU_SOURCE -I/usr/src/php/ext/gd/libgd -DZEND_COMPILE_DL_EXT=1 -c /usr/src/php/ext/gd/libgd/gd_color_match.c -MMD -MF libgd/gd_color_match.dep -MT libgd/gd_color_match.lo  -fPIC -DPIC -o libgd/.libs/gd_color_match.o
/bin/sh /usr/src/php/ext/gd/libtool --tag=CC --mode=compile cc -I. -I/usr/src/php/ext/gd -I/usr/src/php/ext/gd/include -I/usr/src/php/ext/gd/main -I/usr/src/php/ext/gd -I/usr/local/include/php -I/usr/local/include/php/main -I/usr/local/include/php/TSRM -I/usr/local/include/php/Zend -I/usr/local/include/php/ext -I/usr/local/include/php/ext/date/lib -I/usr/include/libpng16 -I/usr/include/freetype2  -fstack-protector-strong -fpic -fpie -O2 -D_LARGEFILE_SOURCE -D_FILE_OFFSET_BITS=64 -DHAVE_CONFIG_H  -fstack-protector-strong -fpic -fpie -O2 -D_LARGEFILE_SOURCE -D_FILE_OFFSET_BITS=64 -D_GNU_SOURCE   -I/usr/src/php/ext/gd/libgd -DZEND_COMPILE_DL_EXT=1 -c /usr/src/php/ext/gd/libgd/gd_transform.c -o libgd/gd_transform.lo  -MMD -MF libgd/gd_transform.dep -MT libgd/gd_transform.lo
 cc -I. -I/usr/src/php/ext/gd -I/usr/src/php/ext/gd/include -I/usr/src/php/ext/gd/main -I/usr/src/php/ext/gd -I/usr/local/include/php -I/usr/local/include/php/main -I/usr/local/include/php/TSRM -I/usr/local/include/php/Zend -I/usr/local/include/php/ext -I/usr/local/include/php/ext/date/lib -I/usr/include/libpng16 -I/usr/include/freetype2 -fstack-protector-strong -fpic -fpie -O2 -D_LARGEFILE_SOURCE -D_FILE_OFFSET_BITS=64 -DHAVE_CONFIG_H -fstack-protector-strong -fpic -fpie -O2 -D_LARGEFILE_SOURCE -D_FILE_OFFSET_BITS=64 -D_GNU_SOURCE -I/usr/src/php/ext/gd/libgd -DZEND_COMPILE_DL_EXT=1 -c /usr/src/php/ext/gd/libgd/gd_transform.c -MMD -MF libgd/gd_transform.dep -MT libgd/gd_transform.lo  -fPIC -DPIC -o libgd/.libs/gd_transform.o
/bin/sh /usr/src/php/ext/gd/libtool --tag=CC --mode=compile cc -I. -I/usr/src/php/ext/gd -I/usr/src/php/ext/gd/include -I/usr/src/php/ext/gd/main -I/usr/src/php/ext/gd -I/usr/local/include/php -I/usr/local/include/php/main -I/usr/local/include/php/TSRM -I/usr/local/include/php/Zend -I/usr/local/include/php/ext -I/usr/local/include/php/ext/date/lib -I/usr/include/libpng16 -I/usr/include/freetype2  -fstack-protector-strong -fpic -fpie -O2 -D_LARGEFILE_SOURCE -D_FILE_OFFSET_BITS=64 -DHAVE_CONFIG_H  -fstack-protector-strong -fpic -fpie -O2 -D_LARGEFILE_SOURCE -D_FILE_OFFSET_BITS=64 -D_GNU_SOURCE   -I/usr/src/php/ext/gd/libgd -DZEND_COMPILE_DL_EXT=1 -c /usr/src/php/ext/gd/libgd/gd_crop.c -o libgd/gd_crop.lo  -MMD -MF libgd/gd_crop.dep -MT libgd/gd_crop.lo
 cc -I. -I/usr/src/php/ext/gd -I/usr/src/php/ext/gd/include -I/usr/src/php/ext/gd/main -I/usr/src/php/ext/gd -I/usr/local/include/php -I/usr/local/include/php/main -I/usr/local/include/php/TSRM -I/usr/local/include/php/Zend -I/usr/local/include/php/ext -I/usr/local/include/php/ext/date/lib -I/usr/include/libpng16 -I/usr/include/freetype2 -fstack-protector-strong -fpic -fpie -O2 -D_LARGEFILE_SOURCE -D_FILE_OFFSET_BITS=64 -DHAVE_CONFIG_H -fstack-protector-strong -fpic -fpie -O2 -D_LARGEFILE_SOURCE -D_FILE_OFFSET_BITS=64 -D_GNU_SOURCE -I/usr/src/php/ext/gd/libgd -DZEND_COMPILE_DL_EXT=1 -c /usr/src/php/ext/gd/libgd/gd_crop.c -MMD -MF libgd/gd_crop.dep -MT libgd/gd_crop.lo  -fPIC -DPIC -o libgd/.libs/gd_crop.o
/bin/sh /usr/src/php/ext/gd/libtool --tag=CC --mode=compile cc -I. -I/usr/src/php/ext/gd -I/usr/src/php/ext/gd/include -I/usr/src/php/ext/gd/main -I/usr/src/php/ext/gd -I/usr/local/include/php -I/usr/local/include/php/main -I/usr/local/include/php/TSRM -I/usr/local/include/php/Zend -I/usr/local/include/php/ext -I/usr/local/include/php/ext/date/lib -I/usr/include/libpng16 -I/usr/include/freetype2  -fstack-protector-strong -fpic -fpie -O2 -D_LARGEFILE_SOURCE -D_FILE_OFFSET_BITS=64 -DHAVE_CONFIG_H  -fstack-protector-strong -fpic -fpie -O2 -D_LARGEFILE_SOURCE -D_FILE_OFFSET_BITS=64 -D_GNU_SOURCE   -I/usr/src/php/ext/gd/libgd -DZEND_COMPILE_DL_EXT=1 -c /usr/src/php/ext/gd/libgd/gd_interpolation.c -o libgd/gd_interpolation.lo  -MMD -MF libgd/gd_interpolation.dep -MT libgd/gd_interpolation.lo
 cc -I. -I/usr/src/php/ext/gd -I/usr/src/php/ext/gd/include -I/usr/src/php/ext/gd/main -I/usr/src/php/ext/gd -I/usr/local/include/php -I/usr/local/include/php/main -I/usr/local/include/php/TSRM -I/usr/local/include/php/Zend -I/usr/local/include/php/ext -I/usr/local/include/php/ext/date/lib -I/usr/include/libpng16 -I/usr/include/freetype2 -fstack-protector-strong -fpic -fpie -O2 -D_LARGEFILE_SOURCE -D_FILE_OFFSET_BITS=64 -DHAVE_CONFIG_H -fstack-protector-strong -fpic -fpie -O2 -D_LARGEFILE_SOURCE -D_FILE_OFFSET_BITS=64 -D_GNU_SOURCE -I/usr/src/php/ext/gd/libgd -DZEND_COMPILE_DL_EXT=1 -c /usr/src/php/ext/gd/libgd/gd_interpolation.c -MMD -MF libgd/gd_interpolation.dep -MT libgd/gd_interpolation.lo  -fPIC -DPIC -o libgd/.libs/gd_interpolation.o
/bin/sh /usr/src/php/ext/gd/libtool --tag=CC --mode=compile cc -I. -I/usr/src/php/ext/gd -I/usr/src/php/ext/gd/include -I/usr/src/php/ext/gd/main -I/usr/src/php/ext/gd -I/usr/local/include/php -I/usr/local/include/php/main -I/usr/local/include/php/TSRM -I/usr/local/include/php/Zend -I/usr/local/include/php/ext -I/usr/local/include/php/ext/date/lib -I/usr/include/libpng16 -I/usr/include/freetype2  -fstack-protector-strong -fpic -fpie -O2 -D_LARGEFILE_SOURCE -D_FILE_OFFSET_BITS=64 -DHAVE_CONFIG_H  -fstack-protector-strong -fpic -fpie -O2 -D_LARGEFILE_SOURCE -D_FILE_OFFSET_BITS=64 -D_GNU_SOURCE   -I/usr/src/php/ext/gd/libgd -DZEND_COMPILE_DL_EXT=1 -c /usr/src/php/ext/gd/libgd/gd_matrix.c -o libgd/gd_matrix.lo  -MMD -MF libgd/gd_matrix.dep -MT libgd/gd_matrix.lo
 cc -I. -I/usr/src/php/ext/gd -I/usr/src/php/ext/gd/include -I/usr/src/php/ext/gd/main -I/usr/src/php/ext/gd -I/usr/local/include/php -I/usr/local/include/php/main -I/usr/local/include/php/TSRM -I/usr/local/include/php/Zend -I/usr/local/include/php/ext -I/usr/local/include/php/ext/date/lib -I/usr/include/libpng16 -I/usr/include/freetype2 -fstack-protector-strong -fpic -fpie -O2 -D_LARGEFILE_SOURCE -D_FILE_OFFSET_BITS=64 -DHAVE_CONFIG_H -fstack-protector-strong -fpic -fpie -O2 -D_LARGEFILE_SOURCE -D_FILE_OFFSET_BITS=64 -D_GNU_SOURCE -I/usr/src/php/ext/gd/libgd -DZEND_COMPILE_DL_EXT=1 -c /usr/src/php/ext/gd/libgd/gd_matrix.c -MMD -MF libgd/gd_matrix.dep -MT libgd/gd_matrix.lo  -fPIC -DPIC -o libgd/.libs/gd_matrix.o
/bin/sh /usr/src/php/ext/gd/libtool --tag=CC --mode=compile cc -I. -I/usr/src/php/ext/gd -I/usr/src/php/ext/gd/include -I/usr/src/php/ext/gd/main -I/usr/src/php/ext/gd -I/usr/local/include/php -I/usr/local/include/php/main -I/usr/local/include/php/TSRM -I/usr/local/include/php/Zend -I/usr/local/include/php/ext -I/usr/local/include/php/ext/date/lib -I/usr/include/libpng16 -I/usr/include/freetype2  -fstack-protector-strong -fpic -fpie -O2 -D_LARGEFILE_SOURCE -D_FILE_OFFSET_BITS=64 -DHAVE_CONFIG_H  -fstack-protector-strong -fpic -fpie -O2 -D_LARGEFILE_SOURCE -D_FILE_OFFSET_BITS=64 -D_GNU_SOURCE   -I/usr/src/php/ext/gd/libgd -DZEND_COMPILE_DL_EXT=1 -c /usr/src/php/ext/gd/libgd/gd_bmp.c -o libgd/gd_bmp.lo  -MMD -MF libgd/gd_bmp.dep -MT libgd/gd_bmp.lo
 cc -I. -I/usr/src/php/ext/gd -I/usr/src/php/ext/gd/include -I/usr/src/php/ext/gd/main -I/usr/src/php/ext/gd -I/usr/local/include/php -I/usr/local/include/php/main -I/usr/local/include/php/TSRM -I/usr/local/include/php/Zend -I/usr/local/include/php/ext -I/usr/local/include/php/ext/date/lib -I/usr/include/libpng16 -I/usr/include/freetype2 -fstack-protector-strong -fpic -fpie -O2 -D_LARGEFILE_SOURCE -D_FILE_OFFSET_BITS=64 -DHAVE_CONFIG_H -fstack-protector-strong -fpic -fpie -O2 -D_LARGEFILE_SOURCE -D_FILE_OFFSET_BITS=64 -D_GNU_SOURCE -I/usr/src/php/ext/gd/libgd -DZEND_COMPILE_DL_EXT=1 -c /usr/src/php/ext/gd/libgd/gd_bmp.c -MMD -MF libgd/gd_bmp.dep -MT libgd/gd_bmp.lo  -fPIC -DPIC -o libgd/.libs/gd_bmp.o
/bin/sh /usr/src/php/ext/gd/libtool --tag=CC --mode=compile cc -I. -I/usr/src/php/ext/gd -I/usr/src/php/ext/gd/include -I/usr/src/php/ext/gd/main -I/usr/src/php/ext/gd -I/usr/local/include/php -I/usr/local/include/php/main -I/usr/local/include/php/TSRM -I/usr/local/include/php/Zend -I/usr/local/include/php/ext -I/usr/local/include/php/ext/date/lib -I/usr/include/libpng16 -I/usr/include/freetype2  -fstack-protector-strong -fpic -fpie -O2 -D_LARGEFILE_SOURCE -D_FILE_OFFSET_BITS=64 -DHAVE_CONFIG_H  -fstack-protector-strong -fpic -fpie -O2 -D_LARGEFILE_SOURCE -D_FILE_OFFSET_BITS=64 -D_GNU_SOURCE   -I/usr/src/php/ext/gd/libgd -DZEND_COMPILE_DL_EXT=1 -c /usr/src/php/ext/gd/libgd/gd_tga.c -o libgd/gd_tga.lo  -MMD -MF libgd/gd_tga.dep -MT libgd/gd_tga.lo
 cc -I. -I/usr/src/php/ext/gd -I/usr/src/php/ext/gd/include -I/usr/src/php/ext/gd/main -I/usr/src/php/ext/gd -I/usr/local/include/php -I/usr/local/include/php/main -I/usr/local/include/php/TSRM -I/usr/local/include/php/Zend -I/usr/local/include/php/ext -I/usr/local/include/php/ext/date/lib -I/usr/include/libpng16 -I/usr/include/freetype2 -fstack-protector-strong -fpic -fpie -O2 -D_LARGEFILE_SOURCE -D_FILE_OFFSET_BITS=64 -DHAVE_CONFIG_H -fstack-protector-strong -fpic -fpie -O2 -D_LARGEFILE_SOURCE -D_FILE_OFFSET_BITS=64 -D_GNU_SOURCE -I/usr/src/php/ext/gd/libgd -DZEND_COMPILE_DL_EXT=1 -c /usr/src/php/ext/gd/libgd/gd_tga.c -MMD -MF libgd/gd_tga.dep -MT libgd/gd_tga.lo  -fPIC -DPIC -o libgd/.libs/gd_tga.o
/bin/sh /usr/src/php/ext/gd/libtool --tag=CC --mode=link cc -shared -I/usr/src/php/ext/gd/include -I/usr/src/php/ext/gd/main -I/usr/src/php/ext/gd -I/usr/local/include/php -I/usr/local/include/php/main -I/usr/local/include/php/TSRM -I/usr/local/include/php/Zend -I/usr/local/include/php/ext -I/usr/local/include/php/ext/date/lib -I/usr/include/libpng16 -I/usr/include/freetype2  -fstack-protector-strong -fpic -fpie -O2 -D_LARGEFILE_SOURCE -D_FILE_OFFSET_BITS=64 -DHAVE_CONFIG_H  -fstack-protector-strong -fpic -fpie -O2 -D_LARGEFILE_SOURCE -D_FILE_OFFSET_BITS=64 -D_GNU_SOURCE  -Wl,-O1 -pie  -o gd.la -export-dynamic -avoid-version -prefer-pic -module -rpath /usr/src/php/ext/gd/modules  gd.lo libgd/gd.lo libgd/gd_gd.lo libgd/gd_gd2.lo libgd/gd_io.lo libgd/gd_io_dp.lo libgd/gd_io_file.lo libgd/gd_ss.lo libgd/gd_io_ss.lo libgd/gd_webp.lo libgd/gd_avif.lo libgd/gd_png.lo libgd/gd_jpeg.lo libgd/gdxpm.lo libgd/gdfontt.lo libgd/gdfonts.lo libgd/gdfontmb.lo libgd/gdfontl.lo libgd/gdfontg.lo libgd/gdtables.lo libgd/gdft.lo libgd/gdcache.lo libgd/gdkanji.lo libgd/wbmp.lo libgd/gd_wbmp.lo libgd/gdhelpers.lo libgd/gd_topal.lo libgd/gd_gif_in.lo libgd/gd_xbm.lo libgd/gd_gif_out.lo libgd/gd_security.lo libgd/gd_filter.lo libgd/gd_pixelate.lo libgd/gd_rotate.lo libgd/gd_color_match.lo libgd/gd_transform.lo libgd/gd_crop.lo libgd/gd_interpolation.lo libgd/gd_matrix.lo libgd/gd_bmp.lo libgd/gd_tga.lo -lz -lpng16 -ljpeg -lfreetype
cc -shared  .libs/gd.o libgd/.libs/gd.o libgd/.libs/gd_gd.o libgd/.libs/gd_gd2.o libgd/.libs/gd_io.o libgd/.libs/gd_io_dp.o libgd/.libs/gd_io_file.o libgd/.libs/gd_ss.o libgd/.libs/gd_io_ss.o libgd/.libs/gd_webp.o libgd/.libs/gd_avif.o libgd/.libs/gd_png.o libgd/.libs/gd_jpeg.o libgd/.libs/gdxpm.o libgd/.libs/gdfontt.o libgd/.libs/gdfonts.o libgd/.libs/gdfontmb.o libgd/.libs/gdfontl.o libgd/.libs/gdfontg.o libgd/.libs/gdtables.o libgd/.libs/gdft.o libgd/.libs/gdcache.o libgd/.libs/gdkanji.o libgd/.libs/wbmp.o libgd/.libs/gd_wbmp.o libgd/.libs/gdhelpers.o libgd/.libs/gd_topal.o libgd/.libs/gd_gif_in.o libgd/.libs/gd_xbm.o libgd/.libs/gd_gif_out.o libgd/.libs/gd_security.o libgd/.libs/gd_filter.o libgd/.libs/gd_pixelate.o libgd/.libs/gd_rotate.o libgd/.libs/gd_color_match.o libgd/.libs/gd_transform.o libgd/.libs/gd_crop.o libgd/.libs/gd_interpolation.o libgd/.libs/gd_matrix.o libgd/.libs/gd_bmp.o libgd/.libs/gd_tga.o  -lz -lpng16 -ljpeg -lfreetype  -Wl,-O1 -Wl,-soname -Wl,gd.so -o .libs/gd.so
creating gd.la
(cd .libs && rm -f gd.la && ln -s ../gd.la gd.la)
/bin/sh /usr/src/php/ext/gd/libtool --tag=CC --mode=install cp ./gd.la /usr/src/php/ext/gd/modules
cp ./.libs/gd.so /usr/src/php/ext/gd/modules/gd.so
cp ./.libs/gd.lai /usr/src/php/ext/gd/modules/gd.la
PATH="$PATH:/sbin" ldconfig -n /usr/src/php/ext/gd/modules
----------------------------------------------------------------------
Libraries have been installed in:
   /usr/src/php/ext/gd/modules

If you ever happen to want to link against installed libraries
in a given directory, LIBDIR, you must either use libtool, and
specify the full pathname of the library, or use the `-LLIBDIR'
flag during linking and do at least one of the following:
   - add LIBDIR to the `LD_LIBRARY_PATH' environment variable
     during execution
   - add LIBDIR to the `LD_RUN_PATH' environment variable
     during linking
   - use the `-Wl,--rpath -Wl,LIBDIR' linker flag

See any operating system documentation about shared libraries for
more information, such as the ld(1) and ld.so(8) manual pages.
----------------------------------------------------------------------

Build complete.
Don't forget to run 'make test'.

[91m+ strip --strip-all modules/gd.so
[0mInstalling shared extensions:     /usr/local/lib/php/extensions/no-debug-non-zts-20220829/
Installing header files:          /usr/local/include/php/
find . -name \*.gcno -o -name \*.gcda | xargs rm -f
find . -name \*.lo -o -name \*.o -o -name \*.dep | xargs rm -f
find . -name \*.la -o -name \*.a | xargs rm -f
find . -name \*.so | xargs rm -f
find . -name .libs -a -type d|xargs rm -rf
rm -f libphp.la      modules/* libs/*
rm -f ext/opcache/jit/zend_jit_x86.c
rm -f ext/opcache/jit/zend_jit_arm64.c
rm -f ext/opcache/minilua
Configuring for:
PHP Api Version:         20220829
Zend Module Api No:      20220829
Zend Extension Api No:   420220829
checking for grep that handles long lines and -e... /bin/grep
checking for egrep... /bin/grep -E
checking for a sed that does not truncate output... /bin/sed
checking for pkg-config... /usr/bin/pkg-config
checking pkg-config is at least version 0.9.0... yes
checking for cc... cc
checking whether the C compiler works... yes
checking for C compiler default output file name... a.out
checking for suffix of executables... 
checking whether we are cross compiling... no
checking for suffix of object files... o
checking whether the compiler supports GNU C... yes
checking whether cc accepts -g... yes
checking for cc option to enable C11 features... none needed
checking how to run the C preprocessor... cc -E
checking for egrep -e... (cached) /bin/grep -E
checking for icc... no
checking for suncc... no
checking for system library directory... lib
checking if compiler supports -Wl,-rpath,... yes
checking build system type... x86_64-pc-linux-musl
checking host system type... x86_64-pc-linux-musl
checking target system type... x86_64-pc-linux-musl
checking for PHP prefix... /usr/local
checking for PHP includes... -I/usr/local/include/php -I/usr/local/include/php/main -I/usr/local/include/php/TSRM -I/usr/local/include/php/Zend -I/usr/local/include/php/ext -I/usr/local/include/php/ext/date/lib
checking for PHP extension directory... /usr/local/lib/php/extensions/no-debug-non-zts-20220829
checking for PHP installed headers prefix... /usr/local/include/php
checking if debug is enabled... no
checking if zts is enabled... no
checking for gawk... no
checking for nawk... no
checking for awk... awk
checking if awk is broken... no
checking for zip archive read/write support... yes, shared
checking for libzip >= 0.11 libzip != 1.3.1 libzip != 1.7.0... yes
checking for zip_file_set_mtime in -lzip... yes
checking for zip_file_set_encryption in -lzip... yes
checking for zip_libzip_version in -lzip... yes
checking for zip_register_progress_callback_with_state in -lzip... yes
checking for zip_register_cancel_callback_with_state in -lzip... yes
checking for zip_compression_method_supported in -lzip... yes
checking for a sed that does not truncate output... /bin/sed
checking for ld used by cc... /usr/x86_64-alpine-linux-musl/bin/ld
checking if the linker (/usr/x86_64-alpine-linux-musl/bin/ld) is GNU ld... yes
checking for /usr/x86_64-alpine-linux-musl/bin/ld option to reload object files... -r
checking for BSD-compatible nm... /usr/bin/nm -B
checking whether ln -s works... yes
checking how to recognize dependent libraries... pass_all
checking for stdio.h... yes
checking for stdlib.h... yes
checking for string.h... yes
checking for inttypes.h... yes
checking for stdint.h... yes
checking for strings.h... yes
checking for sys/stat.h... yes
checking for sys/types.h... yes
checking for unistd.h... yes
checking for dlfcn.h... yes
checking the maximum length of command line arguments... 98304
checking command to parse /usr/bin/nm -B output from cc object... ok
checking for objdir... .libs
checking for ar... ar
checking for ranlib... ranlib
checking for strip... strip
checking if cc supports -fno-rtti -fno-exceptions... no
checking for cc option to produce PIC... -fPIC
checking if cc PIC flag -fPIC works... yes
checking if cc static flag -static works... yes
checking if cc supports -c -o file.o... yes
checking whether the cc linker (/usr/x86_64-alpine-linux-musl/bin/ld -m elf_x86_64) supports shared libraries... yes
checking whether -lc should be explicitly linked in... no
checking dynamic linker characteristics... GNU/Linux ld.so
checking how to hardcode library paths into programs... immediate
checking whether stripping libraries is possible... yes
checking if libtool supports shared libraries... yes
checking whether to build shared libraries... yes
checking whether to build static libraries... no

creating libtool
appending configuration tag "CXX" to libtool
configure: patching config.h.in
configure: creating ./config.status
config.status: creating config.h
/bin/sh /usr/src/php/ext/zip/libtool --tag=CC --mode=compile cc -I. -I/usr/src/php/ext/zip -I/usr/src/php/ext/zip/include -I/usr/src/php/ext/zip/main -I/usr/src/php/ext/zip -I/usr/local/include/php -I/usr/local/include/php/main -I/usr/local/include/php/TSRM -I/usr/local/include/php/Zend -I/usr/local/include/php/ext -I/usr/local/include/php/ext/date/lib  -fstack-protector-strong -fpic -fpie -O2 -D_LARGEFILE_SOURCE -D_FILE_OFFSET_BITS=64 -DHAVE_CONFIG_H  -fstack-protector-strong -fpic -fpie -O2 -D_LARGEFILE_SOURCE -D_FILE_OFFSET_BITS=64 -D_GNU_SOURCE    -DZEND_COMPILE_DL_EXT=1 -c /usr/src/php/ext/zip/php_zip.c -o php_zip.lo  -MMD -MF php_zip.dep -MT php_zip.lo
mkdir .libs
 cc -I. -I/usr/src/php/ext/zip -I/usr/src/php/ext/zip/include -I/usr/src/php/ext/zip/main -I/usr/src/php/ext/zip -I/usr/local/include/php -I/usr/local/include/php/main -I/usr/local/include/php/TSRM -I/usr/local/include/php/Zend -I/usr/local/include/php/ext -I/usr/local/include/php/ext/date/lib -fstack-protector-strong -fpic -fpie -O2 -D_LARGEFILE_SOURCE -D_FILE_OFFSET_BITS=64 -DHAVE_CONFIG_H -fstack-protector-strong -fpic -fpie -O2 -D_LARGEFILE_SOURCE -D_FILE_OFFSET_BITS=64 -D_GNU_SOURCE -DZEND_COMPILE_DL_EXT=1 -c /usr/src/php/ext/zip/php_zip.c -MMD -MF php_zip.dep -MT php_zip.lo  -fPIC -DPIC -o .libs/php_zip.o
/bin/sh /usr/src/php/ext/zip/libtool --tag=CC --mode=compile cc -I. -I/usr/src/php/ext/zip -I/usr/src/php/ext/zip/include -I/usr/src/php/ext/zip/main -I/usr/src/php/ext/zip -I/usr/local/include/php -I/usr/local/include/php/main -I/usr/local/include/php/TSRM -I/usr/local/include/php/Zend -I/usr/local/include/php/ext -I/usr/local/include/php/ext/date/lib  -fstack-protector-strong -fpic -fpie -O2 -D_LARGEFILE_SOURCE -D_FILE_OFFSET_BITS=64 -DHAVE_CONFIG_H  -fstack-protector-strong -fpic -fpie -O2 -D_LARGEFILE_SOURCE -D_FILE_OFFSET_BITS=64 -D_GNU_SOURCE    -DZEND_COMPILE_DL_EXT=1 -c /usr/src/php/ext/zip/zip_stream.c -o zip_stream.lo  -MMD -MF zip_stream.dep -MT zip_stream.lo
 cc -I. -I/usr/src/php/ext/zip -I/usr/src/php/ext/zip/include -I/usr/src/php/ext/zip/main -I/usr/src/php/ext/zip -I/usr/local/include/php -I/usr/local/include/php/main -I/usr/local/include/php/TSRM -I/usr/local/include/php/Zend -I/usr/local/include/php/ext -I/usr/local/include/php/ext/date/lib -fstack-protector-strong -fpic -fpie -O2 -D_LARGEFILE_SOURCE -D_FILE_OFFSET_BITS=64 -DHAVE_CONFIG_H -fstack-protector-strong -fpic -fpie -O2 -D_LARGEFILE_SOURCE -D_FILE_OFFSET_BITS=64 -D_GNU_SOURCE -DZEND_COMPILE_DL_EXT=1 -c /usr/src/php/ext/zip/zip_stream.c -MMD -MF zip_stream.dep -MT zip_stream.lo  -fPIC -DPIC -o .libs/zip_stream.o
/bin/sh /usr/src/php/ext/zip/libtool --tag=CC --mode=link cc -shared -I/usr/src/php/ext/zip/include -I/usr/src/php/ext/zip/main -I/usr/src/php/ext/zip -I/usr/local/include/php -I/usr/local/include/php/main -I/usr/local/include/php/TSRM -I/usr/local/include/php/Zend -I/usr/local/include/php/ext -I/usr/local/include/php/ext/date/lib  -fstack-protector-strong -fpic -fpie -O2 -D_LARGEFILE_SOURCE -D_FILE_OFFSET_BITS=64 -DHAVE_CONFIG_H  -fstack-protector-strong -fpic -fpie -O2 -D_LARGEFILE_SOURCE -D_FILE_OFFSET_BITS=64 -D_GNU_SOURCE  -Wl,-O1 -pie  -o zip.la -export-dynamic -avoid-version -prefer-pic -module -rpath /usr/src/php/ext/zip/modules  php_zip.lo zip_stream.lo -lzip
cc -shared  .libs/php_zip.o .libs/zip_stream.o  -lzip  -Wl,-O1 -Wl,-soname -Wl,zip.so -o .libs/zip.so
creating zip.la
(cd .libs && rm -f zip.la && ln -s ../zip.la zip.la)
/bin/sh /usr/src/php/ext/zip/libtool --tag=CC --mode=install cp ./zip.la /usr/src/php/ext/zip/modules
cp ./.libs/zip.so /usr/src/php/ext/zip/modules/zip.so
cp ./.libs/zip.lai /usr/src/php/ext/zip/modules/zip.la
PATH="$PATH:/sbin" ldconfig -n /usr/src/php/ext/zip/modules
----------------------------------------------------------------------
Libraries have been installed in:
   /usr/src/php/ext/zip/modules

If you ever happen to want to link against installed libraries
in a given directory, LIBDIR, you must either use libtool, and
specify the full pathname of the library, or use the `-LLIBDIR'
flag during linking and do at least one of the following:
   - add LIBDIR to the `LD_LIBRARY_PATH' environment variable
     during execution
   - add LIBDIR to the `LD_RUN_PATH' environment variable
     during linking
   - use the `-Wl,--rpath -Wl,LIBDIR' linker flag

See any operating system documentation about shared libraries for
more information, such as the ld(1) and ld.so(8) manual pages.
----------------------------------------------------------------------

Build complete.
Don't forget to run 'make test'.

[91m+ strip --strip-all modules/zip.so
[0mInstalling shared extensions:     /usr/local/lib/php/extensions/no-debug-non-zts-20220829/
find . -name \*.gcno -o -name \*.gcda | xargs rm -f
find . -name \*.lo -o -name \*.o -o -name \*.dep | xargs rm -f
find . -name \*.la -o -name \*.a | xargs rm -f
find . -name \*.so | xargs rm -f
find . -name .libs -a -type d|xargs rm -rf
rm -f libphp.la      modules/* libs/*
rm -f ext/opcache/jit/zend_jit_x86.c
rm -f ext/opcache/jit/zend_jit_arm64.c
rm -f ext/opcache/minilua
Configuring for:
PHP Api Version:         20220829
Zend Module Api No:      20220829
Zend Extension Api No:   420220829
checking for grep that handles long lines and -e... /bin/grep
checking for egrep... /bin/grep -E
checking for a sed that does not truncate output... /bin/sed
checking for pkg-config... /usr/bin/pkg-config
checking pkg-config is at least version 0.9.0... yes
checking for cc... cc
checking whether the C compiler works... yes
checking for C compiler default output file name... a.out
checking for suffix of executables... 
checking whether we are cross compiling... no
checking for suffix of object files... o
checking whether the compiler supports GNU C... yes
checking whether cc accepts -g... yes
checking for cc option to enable C11 features... none needed
checking how to run the C preprocessor... cc -E
checking for egrep -e... (cached) /bin/grep -E
checking for icc... no
checking for suncc... no
checking for system library directory... lib
checking if compiler supports -Wl,-rpath,... yes
checking build system type... x86_64-pc-linux-musl
checking host system type... x86_64-pc-linux-musl
checking target system type... x86_64-pc-linux-musl
checking for PHP prefix... /usr/local
checking for PHP includes... -I/usr/local/include/php -I/usr/local/include/php/main -I/usr/local/include/php/TSRM -I/usr/local/include/php/Zend -I/usr/local/include/php/ext -I/usr/local/include/php/ext/date/lib
checking for PHP extension directory... /usr/local/lib/php/extensions/no-debug-non-zts-20220829
checking for PHP installed headers prefix... /usr/local/include/php
checking if debug is enabled... no
checking if zts is enabled... no
checking for gawk... no
checking for nawk... no
checking for awk... awk
checking if awk is broken... no
checking whether to enable multibyte string support... yes, shared
checking whether to enable multibyte regex support (requires oniguruma)... yes
checking for oniguruma... yes
checking if oniguruma has an invalid entry for KOI8 encoding... yes
checking for a sed that does not truncate output... /bin/sed
checking for ld used by cc... /usr/x86_64-alpine-linux-musl/bin/ld
checking if the linker (/usr/x86_64-alpine-linux-musl/bin/ld) is GNU ld... yes
checking for /usr/x86_64-alpine-linux-musl/bin/ld option to reload object files... -r
checking for BSD-compatible nm... /usr/bin/nm -B
checking whether ln -s works... yes
checking how to recognize dependent libraries... pass_all
checking for stdio.h... yes
checking for stdlib.h... yes
checking for string.h... yes
checking for inttypes.h... yes
checking for stdint.h... yes
checking for strings.h... yes
checking for sys/stat.h... yes
checking for sys/types.h... yes
checking for unistd.h... yes
checking for dlfcn.h... yes
checking the maximum length of command line arguments... 98304
checking command to parse /usr/bin/nm -B output from cc object... ok
checking for objdir... .libs
checking for ar... ar
checking for ranlib... ranlib
checking for strip... strip
checking if cc supports -fno-rtti -fno-exceptions... no
checking for cc option to produce PIC... -fPIC
checking if cc PIC flag -fPIC works... yes
checking if cc static flag -static works... yes
checking if cc supports -c -o file.o... yes
checking whether the cc linker (/usr/x86_64-alpine-linux-musl/bin/ld -m elf_x86_64) supports shared libraries... yes
checking whether -lc should be explicitly linked in... no
checking dynamic linker characteristics... GNU/Linux ld.so
checking how to hardcode library paths into programs... immediate
checking whether stripping libraries is possible... yes
checking if libtool supports shared libraries... yes
checking whether to build shared libraries... yes
checking whether to build static libraries... no

creating libtool
appending configuration tag "CXX" to libtool
configure: patching config.h.in
configure: creating ./config.status
config.status: creating config.h
/bin/sh /usr/src/php/ext/mbstring/libtool --tag=CC --mode=compile cc -I. -I/usr/src/php/ext/mbstring -I/usr/src/php/ext/mbstring/include -I/usr/src/php/ext/mbstring/main -I/usr/src/php/ext/mbstring -I/usr/local/include/php -I/usr/local/include/php/main -I/usr/local/include/php/TSRM -I/usr/local/include/php/Zend -I/usr/local/include/php/ext -I/usr/local/include/php/ext/date/lib -I/usr/src/php/ext/mbstring/libmbfl -I/usr/src/php/ext/mbstring/libmbfl/mbfl  -fstack-protector-strong -fpic -fpie -O2 -D_LARGEFILE_SOURCE -D_FILE_OFFSET_BITS=64 -DHAVE_CONFIG_H  -fstack-protector-strong -fpic -fpie -O2 -D_LARGEFILE_SOURCE -D_FILE_OFFSET_BITS=64 -D_GNU_SOURCE    -DONIG_ESCAPE_UCHAR_COLLISION=1 -DUChar=OnigUChar -DZEND_ENABLE_STATIC_TSRMLS_CACHE=1 -DZEND_COMPILE_DL_EXT=1 -c /usr/src/php/ext/mbstring/mbstring.c -o mbstring.lo  -MMD -MF mbstring.dep -MT mbstring.lo
mkdir .libs
 cc -I. -I/usr/src/php/ext/mbstring -I/usr/src/php/ext/mbstring/include -I/usr/src/php/ext/mbstring/main -I/usr/src/php/ext/mbstring -I/usr/local/include/php -I/usr/local/include/php/main -I/usr/local/include/php/TSRM -I/usr/local/include/php/Zend -I/usr/local/include/php/ext -I/usr/local/include/php/ext/date/lib -I/usr/src/php/ext/mbstring/libmbfl -I/usr/src/php/ext/mbstring/libmbfl/mbfl -fstack-protector-strong -fpic -fpie -O2 -D_LARGEFILE_SOURCE -D_FILE_OFFSET_BITS=64 -DHAVE_CONFIG_H -fstack-protector-strong -fpic -fpie -O2 -D_LARGEFILE_SOURCE -D_FILE_OFFSET_BITS=64 -D_GNU_SOURCE -DONIG_ESCAPE_UCHAR_COLLISION=1 -DUChar=OnigUChar -DZEND_ENABLE_STATIC_TSRMLS_CACHE=1 -DZEND_COMPILE_DL_EXT=1 -c /usr/src/php/ext/mbstring/mbstring.c -MMD -MF mbstring.dep -MT mbstring.lo  -fPIC -DPIC -o .libs/mbstring.o
/bin/sh /usr/src/php/ext/mbstring/libtool --tag=CC --mode=compile cc -I. -I/usr/src/php/ext/mbstring -I/usr/src/php/ext/mbstring/include -I/usr/src/php/ext/mbstring/main -I/usr/src/php/ext/mbstring -I/usr/local/include/php -I/usr/local/include/php/main -I/usr/local/include/php/TSRM -I/usr/local/include/php/Zend -I/usr/local/include/php/ext -I/usr/local/include/php/ext/date/lib -I/usr/src/php/ext/mbstring/libmbfl -I/usr/src/php/ext/mbstring/libmbfl/mbfl  -fstack-protector-strong -fpic -fpie -O2 -D_LARGEFILE_SOURCE -D_FILE_OFFSET_BITS=64 -DHAVE_CONFIG_H  -fstack-protector-strong -fpic -fpie -O2 -D_LARGEFILE_SOURCE -D_FILE_OFFSET_BITS=64 -D_GNU_SOURCE    -DONIG_ESCAPE_UCHAR_COLLISION=1 -DUChar=OnigUChar -DZEND_ENABLE_STATIC_TSRMLS_CACHE=1 -DZEND_COMPILE_DL_EXT=1 -c /usr/src/php/ext/mbstring/php_unicode.c -o php_unicode.lo  -MMD -MF php_unicode.dep -MT php_unicode.lo
 cc -I. -I/usr/src/php/ext/mbstring -I/usr/src/php/ext/mbstring/include -I/usr/src/php/ext/mbstring/main -I/usr/src/php/ext/mbstring -I/usr/local/include/php -I/usr/local/include/php/main -I/usr/local/include/php/TSRM -I/usr/local/include/php/Zend -I/usr/local/include/php/ext -I/usr/local/include/php/ext/date/lib -I/usr/src/php/ext/mbstring/libmbfl -I/usr/src/php/ext/mbstring/libmbfl/mbfl -fstack-protector-strong -fpic -fpie -O2 -D_LARGEFILE_SOURCE -D_FILE_OFFSET_BITS=64 -DHAVE_CONFIG_H -fstack-protector-strong -fpic -fpie -O2 -D_LARGEFILE_SOURCE -D_FILE_OFFSET_BITS=64 -D_GNU_SOURCE -DONIG_ESCAPE_UCHAR_COLLISION=1 -DUChar=OnigUChar -DZEND_ENABLE_STATIC_TSRMLS_CACHE=1 -DZEND_COMPILE_DL_EXT=1 -c /usr/src/php/ext/mbstring/php_unicode.c -MMD -MF php_unicode.dep -MT php_unicode.lo  -fPIC -DPIC -o .libs/php_unicode.o
/bin/sh /usr/src/php/ext/mbstring/libtool --tag=CC --mode=compile cc -I. -I/usr/src/php/ext/mbstring -I/usr/src/php/ext/mbstring/include -I/usr/src/php/ext/mbstring/main -I/usr/src/php/ext/mbstring -I/usr/local/include/php -I/usr/local/include/php/main -I/usr/local/include/php/TSRM -I/usr/local/include/php/Zend -I/usr/local/include/php/ext -I/usr/local/include/php/ext/date/lib -I/usr/src/php/ext/mbstring/libmbfl -I/usr/src/php/ext/mbstring/libmbfl/mbfl  -fstack-protector-strong -fpic -fpie -O2 -D_LARGEFILE_SOURCE -D_FILE_OFFSET_BITS=64 -DHAVE_CONFIG_H  -fstack-protector-strong -fpic -fpie -O2 -D_LARGEFILE_SOURCE -D_FILE_OFFSET_BITS=64 -D_GNU_SOURCE    -DONIG_ESCAPE_UCHAR_COLLISION=1 -DUChar=OnigUChar -DZEND_ENABLE_STATIC_TSRMLS_CACHE=1 -DZEND_COMPILE_DL_EXT=1 -c /usr/src/php/ext/mbstring/mb_gpc.c -o mb_gpc.lo  -MMD -MF mb_gpc.dep -MT mb_gpc.lo
 cc -I. -I/usr/src/php/ext/mbstring -I/usr/src/php/ext/mbstring/include -I/usr/src/php/ext/mbstring/main -I/usr/src/php/ext/mbstring -I/usr/local/include/php -I/usr/local/include/php/main -I/usr/local/include/php/TSRM -I/usr/local/include/php/Zend -I/usr/local/include/php/ext -I/usr/local/include/php/ext/date/lib -I/usr/src/php/ext/mbstring/libmbfl -I/usr/src/php/ext/mbstring/libmbfl/mbfl -fstack-protector-strong -fpic -fpie -O2 -D_LARGEFILE_SOURCE -D_FILE_OFFSET_BITS=64 -DHAVE_CONFIG_H -fstack-protector-strong -fpic -fpie -O2 -D_LARGEFILE_SOURCE -D_FILE_OFFSET_BITS=64 -D_GNU_SOURCE -DONIG_ESCAPE_UCHAR_COLLISION=1 -DUChar=OnigUChar -DZEND_ENABLE_STATIC_TSRMLS_CACHE=1 -DZEND_COMPILE_DL_EXT=1 -c /usr/src/php/ext/mbstring/mb_gpc.c -MMD -MF mb_gpc.dep -MT mb_gpc.lo  -fPIC -DPIC -o .libs/mb_gpc.o
/bin/sh /usr/src/php/ext/mbstring/libtool --tag=CC --mode=compile cc -I. -I/usr/src/php/ext/mbstring -I/usr/src/php/ext/mbstring/include -I/usr/src/php/ext/mbstring/main -I/usr/src/php/ext/mbstring -I/usr/local/include/php -I/usr/local/include/php/main -I/usr/local/include/php/TSRM -I/usr/local/include/php/Zend -I/usr/local/include/php/ext -I/usr/local/include/php/ext/date/lib -I/usr/src/php/ext/mbstring/libmbfl -I/usr/src/php/ext/mbstring/libmbfl/mbfl  -fstack-protector-strong -fpic -fpie -O2 -D_LARGEFILE_SOURCE -D_FILE_OFFSET_BITS=64 -DHAVE_CONFIG_H  -fstack-protector-strong -fpic -fpie -O2 -D_LARGEFILE_SOURCE -D_FILE_OFFSET_BITS=64 -D_GNU_SOURCE    -DONIG_ESCAPE_UCHAR_COLLISION=1 -DUChar=OnigUChar -DZEND_ENABLE_STATIC_TSRMLS_CACHE=1 -DZEND_COMPILE_DL_EXT=1 -c /usr/src/php/ext/mbstring/php_mbregex.c -o php_mbregex.lo  -MMD -MF php_mbregex.dep -MT php_mbregex.lo
 cc -I. -I/usr/src/php/ext/mbstring -I/usr/src/php/ext/mbstring/include -I/usr/src/php/ext/mbstring/main -I/usr/src/php/ext/mbstring -I/usr/local/include/php -I/usr/local/include/php/main -I/usr/local/include/php/TSRM -I/usr/local/include/php/Zend -I/usr/local/include/php/ext -I/usr/local/include/php/ext/date/lib -I/usr/src/php/ext/mbstring/libmbfl -I/usr/src/php/ext/mbstring/libmbfl/mbfl -fstack-protector-strong -fpic -fpie -O2 -D_LARGEFILE_SOURCE -D_FILE_OFFSET_BITS=64 -DHAVE_CONFIG_H -fstack-protector-strong -fpic -fpie -O2 -D_LARGEFILE_SOURCE -D_FILE_OFFSET_BITS=64 -D_GNU_SOURCE -DONIG_ESCAPE_UCHAR_COLLISION=1 -DUChar=OnigUChar -DZEND_ENABLE_STATIC_TSRMLS_CACHE=1 -DZEND_COMPILE_DL_EXT=1 -c /usr/src/php/ext/mbstring/php_mbregex.c -MMD -MF php_mbregex.dep -MT php_mbregex.lo  -fPIC -DPIC -o .libs/php_mbregex.o
/bin/sh /usr/src/php/ext/mbstring/libtool --tag=CC --mode=compile cc -I. -I/usr/src/php/ext/mbstring -I/usr/src/php/ext/mbstring/include -I/usr/src/php/ext/mbstring/main -I/usr/src/php/ext/mbstring -I/usr/local/include/php -I/usr/local/include/php/main -I/usr/local/include/php/TSRM -I/usr/local/include/php/Zend -I/usr/local/include/php/ext -I/usr/local/include/php/ext/date/lib -I/usr/src/php/ext/mbstring/libmbfl -I/usr/src/php/ext/mbstring/libmbfl/mbfl  -fstack-protector-strong -fpic -fpie -O2 -D_LARGEFILE_SOURCE -D_FILE_OFFSET_BITS=64 -DHAVE_CONFIG_H  -fstack-protector-strong -fpic -fpie -O2 -D_LARGEFILE_SOURCE -D_FILE_OFFSET_BITS=64 -D_GNU_SOURCE    -DONIG_ESCAPE_UCHAR_COLLISION=1 -DUChar=OnigUChar -DZEND_ENABLE_STATIC_TSRMLS_CACHE=1 -DZEND_COMPILE_DL_EXT=1 -c /usr/src/php/ext/mbstring/libmbfl/filters/html_entities.c -o libmbfl/filters/html_entities.lo  -MMD -MF libmbfl/filters/html_entities.dep -MT libmbfl/filters/html_entities.lo
mkdir libmbfl/filters/.libs
 cc -I. -I/usr/src/php/ext/mbstring -I/usr/src/php/ext/mbstring/include -I/usr/src/php/ext/mbstring/main -I/usr/src/php/ext/mbstring -I/usr/local/include/php -I/usr/local/include/php/main -I/usr/local/include/php/TSRM -I/usr/local/include/php/Zend -I/usr/local/include/php/ext -I/usr/local/include/php/ext/date/lib -I/usr/src/php/ext/mbstring/libmbfl -I/usr/src/php/ext/mbstring/libmbfl/mbfl -fstack-protector-strong -fpic -fpie -O2 -D_LARGEFILE_SOURCE -D_FILE_OFFSET_BITS=64 -DHAVE_CONFIG_H -fstack-protector-strong -fpic -fpie -O2 -D_LARGEFILE_SOURCE -D_FILE_OFFSET_BITS=64 -D_GNU_SOURCE -DONIG_ESCAPE_UCHAR_COLLISION=1 -DUChar=OnigUChar -DZEND_ENABLE_STATIC_TSRMLS_CACHE=1 -DZEND_COMPILE_DL_EXT=1 -c /usr/src/php/ext/mbstring/libmbfl/filters/html_entities.c -MMD -MF libmbfl/filters/html_entities.dep -MT libmbfl/filters/html_entities.lo  -fPIC -DPIC -o libmbfl/filters/.libs/html_entities.o
/bin/sh /usr/src/php/ext/mbstring/libtool --tag=CC --mode=compile cc -I. -I/usr/src/php/ext/mbstring -I/usr/src/php/ext/mbstring/include -I/usr/src/php/ext/mbstring/main -I/usr/src/php/ext/mbstring -I/usr/local/include/php -I/usr/local/include/php/main -I/usr/local/include/php/TSRM -I/usr/local/include/php/Zend -I/usr/local/include/php/ext -I/usr/local/include/php/ext/date/lib -I/usr/src/php/ext/mbstring/libmbfl -I/usr/src/php/ext/mbstring/libmbfl/mbfl  -fstack-protector-strong -fpic -fpie -O2 -D_LARGEFILE_SOURCE -D_FILE_OFFSET_BITS=64 -DHAVE_CONFIG_H  -fstack-protector-strong -fpic -fpie -O2 -D_LARGEFILE_SOURCE -D_FILE_OFFSET_BITS=64 -D_GNU_SOURCE    -DONIG_ESCAPE_UCHAR_COLLISION=1 -DUChar=OnigUChar -DZEND_ENABLE_STATIC_TSRMLS_CACHE=1 -DZEND_COMPILE_DL_EXT=1 -c /usr/src/php/ext/mbstring/libmbfl/filters/mbfilter_7bit.c -o libmbfl/filters/mbfilter_7bit.lo  -MMD -MF libmbfl/filters/mbfilter_7bit.dep -MT libmbfl/filters/mbfilter_7bit.lo
 cc -I. -I/usr/src/php/ext/mbstring -I/usr/src/php/ext/mbstring/include -I/usr/src/php/ext/mbstring/main -I/usr/src/php/ext/mbstring -I/usr/local/include/php -I/usr/local/include/php/main -I/usr/local/include/php/TSRM -I/usr/local/include/php/Zend -I/usr/local/include/php/ext -I/usr/local/include/php/ext/date/lib -I/usr/src/php/ext/mbstring/libmbfl -I/usr/src/php/ext/mbstring/libmbfl/mbfl -fstack-protector-strong -fpic -fpie -O2 -D_LARGEFILE_SOURCE -D_FILE_OFFSET_BITS=64 -DHAVE_CONFIG_H -fstack-protector-strong -fpic -fpie -O2 -D_LARGEFILE_SOURCE -D_FILE_OFFSET_BITS=64 -D_GNU_SOURCE -DONIG_ESCAPE_UCHAR_COLLISION=1 -DUChar=OnigUChar -DZEND_ENABLE_STATIC_TSRMLS_CACHE=1 -DZEND_COMPILE_DL_EXT=1 -c /usr/src/php/ext/mbstring/libmbfl/filters/mbfilter_7bit.c -MMD -MF libmbfl/filters/mbfilter_7bit.dep -MT libmbfl/filters/mbfilter_7bit.lo  -fPIC -DPIC -o libmbfl/filters/.libs/mbfilter_7bit.o
/bin/sh /usr/src/php/ext/mbstring/libtool --tag=CC --mode=compile cc -I. -I/usr/src/php/ext/mbstring -I/usr/src/php/ext/mbstring/include -I/usr/src/php/ext/mbstring/main -I/usr/src/php/ext/mbstring -I/usr/local/include/php -I/usr/local/include/php/main -I/usr/local/include/php/TSRM -I/usr/local/include/php/Zend -I/usr/local/include/php/ext -I/usr/local/include/php/ext/date/lib -I/usr/src/php/ext/mbstring/libmbfl -I/usr/src/php/ext/mbstring/libmbfl/mbfl  -fstack-protector-strong -fpic -fpie -O2 -D_LARGEFILE_SOURCE -D_FILE_OFFSET_BITS=64 -DHAVE_CONFIG_H  -fstack-protector-strong -fpic -fpie -O2 -D_LARGEFILE_SOURCE -D_FILE_OFFSET_BITS=64 -D_GNU_SOURCE    -DONIG_ESCAPE_UCHAR_COLLISION=1 -DUChar=OnigUChar -DZEND_ENABLE_STATIC_TSRMLS_CACHE=1 -DZEND_COMPILE_DL_EXT=1 -c /usr/src/php/ext/mbstring/libmbfl/filters/mbfilter_base64.c -o libmbfl/filters/mbfilter_base64.lo  -MMD -MF libmbfl/filters/mbfilter_base64.dep -MT libmbfl/filters/mbfilter_base64.lo
 cc -I. -I/usr/src/php/ext/mbstring -I/usr/src/php/ext/mbstring/include -I/usr/src/php/ext/mbstring/main -I/usr/src/php/ext/mbstring -I/usr/local/include/php -I/usr/local/include/php/main -I/usr/local/include/php/TSRM -I/usr/local/include/php/Zend -I/usr/local/include/php/ext -I/usr/local/include/php/ext/date/lib -I/usr/src/php/ext/mbstring/libmbfl -I/usr/src/php/ext/mbstring/libmbfl/mbfl -fstack-protector-strong -fpic -fpie -O2 -D_LARGEFILE_SOURCE -D_FILE_OFFSET_BITS=64 -DHAVE_CONFIG_H -fstack-protector-strong -fpic -fpie -O2 -D_LARGEFILE_SOURCE -D_FILE_OFFSET_BITS=64 -D_GNU_SOURCE -DONIG_ESCAPE_UCHAR_COLLISION=1 -DUChar=OnigUChar -DZEND_ENABLE_STATIC_TSRMLS_CACHE=1 -DZEND_COMPILE_DL_EXT=1 -c /usr/src/php/ext/mbstring/libmbfl/filters/mbfilter_base64.c -MMD -MF libmbfl/filters/mbfilter_base64.dep -MT libmbfl/filters/mbfilter_base64.lo  -fPIC -DPIC -o libmbfl/filters/.libs/mbfilter_base64.o
/bin/sh /usr/src/php/ext/mbstring/libtool --tag=CC --mode=compile cc -I. -I/usr/src/php/ext/mbstring -I/usr/src/php/ext/mbstring/include -I/usr/src/php/ext/mbstring/main -I/usr/src/php/ext/mbstring -I/usr/local/include/php -I/usr/local/include/php/main -I/usr/local/include/php/TSRM -I/usr/local/include/php/Zend -I/usr/local/include/php/ext -I/usr/local/include/php/ext/date/lib -I/usr/src/php/ext/mbstring/libmbfl -I/usr/src/php/ext/mbstring/libmbfl/mbfl  -fstack-protector-strong -fpic -fpie -O2 -D_LARGEFILE_SOURCE -D_FILE_OFFSET_BITS=64 -DHAVE_CONFIG_H  -fstack-protector-strong -fpic -fpie -O2 -D_LARGEFILE_SOURCE -D_FILE_OFFSET_BITS=64 -D_GNU_SOURCE    -DONIG_ESCAPE_UCHAR_COLLISION=1 -DUChar=OnigUChar -DZEND_ENABLE_STATIC_TSRMLS_CACHE=1 -DZEND_COMPILE_DL_EXT=1 -c /usr/src/php/ext/mbstring/libmbfl/filters/mbfilter_big5.c -o libmbfl/filters/mbfilter_big5.lo  -MMD -MF libmbfl/filters/mbfilter_big5.dep -MT libmbfl/filters/mbfilter_big5.lo
 cc -I. -I/usr/src/php/ext/mbstring -I/usr/src/php/ext/mbstring/include -I/usr/src/php/ext/mbstring/main -I/usr/src/php/ext/mbstring -I/usr/local/include/php -I/usr/local/include/php/main -I/usr/local/include/php/TSRM -I/usr/local/include/php/Zend -I/usr/local/include/php/ext -I/usr/local/include/php/ext/date/lib -I/usr/src/php/ext/mbstring/libmbfl -I/usr/src/php/ext/mbstring/libmbfl/mbfl -fstack-protector-strong -fpic -fpie -O2 -D_LARGEFILE_SOURCE -D_FILE_OFFSET_BITS=64 -DHAVE_CONFIG_H -fstack-protector-strong -fpic -fpie -O2 -D_LARGEFILE_SOURCE -D_FILE_OFFSET_BITS=64 -D_GNU_SOURCE -DONIG_ESCAPE_UCHAR_COLLISION=1 -DUChar=OnigUChar -DZEND_ENABLE_STATIC_TSRMLS_CACHE=1 -DZEND_COMPILE_DL_EXT=1 -c /usr/src/php/ext/mbstring/libmbfl/filters/mbfilter_big5.c -MMD -MF libmbfl/filters/mbfilter_big5.dep -MT libmbfl/filters/mbfilter_big5.lo  -fPIC -DPIC -o libmbfl/filters/.libs/mbfilter_big5.o
/bin/sh /usr/src/php/ext/mbstring/libtool --tag=CC --mode=compile cc -I. -I/usr/src/php/ext/mbstring -I/usr/src/php/ext/mbstring/include -I/usr/src/php/ext/mbstring/main -I/usr/src/php/ext/mbstring -I/usr/local/include/php -I/usr/local/include/php/main -I/usr/local/include/php/TSRM -I/usr/local/include/php/Zend -I/usr/local/include/php/ext -I/usr/local/include/php/ext/date/lib -I/usr/src/php/ext/mbstring/libmbfl -I/usr/src/php/ext/mbstring/libmbfl/mbfl  -fstack-protector-strong -fpic -fpie -O2 -D_LARGEFILE_SOURCE -D_FILE_OFFSET_BITS=64 -DHAVE_CONFIG_H  -fstack-protector-strong -fpic -fpie -O2 -D_LARGEFILE_SOURCE -D_FILE_OFFSET_BITS=64 -D_GNU_SOURCE    -DONIG_ESCAPE_UCHAR_COLLISION=1 -DUChar=OnigUChar -DZEND_ENABLE_STATIC_TSRMLS_CACHE=1 -DZEND_COMPILE_DL_EXT=1 -c /usr/src/php/ext/mbstring/libmbfl/filters/mbfilter_cp5022x.c -o libmbfl/filters/mbfilter_cp5022x.lo  -MMD -MF libmbfl/filters/mbfilter_cp5022x.dep -MT libmbfl/filters/mbfilter_cp5022x.lo
 cc -I. -I/usr/src/php/ext/mbstring -I/usr/src/php/ext/mbstring/include -I/usr/src/php/ext/mbstring/main -I/usr/src/php/ext/mbstring -I/usr/local/include/php -I/usr/local/include/php/main -I/usr/local/include/php/TSRM -I/usr/local/include/php/Zend -I/usr/local/include/php/ext -I/usr/local/include/php/ext/date/lib -I/usr/src/php/ext/mbstring/libmbfl -I/usr/src/php/ext/mbstring/libmbfl/mbfl -fstack-protector-strong -fpic -fpie -O2 -D_LARGEFILE_SOURCE -D_FILE_OFFSET_BITS=64 -DHAVE_CONFIG_H -fstack-protector-strong -fpic -fpie -O2 -D_LARGEFILE_SOURCE -D_FILE_OFFSET_BITS=64 -D_GNU_SOURCE -DONIG_ESCAPE_UCHAR_COLLISION=1 -DUChar=OnigUChar -DZEND_ENABLE_STATIC_TSRMLS_CACHE=1 -DZEND_COMPILE_DL_EXT=1 -c /usr/src/php/ext/mbstring/libmbfl/filters/mbfilter_cp5022x.c -MMD -MF libmbfl/filters/mbfilter_cp5022x.dep -MT libmbfl/filters/mbfilter_cp5022x.lo  -fPIC -DPIC -o libmbfl/filters/.libs/mbfilter_cp5022x.o
/bin/sh /usr/src/php/ext/mbstring/libtool --tag=CC --mode=compile cc -I. -I/usr/src/php/ext/mbstring -I/usr/src/php/ext/mbstring/include -I/usr/src/php/ext/mbstring/main -I/usr/src/php/ext/mbstring -I/usr/local/include/php -I/usr/local/include/php/main -I/usr/local/include/php/TSRM -I/usr/local/include/php/Zend -I/usr/local/include/php/ext -I/usr/local/include/php/ext/date/lib -I/usr/src/php/ext/mbstring/libmbfl -I/usr/src/php/ext/mbstring/libmbfl/mbfl  -fstack-protector-strong -fpic -fpie -O2 -D_LARGEFILE_SOURCE -D_FILE_OFFSET_BITS=64 -DHAVE_CONFIG_H  -fstack-protector-strong -fpic -fpie -O2 -D_LARGEFILE_SOURCE -D_FILE_OFFSET_BITS=64 -D_GNU_SOURCE    -DONIG_ESCAPE_UCHAR_COLLISION=1 -DUChar=OnigUChar -DZEND_ENABLE_STATIC_TSRMLS_CACHE=1 -DZEND_COMPILE_DL_EXT=1 -c /usr/src/php/ext/mbstring/libmbfl/filters/mbfilter_cp51932.c -o libmbfl/filters/mbfilter_cp51932.lo  -MMD -MF libmbfl/filters/mbfilter_cp51932.dep -MT libmbfl/filters/mbfilter_cp51932.lo
 cc -I. -I/usr/src/php/ext/mbstring -I/usr/src/php/ext/mbstring/include -I/usr/src/php/ext/mbstring/main -I/usr/src/php/ext/mbstring -I/usr/local/include/php -I/usr/local/include/php/main -I/usr/local/include/php/TSRM -I/usr/local/include/php/Zend -I/usr/local/include/php/ext -I/usr/local/include/php/ext/date/lib -I/usr/src/php/ext/mbstring/libmbfl -I/usr/src/php/ext/mbstring/libmbfl/mbfl -fstack-protector-strong -fpic -fpie -O2 -D_LARGEFILE_SOURCE -D_FILE_OFFSET_BITS=64 -DHAVE_CONFIG_H -fstack-protector-strong -fpic -fpie -O2 -D_LARGEFILE_SOURCE -D_FILE_OFFSET_BITS=64 -D_GNU_SOURCE -DONIG_ESCAPE_UCHAR_COLLISION=1 -DUChar=OnigUChar -DZEND_ENABLE_STATIC_TSRMLS_CACHE=1 -DZEND_COMPILE_DL_EXT=1 -c /usr/src/php/ext/mbstring/libmbfl/filters/mbfilter_cp51932.c -MMD -MF libmbfl/filters/mbfilter_cp51932.dep -MT libmbfl/filters/mbfilter_cp51932.lo  -fPIC -DPIC -o libmbfl/filters/.libs/mbfilter_cp51932.o
/bin/sh /usr/src/php/ext/mbstring/libtool --tag=CC --mode=compile cc -I. -I/usr/src/php/ext/mbstring -I/usr/src/php/ext/mbstring/include -I/usr/src/php/ext/mbstring/main -I/usr/src/php/ext/mbstring -I/usr/local/include/php -I/usr/local/include/php/main -I/usr/local/include/php/TSRM -I/usr/local/include/php/Zend -I/usr/local/include/php/ext -I/usr/local/include/php/ext/date/lib -I/usr/src/php/ext/mbstring/libmbfl -I/usr/src/php/ext/mbstring/libmbfl/mbfl  -fstack-protector-strong -fpic -fpie -O2 -D_LARGEFILE_SOURCE -D_FILE_OFFSET_BITS=64 -DHAVE_CONFIG_H  -fstack-protector-strong -fpic -fpie -O2 -D_LARGEFILE_SOURCE -D_FILE_OFFSET_BITS=64 -D_GNU_SOURCE    -DONIG_ESCAPE_UCHAR_COLLISION=1 -DUChar=OnigUChar -DZEND_ENABLE_STATIC_TSRMLS_CACHE=1 -DZEND_COMPILE_DL_EXT=1 -c /usr/src/php/ext/mbstring/libmbfl/filters/mbfilter_cp932.c -o libmbfl/filters/mbfilter_cp932.lo  -MMD -MF libmbfl/filters/mbfilter_cp932.dep -MT libmbfl/filters/mbfilter_cp932.lo
 cc -I. -I/usr/src/php/ext/mbstring -I/usr/src/php/ext/mbstring/include -I/usr/src/php/ext/mbstring/main -I/usr/src/php/ext/mbstring -I/usr/local/include/php -I/usr/local/include/php/main -I/usr/local/include/php/TSRM -I/usr/local/include/php/Zend -I/usr/local/include/php/ext -I/usr/local/include/php/ext/date/lib -I/usr/src/php/ext/mbstring/libmbfl -I/usr/src/php/ext/mbstring/libmbfl/mbfl -fstack-protector-strong -fpic -fpie -O2 -D_LARGEFILE_SOURCE -D_FILE_OFFSET_BITS=64 -DHAVE_CONFIG_H -fstack-protector-strong -fpic -fpie -O2 -D_LARGEFILE_SOURCE -D_FILE_OFFSET_BITS=64 -D_GNU_SOURCE -DONIG_ESCAPE_UCHAR_COLLISION=1 -DUChar=OnigUChar -DZEND_ENABLE_STATIC_TSRMLS_CACHE=1 -DZEND_COMPILE_DL_EXT=1 -c /usr/src/php/ext/mbstring/libmbfl/filters/mbfilter_cp932.c -MMD -MF libmbfl/filters/mbfilter_cp932.dep -MT libmbfl/filters/mbfilter_cp932.lo  -fPIC -DPIC -o libmbfl/filters/.libs/mbfilter_cp932.o
/bin/sh /usr/src/php/ext/mbstring/libtool --tag=CC --mode=compile cc -I. -I/usr/src/php/ext/mbstring -I/usr/src/php/ext/mbstring/include -I/usr/src/php/ext/mbstring/main -I/usr/src/php/ext/mbstring -I/usr/local/include/php -I/usr/local/include/php/main -I/usr/local/include/php/TSRM -I/usr/local/include/php/Zend -I/usr/local/include/php/ext -I/usr/local/include/php/ext/date/lib -I/usr/src/php/ext/mbstring/libmbfl -I/usr/src/php/ext/mbstring/libmbfl/mbfl  -fstack-protector-strong -fpic -fpie -O2 -D_LARGEFILE_SOURCE -D_FILE_OFFSET_BITS=64 -DHAVE_CONFIG_H  -fstack-protector-strong -fpic -fpie -O2 -D_LARGEFILE_SOURCE -D_FILE_OFFSET_BITS=64 -D_GNU_SOURCE    -DONIG_ESCAPE_UCHAR_COLLISION=1 -DUChar=OnigUChar -DZEND_ENABLE_STATIC_TSRMLS_CACHE=1 -DZEND_COMPILE_DL_EXT=1 -c /usr/src/php/ext/mbstring/libmbfl/filters/mbfilter_cp936.c -o libmbfl/filters/mbfilter_cp936.lo  -MMD -MF libmbfl/filters/mbfilter_cp936.dep -MT libmbfl/filters/mbfilter_cp936.lo
 cc -I. -I/usr/src/php/ext/mbstring -I/usr/src/php/ext/mbstring/include -I/usr/src/php/ext/mbstring/main -I/usr/src/php/ext/mbstring -I/usr/local/include/php -I/usr/local/include/php/main -I/usr/local/include/php/TSRM -I/usr/local/include/php/Zend -I/usr/local/include/php/ext -I/usr/local/include/php/ext/date/lib -I/usr/src/php/ext/mbstring/libmbfl -I/usr/src/php/ext/mbstring/libmbfl/mbfl -fstack-protector-strong -fpic -fpie -O2 -D_LARGEFILE_SOURCE -D_FILE_OFFSET_BITS=64 -DHAVE_CONFIG_H -fstack-protector-strong -fpic -fpie -O2 -D_LARGEFILE_SOURCE -D_FILE_OFFSET_BITS=64 -D_GNU_SOURCE -DONIG_ESCAPE_UCHAR_COLLISION=1 -DUChar=OnigUChar -DZEND_ENABLE_STATIC_TSRMLS_CACHE=1 -DZEND_COMPILE_DL_EXT=1 -c /usr/src/php/ext/mbstring/libmbfl/filters/mbfilter_cp936.c -MMD -MF libmbfl/filters/mbfilter_cp936.dep -MT libmbfl/filters/mbfilter_cp936.lo  -fPIC -DPIC -o libmbfl/filters/.libs/mbfilter_cp936.o
/bin/sh /usr/src/php/ext/mbstring/libtool --tag=CC --mode=compile cc -I. -I/usr/src/php/ext/mbstring -I/usr/src/php/ext/mbstring/include -I/usr/src/php/ext/mbstring/main -I/usr/src/php/ext/mbstring -I/usr/local/include/php -I/usr/local/include/php/main -I/usr/local/include/php/TSRM -I/usr/local/include/php/Zend -I/usr/local/include/php/ext -I/usr/local/include/php/ext/date/lib -I/usr/src/php/ext/mbstring/libmbfl -I/usr/src/php/ext/mbstring/libmbfl/mbfl  -fstack-protector-strong -fpic -fpie -O2 -D_LARGEFILE_SOURCE -D_FILE_OFFSET_BITS=64 -DHAVE_CONFIG_H  -fstack-protector-strong -fpic -fpie -O2 -D_LARGEFILE_SOURCE -D_FILE_OFFSET_BITS=64 -D_GNU_SOURCE    -DONIG_ESCAPE_UCHAR_COLLISION=1 -DUChar=OnigUChar -DZEND_ENABLE_STATIC_TSRMLS_CACHE=1 -DZEND_COMPILE_DL_EXT=1 -c /usr/src/php/ext/mbstring/libmbfl/filters/mbfilter_gb18030.c -o libmbfl/filters/mbfilter_gb18030.lo  -MMD -MF libmbfl/filters/mbfilter_gb18030.dep -MT libmbfl/filters/mbfilter_gb18030.lo
 cc -I. -I/usr/src/php/ext/mbstring -I/usr/src/php/ext/mbstring/include -I/usr/src/php/ext/mbstring/main -I/usr/src/php/ext/mbstring -I/usr/local/include/php -I/usr/local/include/php/main -I/usr/local/include/php/TSRM -I/usr/local/include/php/Zend -I/usr/local/include/php/ext -I/usr/local/include/php/ext/date/lib -I/usr/src/php/ext/mbstring/libmbfl -I/usr/src/php/ext/mbstring/libmbfl/mbfl -fstack-protector-strong -fpic -fpie -O2 -D_LARGEFILE_SOURCE -D_FILE_OFFSET_BITS=64 -DHAVE_CONFIG_H -fstack-protector-strong -fpic -fpie -O2 -D_LARGEFILE_SOURCE -D_FILE_OFFSET_BITS=64 -D_GNU_SOURCE -DONIG_ESCAPE_UCHAR_COLLISION=1 -DUChar=OnigUChar -DZEND_ENABLE_STATIC_TSRMLS_CACHE=1 -DZEND_COMPILE_DL_EXT=1 -c /usr/src/php/ext/mbstring/libmbfl/filters/mbfilter_gb18030.c -MMD -MF libmbfl/filters/mbfilter_gb18030.dep -MT libmbfl/filters/mbfilter_gb18030.lo  -fPIC -DPIC -o libmbfl/filters/.libs/mbfilter_gb18030.o
/bin/sh /usr/src/php/ext/mbstring/libtool --tag=CC --mode=compile cc -I. -I/usr/src/php/ext/mbstring -I/usr/src/php/ext/mbstring/include -I/usr/src/php/ext/mbstring/main -I/usr/src/php/ext/mbstring -I/usr/local/include/php -I/usr/local/include/php/main -I/usr/local/include/php/TSRM -I/usr/local/include/php/Zend -I/usr/local/include/php/ext -I/usr/local/include/php/ext/date/lib -I/usr/src/php/ext/mbstring/libmbfl -I/usr/src/php/ext/mbstring/libmbfl/mbfl  -fstack-protector-strong -fpic -fpie -O2 -D_LARGEFILE_SOURCE -D_FILE_OFFSET_BITS=64 -DHAVE_CONFIG_H  -fstack-protector-strong -fpic -fpie -O2 -D_LARGEFILE_SOURCE -D_FILE_OFFSET_BITS=64 -D_GNU_SOURCE    -DONIG_ESCAPE_UCHAR_COLLISION=1 -DUChar=OnigUChar -DZEND_ENABLE_STATIC_TSRMLS_CACHE=1 -DZEND_COMPILE_DL_EXT=1 -c /usr/src/php/ext/mbstring/libmbfl/filters/mbfilter_euc_cn.c -o libmbfl/filters/mbfilter_euc_cn.lo  -MMD -MF libmbfl/filters/mbfilter_euc_cn.dep -MT libmbfl/filters/mbfilter_euc_cn.lo
 cc -I. -I/usr/src/php/ext/mbstring -I/usr/src/php/ext/mbstring/include -I/usr/src/php/ext/mbstring/main -I/usr/src/php/ext/mbstring -I/usr/local/include/php -I/usr/local/include/php/main -I/usr/local/include/php/TSRM -I/usr/local/include/php/Zend -I/usr/local/include/php/ext -I/usr/local/include/php/ext/date/lib -I/usr/src/php/ext/mbstring/libmbfl -I/usr/src/php/ext/mbstring/libmbfl/mbfl -fstack-protector-strong -fpic -fpie -O2 -D_LARGEFILE_SOURCE -D_FILE_OFFSET_BITS=64 -DHAVE_CONFIG_H -fstack-protector-strong -fpic -fpie -O2 -D_LARGEFILE_SOURCE -D_FILE_OFFSET_BITS=64 -D_GNU_SOURCE -DONIG_ESCAPE_UCHAR_COLLISION=1 -DUChar=OnigUChar -DZEND_ENABLE_STATIC_TSRMLS_CACHE=1 -DZEND_COMPILE_DL_EXT=1 -c /usr/src/php/ext/mbstring/libmbfl/filters/mbfilter_euc_cn.c -MMD -MF libmbfl/filters/mbfilter_euc_cn.dep -MT libmbfl/filters/mbfilter_euc_cn.lo  -fPIC -DPIC -o libmbfl/filters/.libs/mbfilter_euc_cn.o
/bin/sh /usr/src/php/ext/mbstring/libtool --tag=CC --mode=compile cc -I. -I/usr/src/php/ext/mbstring -I/usr/src/php/ext/mbstring/include -I/usr/src/php/ext/mbstring/main -I/usr/src/php/ext/mbstring -I/usr/local/include/php -I/usr/local/include/php/main -I/usr/local/include/php/TSRM -I/usr/local/include/php/Zend -I/usr/local/include/php/ext -I/usr/local/include/php/ext/date/lib -I/usr/src/php/ext/mbstring/libmbfl -I/usr/src/php/ext/mbstring/libmbfl/mbfl  -fstack-protector-strong -fpic -fpie -O2 -D_LARGEFILE_SOURCE -D_FILE_OFFSET_BITS=64 -DHAVE_CONFIG_H  -fstack-protector-strong -fpic -fpie -O2 -D_LARGEFILE_SOURCE -D_FILE_OFFSET_BITS=64 -D_GNU_SOURCE    -DONIG_ESCAPE_UCHAR_COLLISION=1 -DUChar=OnigUChar -DZEND_ENABLE_STATIC_TSRMLS_CACHE=1 -DZEND_COMPILE_DL_EXT=1 -c /usr/src/php/ext/mbstring/libmbfl/filters/mbfilter_euc_jp.c -o libmbfl/filters/mbfilter_euc_jp.lo  -MMD -MF libmbfl/filters/mbfilter_euc_jp.dep -MT libmbfl/filters/mbfilter_euc_jp.lo
 cc -I. -I/usr/src/php/ext/mbstring -I/usr/src/php/ext/mbstring/include -I/usr/src/php/ext/mbstring/main -I/usr/src/php/ext/mbstring -I/usr/local/include/php -I/usr/local/include/php/main -I/usr/local/include/php/TSRM -I/usr/local/include/php/Zend -I/usr/local/include/php/ext -I/usr/local/include/php/ext/date/lib -I/usr/src/php/ext/mbstring/libmbfl -I/usr/src/php/ext/mbstring/libmbfl/mbfl -fstack-protector-strong -fpic -fpie -O2 -D_LARGEFILE_SOURCE -D_FILE_OFFSET_BITS=64 -DHAVE_CONFIG_H -fstack-protector-strong -fpic -fpie -O2 -D_LARGEFILE_SOURCE -D_FILE_OFFSET_BITS=64 -D_GNU_SOURCE -DONIG_ESCAPE_UCHAR_COLLISION=1 -DUChar=OnigUChar -DZEND_ENABLE_STATIC_TSRMLS_CACHE=1 -DZEND_COMPILE_DL_EXT=1 -c /usr/src/php/ext/mbstring/libmbfl/filters/mbfilter_euc_jp.c -MMD -MF libmbfl/filters/mbfilter_euc_jp.dep -MT libmbfl/filters/mbfilter_euc_jp.lo  -fPIC -DPIC -o libmbfl/filters/.libs/mbfilter_euc_jp.o
/bin/sh /usr/src/php/ext/mbstring/libtool --tag=CC --mode=compile cc -I. -I/usr/src/php/ext/mbstring -I/usr/src/php/ext/mbstring/include -I/usr/src/php/ext/mbstring/main -I/usr/src/php/ext/mbstring -I/usr/local/include/php -I/usr/local/include/php/main -I/usr/local/include/php/TSRM -I/usr/local/include/php/Zend -I/usr/local/include/php/ext -I/usr/local/include/php/ext/date/lib -I/usr/src/php/ext/mbstring/libmbfl -I/usr/src/php/ext/mbstring/libmbfl/mbfl  -fstack-protector-strong -fpic -fpie -O2 -D_LARGEFILE_SOURCE -D_FILE_OFFSET_BITS=64 -DHAVE_CONFIG_H  -fstack-protector-strong -fpic -fpie -O2 -D_LARGEFILE_SOURCE -D_FILE_OFFSET_BITS=64 -D_GNU_SOURCE    -DONIG_ESCAPE_UCHAR_COLLISION=1 -DUChar=OnigUChar -DZEND_ENABLE_STATIC_TSRMLS_CACHE=1 -DZEND_COMPILE_DL_EXT=1 -c /usr/src/php/ext/mbstring/libmbfl/filters/mbfilter_euc_jp_win.c -o libmbfl/filters/mbfilter_euc_jp_win.lo  -MMD -MF libmbfl/filters/mbfilter_euc_jp_win.dep -MT libmbfl/filters/mbfilter_euc_jp_win.lo
 cc -I. -I/usr/src/php/ext/mbstring -I/usr/src/php/ext/mbstring/include -I/usr/src/php/ext/mbstring/main -I/usr/src/php/ext/mbstring -I/usr/local/include/php -I/usr/local/include/php/main -I/usr/local/include/php/TSRM -I/usr/local/include/php/Zend -I/usr/local/include/php/ext -I/usr/local/include/php/ext/date/lib -I/usr/src/php/ext/mbstring/libmbfl -I/usr/src/php/ext/mbstring/libmbfl/mbfl -fstack-protector-strong -fpic -fpie -O2 -D_LARGEFILE_SOURCE -D_FILE_OFFSET_BITS=64 -DHAVE_CONFIG_H -fstack-protector-strong -fpic -fpie -O2 -D_LARGEFILE_SOURCE -D_FILE_OFFSET_BITS=64 -D_GNU_SOURCE -DONIG_ESCAPE_UCHAR_COLLISION=1 -DUChar=OnigUChar -DZEND_ENABLE_STATIC_TSRMLS_CACHE=1 -DZEND_COMPILE_DL_EXT=1 -c /usr/src/php/ext/mbstring/libmbfl/filters/mbfilter_euc_jp_win.c -MMD -MF libmbfl/filters/mbfilter_euc_jp_win.dep -MT libmbfl/filters/mbfilter_euc_jp_win.lo  -fPIC -DPIC -o libmbfl/filters/.libs/mbfilter_euc_jp_win.o
/bin/sh /usr/src/php/ext/mbstring/libtool --tag=CC --mode=compile cc -I. -I/usr/src/php/ext/mbstring -I/usr/src/php/ext/mbstring/include -I/usr/src/php/ext/mbstring/main -I/usr/src/php/ext/mbstring -I/usr/local/include/php -I/usr/local/include/php/main -I/usr/local/include/php/TSRM -I/usr/local/include/php/Zend -I/usr/local/include/php/ext -I/usr/local/include/php/ext/date/lib -I/usr/src/php/ext/mbstring/libmbfl -I/usr/src/php/ext/mbstring/libmbfl/mbfl  -fstack-protector-strong -fpic -fpie -O2 -D_LARGEFILE_SOURCE -D_FILE_OFFSET_BITS=64 -DHAVE_CONFIG_H  -fstack-protector-strong -fpic -fpie -O2 -D_LARGEFILE_SOURCE -D_FILE_OFFSET_BITS=64 -D_GNU_SOURCE    -DONIG_ESCAPE_UCHAR_COLLISION=1 -DUChar=OnigUChar -DZEND_ENABLE_STATIC_TSRMLS_CACHE=1 -DZEND_COMPILE_DL_EXT=1 -c /usr/src/php/ext/mbstring/libmbfl/filters/mbfilter_euc_kr.c -o libmbfl/filters/mbfilter_euc_kr.lo  -MMD -MF libmbfl/filters/mbfilter_euc_kr.dep -MT libmbfl/filters/mbfilter_euc_kr.lo
 cc -I. -I/usr/src/php/ext/mbstring -I/usr/src/php/ext/mbstring/include -I/usr/src/php/ext/mbstring/main -I/usr/src/php/ext/mbstring -I/usr/local/include/php -I/usr/local/include/php/main -I/usr/local/include/php/TSRM -I/usr/local/include/php/Zend -I/usr/local/include/php/ext -I/usr/local/include/php/ext/date/lib -I/usr/src/php/ext/mbstring/libmbfl -I/usr/src/php/ext/mbstring/libmbfl/mbfl -fstack-protector-strong -fpic -fpie -O2 -D_LARGEFILE_SOURCE -D_FILE_OFFSET_BITS=64 -DHAVE_CONFIG_H -fstack-protector-strong -fpic -fpie -O2 -D_LARGEFILE_SOURCE -D_FILE_OFFSET_BITS=64 -D_GNU_SOURCE -DONIG_ESCAPE_UCHAR_COLLISION=1 -DUChar=OnigUChar -DZEND_ENABLE_STATIC_TSRMLS_CACHE=1 -DZEND_COMPILE_DL_EXT=1 -c /usr/src/php/ext/mbstring/libmbfl/filters/mbfilter_euc_kr.c -MMD -MF libmbfl/filters/mbfilter_euc_kr.dep -MT libmbfl/filters/mbfilter_euc_kr.lo  -fPIC -DPIC -o libmbfl/filters/.libs/mbfilter_euc_kr.o
/bin/sh /usr/src/php/ext/mbstring/libtool --tag=CC --mode=compile cc -I. -I/usr/src/php/ext/mbstring -I/usr/src/php/ext/mbstring/include -I/usr/src/php/ext/mbstring/main -I/usr/src/php/ext/mbstring -I/usr/local/include/php -I/usr/local/include/php/main -I/usr/local/include/php/TSRM -I/usr/local/include/php/Zend -I/usr/local/include/php/ext -I/usr/local/include/php/ext/date/lib -I/usr/src/php/ext/mbstring/libmbfl -I/usr/src/php/ext/mbstring/libmbfl/mbfl  -fstack-protector-strong -fpic -fpie -O2 -D_LARGEFILE_SOURCE -D_FILE_OFFSET_BITS=64 -DHAVE_CONFIG_H  -fstack-protector-strong -fpic -fpie -O2 -D_LARGEFILE_SOURCE -D_FILE_OFFSET_BITS=64 -D_GNU_SOURCE    -DONIG_ESCAPE_UCHAR_COLLISION=1 -DUChar=OnigUChar -DZEND_ENABLE_STATIC_TSRMLS_CACHE=1 -DZEND_COMPILE_DL_EXT=1 -c /usr/src/php/ext/mbstring/libmbfl/filters/mbfilter_euc_tw.c -o libmbfl/filters/mbfilter_euc_tw.lo  -MMD -MF libmbfl/filters/mbfilter_euc_tw.dep -MT libmbfl/filters/mbfilter_euc_tw.lo
 cc -I. -I/usr/src/php/ext/mbstring -I/usr/src/php/ext/mbstring/include -I/usr/src/php/ext/mbstring/main -I/usr/src/php/ext/mbstring -I/usr/local/include/php -I/usr/local/include/php/main -I/usr/local/include/php/TSRM -I/usr/local/include/php/Zend -I/usr/local/include/php/ext -I/usr/local/include/php/ext/date/lib -I/usr/src/php/ext/mbstring/libmbfl -I/usr/src/php/ext/mbstring/libmbfl/mbfl -fstack-protector-strong -fpic -fpie -O2 -D_LARGEFILE_SOURCE -D_FILE_OFFSET_BITS=64 -DHAVE_CONFIG_H -fstack-protector-strong -fpic -fpie -O2 -D_LARGEFILE_SOURCE -D_FILE_OFFSET_BITS=64 -D_GNU_SOURCE -DONIG_ESCAPE_UCHAR_COLLISION=1 -DUChar=OnigUChar -DZEND_ENABLE_STATIC_TSRMLS_CACHE=1 -DZEND_COMPILE_DL_EXT=1 -c /usr/src/php/ext/mbstring/libmbfl/filters/mbfilter_euc_tw.c -MMD -MF libmbfl/filters/mbfilter_euc_tw.dep -MT libmbfl/filters/mbfilter_euc_tw.lo  -fPIC -DPIC -o libmbfl/filters/.libs/mbfilter_euc_tw.o
/bin/sh /usr/src/php/ext/mbstring/libtool --tag=CC --mode=compile cc -I. -I/usr/src/php/ext/mbstring -I/usr/src/php/ext/mbstring/include -I/usr/src/php/ext/mbstring/main -I/usr/src/php/ext/mbstring -I/usr/local/include/php -I/usr/local/include/php/main -I/usr/local/include/php/TSRM -I/usr/local/include/php/Zend -I/usr/local/include/php/ext -I/usr/local/include/php/ext/date/lib -I/usr/src/php/ext/mbstring/libmbfl -I/usr/src/php/ext/mbstring/libmbfl/mbfl  -fstack-protector-strong -fpic -fpie -O2 -D_LARGEFILE_SOURCE -D_FILE_OFFSET_BITS=64 -DHAVE_CONFIG_H  -fstack-protector-strong -fpic -fpie -O2 -D_LARGEFILE_SOURCE -D_FILE_OFFSET_BITS=64 -D_GNU_SOURCE    -DONIG_ESCAPE_UCHAR_COLLISION=1 -DUChar=OnigUChar -DZEND_ENABLE_STATIC_TSRMLS_CACHE=1 -DZEND_COMPILE_DL_EXT=1 -c /usr/src/php/ext/mbstring/libmbfl/filters/mbfilter_htmlent.c -o libmbfl/filters/mbfilter_htmlent.lo  -MMD -MF libmbfl/filters/mbfilter_htmlent.dep -MT libmbfl/filters/mbfilter_htmlent.lo
 cc -I. -I/usr/src/php/ext/mbstring -I/usr/src/php/ext/mbstring/include -I/usr/src/php/ext/mbstring/main -I/usr/src/php/ext/mbstring -I/usr/local/include/php -I/usr/local/include/php/main -I/usr/local/include/php/TSRM -I/usr/local/include/php/Zend -I/usr/local/include/php/ext -I/usr/local/include/php/ext/date/lib -I/usr/src/php/ext/mbstring/libmbfl -I/usr/src/php/ext/mbstring/libmbfl/mbfl -fstack-protector-strong -fpic -fpie -O2 -D_LARGEFILE_SOURCE -D_FILE_OFFSET_BITS=64 -DHAVE_CONFIG_H -fstack-protector-strong -fpic -fpie -O2 -D_LARGEFILE_SOURCE -D_FILE_OFFSET_BITS=64 -D_GNU_SOURCE -DONIG_ESCAPE_UCHAR_COLLISION=1 -DUChar=OnigUChar -DZEND_ENABLE_STATIC_TSRMLS_CACHE=1 -DZEND_COMPILE_DL_EXT=1 -c /usr/src/php/ext/mbstring/libmbfl/filters/mbfilter_htmlent.c -MMD -MF libmbfl/filters/mbfilter_htmlent.dep -MT libmbfl/filters/mbfilter_htmlent.lo  -fPIC -DPIC -o libmbfl/filters/.libs/mbfilter_htmlent.o
/bin/sh /usr/src/php/ext/mbstring/libtool --tag=CC --mode=compile cc -I. -I/usr/src/php/ext/mbstring -I/usr/src/php/ext/mbstring/include -I/usr/src/php/ext/mbstring/main -I/usr/src/php/ext/mbstring -I/usr/local/include/php -I/usr/local/include/php/main -I/usr/local/include/php/TSRM -I/usr/local/include/php/Zend -I/usr/local/include/php/ext -I/usr/local/include/php/ext/date/lib -I/usr/src/php/ext/mbstring/libmbfl -I/usr/src/php/ext/mbstring/libmbfl/mbfl  -fstack-protector-strong -fpic -fpie -O2 -D_LARGEFILE_SOURCE -D_FILE_OFFSET_BITS=64 -DHAVE_CONFIG_H  -fstack-protector-strong -fpic -fpie -O2 -D_LARGEFILE_SOURCE -D_FILE_OFFSET_BITS=64 -D_GNU_SOURCE    -DONIG_ESCAPE_UCHAR_COLLISION=1 -DUChar=OnigUChar -DZEND_ENABLE_STATIC_TSRMLS_CACHE=1 -DZEND_COMPILE_DL_EXT=1 -c /usr/src/php/ext/mbstring/libmbfl/filters/mbfilter_hz.c -o libmbfl/filters/mbfilter_hz.lo  -MMD -MF libmbfl/filters/mbfilter_hz.dep -MT libmbfl/filters/mbfilter_hz.lo
 cc -I. -I/usr/src/php/ext/mbstring -I/usr/src/php/ext/mbstring/include -I/usr/src/php/ext/mbstring/main -I/usr/src/php/ext/mbstring -I/usr/local/include/php -I/usr/local/include/php/main -I/usr/local/include/php/TSRM -I/usr/local/include/php/Zend -I/usr/local/include/php/ext -I/usr/local/include/php/ext/date/lib -I/usr/src/php/ext/mbstring/libmbfl -I/usr/src/php/ext/mbstring/libmbfl/mbfl -fstack-protector-strong -fpic -fpie -O2 -D_LARGEFILE_SOURCE -D_FILE_OFFSET_BITS=64 -DHAVE_CONFIG_H -fstack-protector-strong -fpic -fpie -O2 -D_LARGEFILE_SOURCE -D_FILE_OFFSET_BITS=64 -D_GNU_SOURCE -DONIG_ESCAPE_UCHAR_COLLISION=1 -DUChar=OnigUChar -DZEND_ENABLE_STATIC_TSRMLS_CACHE=1 -DZEND_COMPILE_DL_EXT=1 -c /usr/src/php/ext/mbstring/libmbfl/filters/mbfilter_hz.c -MMD -MF libmbfl/filters/mbfilter_hz.dep -MT libmbfl/filters/mbfilter_hz.lo  -fPIC -DPIC -o libmbfl/filters/.libs/mbfilter_hz.o
/bin/sh /usr/src/php/ext/mbstring/libtool --tag=CC --mode=compile cc -I. -I/usr/src/php/ext/mbstring -I/usr/src/php/ext/mbstring/include -I/usr/src/php/ext/mbstring/main -I/usr/src/php/ext/mbstring -I/usr/local/include/php -I/usr/local/include/php/main -I/usr/local/include/php/TSRM -I/usr/local/include/php/Zend -I/usr/local/include/php/ext -I/usr/local/include/php/ext/date/lib -I/usr/src/php/ext/mbstring/libmbfl -I/usr/src/php/ext/mbstring/libmbfl/mbfl  -fstack-protector-strong -fpic -fpie -O2 -D_LARGEFILE_SOURCE -D_FILE_OFFSET_BITS=64 -DHAVE_CONFIG_H  -fstack-protector-strong -fpic -fpie -O2 -D_LARGEFILE_SOURCE -D_FILE_OFFSET_BITS=64 -D_GNU_SOURCE    -DONIG_ESCAPE_UCHAR_COLLISION=1 -DUChar=OnigUChar -DZEND_ENABLE_STATIC_TSRMLS_CACHE=1 -DZEND_COMPILE_DL_EXT=1 -c /usr/src/php/ext/mbstring/libmbfl/filters/mbfilter_iso2022_jp_ms.c -o libmbfl/filters/mbfilter_iso2022_jp_ms.lo  -MMD -MF libmbfl/filters/mbfilter_iso2022_jp_ms.dep -MT libmbfl/filters/mbfilter_iso2022_jp_ms.lo
 cc -I. -I/usr/src/php/ext/mbstring -I/usr/src/php/ext/mbstring/include -I/usr/src/php/ext/mbstring/main -I/usr/src/php/ext/mbstring -I/usr/local/include/php -I/usr/local/include/php/main -I/usr/local/include/php/TSRM -I/usr/local/include/php/Zend -I/usr/local/include/php/ext -I/usr/local/include/php/ext/date/lib -I/usr/src/php/ext/mbstring/libmbfl -I/usr/src/php/ext/mbstring/libmbfl/mbfl -fstack-protector-strong -fpic -fpie -O2 -D_LARGEFILE_SOURCE -D_FILE_OFFSET_BITS=64 -DHAVE_CONFIG_H -fstack-protector-strong -fpic -fpie -O2 -D_LARGEFILE_SOURCE -D_FILE_OFFSET_BITS=64 -D_GNU_SOURCE -DONIG_ESCAPE_UCHAR_COLLISION=1 -DUChar=OnigUChar -DZEND_ENABLE_STATIC_TSRMLS_CACHE=1 -DZEND_COMPILE_DL_EXT=1 -c /usr/src/php/ext/mbstring/libmbfl/filters/mbfilter_iso2022_jp_ms.c -MMD -MF libmbfl/filters/mbfilter_iso2022_jp_ms.dep -MT libmbfl/filters/mbfilter_iso2022_jp_ms.lo  -fPIC -DPIC -o libmbfl/filters/.libs/mbfilter_iso2022_jp_ms.o
/bin/sh /usr/src/php/ext/mbstring/libtool --tag=CC --mode=compile cc -I. -I/usr/src/php/ext/mbstring -I/usr/src/php/ext/mbstring/include -I/usr/src/php/ext/mbstring/main -I/usr/src/php/ext/mbstring -I/usr/local/include/php -I/usr/local/include/php/main -I/usr/local/include/php/TSRM -I/usr/local/include/php/Zend -I/usr/local/include/php/ext -I/usr/local/include/php/ext/date/lib -I/usr/src/php/ext/mbstring/libmbfl -I/usr/src/php/ext/mbstring/libmbfl/mbfl  -fstack-protector-strong -fpic -fpie -O2 -D_LARGEFILE_SOURCE -D_FILE_OFFSET_BITS=64 -DHAVE_CONFIG_H  -fstack-protector-strong -fpic -fpie -O2 -D_LARGEFILE_SOURCE -D_FILE_OFFSET_BITS=64 -D_GNU_SOURCE    -DONIG_ESCAPE_UCHAR_COLLISION=1 -DUChar=OnigUChar -DZEND_ENABLE_STATIC_TSRMLS_CACHE=1 -DZEND_COMPILE_DL_EXT=1 -c /usr/src/php/ext/mbstring/libmbfl/filters/mbfilter_iso2022jp_mobile.c -o libmbfl/filters/mbfilter_iso2022jp_mobile.lo  -MMD -MF libmbfl/filters/mbfilter_iso2022jp_mobile.dep -MT libmbfl/filters/mbfilter_iso2022jp_mobile.lo
 cc -I. -I/usr/src/php/ext/mbstring -I/usr/src/php/ext/mbstring/include -I/usr/src/php/ext/mbstring/main -I/usr/src/php/ext/mbstring -I/usr/local/include/php -I/usr/local/include/php/main -I/usr/local/include/php/TSRM -I/usr/local/include/php/Zend -I/usr/local/include/php/ext -I/usr/local/include/php/ext/date/lib -I/usr/src/php/ext/mbstring/libmbfl -I/usr/src/php/ext/mbstring/libmbfl/mbfl -fstack-protector-strong -fpic -fpie -O2 -D_LARGEFILE_SOURCE -D_FILE_OFFSET_BITS=64 -DHAVE_CONFIG_H -fstack-protector-strong -fpic -fpie -O2 -D_LARGEFILE_SOURCE -D_FILE_OFFSET_BITS=64 -D_GNU_SOURCE -DONIG_ESCAPE_UCHAR_COLLISION=1 -DUChar=OnigUChar -DZEND_ENABLE_STATIC_TSRMLS_CACHE=1 -DZEND_COMPILE_DL_EXT=1 -c /usr/src/php/ext/mbstring/libmbfl/filters/mbfilter_iso2022jp_mobile.c -MMD -MF libmbfl/filters/mbfilter_iso2022jp_mobile.dep -MT libmbfl/filters/mbfilter_iso2022jp_mobile.lo  -fPIC -DPIC -o libmbfl/filters/.libs/mbfilter_iso2022jp_mobile.o
/bin/sh /usr/src/php/ext/mbstring/libtool --tag=CC --mode=compile cc -I. -I/usr/src/php/ext/mbstring -I/usr/src/php/ext/mbstring/include -I/usr/src/php/ext/mbstring/main -I/usr/src/php/ext/mbstring -I/usr/local/include/php -I/usr/local/include/php/main -I/usr/local/include/php/TSRM -I/usr/local/include/php/Zend -I/usr/local/include/php/ext -I/usr/local/include/php/ext/date/lib -I/usr/src/php/ext/mbstring/libmbfl -I/usr/src/php/ext/mbstring/libmbfl/mbfl  -fstack-protector-strong -fpic -fpie -O2 -D_LARGEFILE_SOURCE -D_FILE_OFFSET_BITS=64 -DHAVE_CONFIG_H  -fstack-protector-strong -fpic -fpie -O2 -D_LARGEFILE_SOURCE -D_FILE_OFFSET_BITS=64 -D_GNU_SOURCE    -DONIG_ESCAPE_UCHAR_COLLISION=1 -DUChar=OnigUChar -DZEND_ENABLE_STATIC_TSRMLS_CACHE=1 -DZEND_COMPILE_DL_EXT=1 -c /usr/src/php/ext/mbstring/libmbfl/filters/mbfilter_iso2022_kr.c -o libmbfl/filters/mbfilter_iso2022_kr.lo  -MMD -MF libmbfl/filters/mbfilter_iso2022_kr.dep -MT libmbfl/filters/mbfilter_iso2022_kr.lo
 cc -I. -I/usr/src/php/ext/mbstring -I/usr/src/php/ext/mbstring/include -I/usr/src/php/ext/mbstring/main -I/usr/src/php/ext/mbstring -I/usr/local/include/php -I/usr/local/include/php/main -I/usr/local/include/php/TSRM -I/usr/local/include/php/Zend -I/usr/local/include/php/ext -I/usr/local/include/php/ext/date/lib -I/usr/src/php/ext/mbstring/libmbfl -I/usr/src/php/ext/mbstring/libmbfl/mbfl -fstack-protector-strong -fpic -fpie -O2 -D_LARGEFILE_SOURCE -D_FILE_OFFSET_BITS=64 -DHAVE_CONFIG_H -fstack-protector-strong -fpic -fpie -O2 -D_LARGEFILE_SOURCE -D_FILE_OFFSET_BITS=64 -D_GNU_SOURCE -DONIG_ESCAPE_UCHAR_COLLISION=1 -DUChar=OnigUChar -DZEND_ENABLE_STATIC_TSRMLS_CACHE=1 -DZEND_COMPILE_DL_EXT=1 -c /usr/src/php/ext/mbstring/libmbfl/filters/mbfilter_iso2022_kr.c -MMD -MF libmbfl/filters/mbfilter_iso2022_kr.dep -MT libmbfl/filters/mbfilter_iso2022_kr.lo  -fPIC -DPIC -o libmbfl/filters/.libs/mbfilter_iso2022_kr.o
/bin/sh /usr/src/php/ext/mbstring/libtool --tag=CC --mode=compile cc -I. -I/usr/src/php/ext/mbstring -I/usr/src/php/ext/mbstring/include -I/usr/src/php/ext/mbstring/main -I/usr/src/php/ext/mbstring -I/usr/local/include/php -I/usr/local/include/php/main -I/usr/local/include/php/TSRM -I/usr/local/include/php/Zend -I/usr/local/include/php/ext -I/usr/local/include/php/ext/date/lib -I/usr/src/php/ext/mbstring/libmbfl -I/usr/src/php/ext/mbstring/libmbfl/mbfl  -fstack-protector-strong -fpic -fpie -O2 -D_LARGEFILE_SOURCE -D_FILE_OFFSET_BITS=64 -DHAVE_CONFIG_H  -fstack-protector-strong -fpic -fpie -O2 -D_LARGEFILE_SOURCE -D_FILE_OFFSET_BITS=64 -D_GNU_SOURCE    -DONIG_ESCAPE_UCHAR_COLLISION=1 -DUChar=OnigUChar -DZEND_ENABLE_STATIC_TSRMLS_CACHE=1 -DZEND_COMPILE_DL_EXT=1 -c /usr/src/php/ext/mbstring/libmbfl/filters/mbfilter_jis.c -o libmbfl/filters/mbfilter_jis.lo  -MMD -MF libmbfl/filters/mbfilter_jis.dep -MT libmbfl/filters/mbfilter_jis.lo
 cc -I. -I/usr/src/php/ext/mbstring -I/usr/src/php/ext/mbstring/include -I/usr/src/php/ext/mbstring/main -I/usr/src/php/ext/mbstring -I/usr/local/include/php -I/usr/local/include/php/main -I/usr/local/include/php/TSRM -I/usr/local/include/php/Zend -I/usr/local/include/php/ext -I/usr/local/include/php/ext/date/lib -I/usr/src/php/ext/mbstring/libmbfl -I/usr/src/php/ext/mbstring/libmbfl/mbfl -fstack-protector-strong -fpic -fpie -O2 -D_LARGEFILE_SOURCE -D_FILE_OFFSET_BITS=64 -DHAVE_CONFIG_H -fstack-protector-strong -fpic -fpie -O2 -D_LARGEFILE_SOURCE -D_FILE_OFFSET_BITS=64 -D_GNU_SOURCE -DONIG_ESCAPE_UCHAR_COLLISION=1 -DUChar=OnigUChar -DZEND_ENABLE_STATIC_TSRMLS_CACHE=1 -DZEND_COMPILE_DL_EXT=1 -c /usr/src/php/ext/mbstring/libmbfl/filters/mbfilter_jis.c -MMD -MF libmbfl/filters/mbfilter_jis.dep -MT libmbfl/filters/mbfilter_jis.lo  -fPIC -DPIC -o libmbfl/filters/.libs/mbfilter_jis.o
/bin/sh /usr/src/php/ext/mbstring/libtool --tag=CC --mode=compile cc -I. -I/usr/src/php/ext/mbstring -I/usr/src/php/ext/mbstring/include -I/usr/src/php/ext/mbstring/main -I/usr/src/php/ext/mbstring -I/usr/local/include/php -I/usr/local/include/php/main -I/usr/local/include/php/TSRM -I/usr/local/include/php/Zend -I/usr/local/include/php/ext -I/usr/local/include/php/ext/date/lib -I/usr/src/php/ext/mbstring/libmbfl -I/usr/src/php/ext/mbstring/libmbfl/mbfl  -fstack-protector-strong -fpic -fpie -O2 -D_LARGEFILE_SOURCE -D_FILE_OFFSET_BITS=64 -DHAVE_CONFIG_H  -fstack-protector-strong -fpic -fpie -O2 -D_LARGEFILE_SOURCE -D_FILE_OFFSET_BITS=64 -D_GNU_SOURCE    -DONIG_ESCAPE_UCHAR_COLLISION=1 -DUChar=OnigUChar -DZEND_ENABLE_STATIC_TSRMLS_CACHE=1 -DZEND_COMPILE_DL_EXT=1 -c /usr/src/php/ext/mbstring/libmbfl/filters/mbfilter_qprint.c -o libmbfl/filters/mbfilter_qprint.lo  -MMD -MF libmbfl/filters/mbfilter_qprint.dep -MT libmbfl/filters/mbfilter_qprint.lo
 cc -I. -I/usr/src/php/ext/mbstring -I/usr/src/php/ext/mbstring/include -I/usr/src/php/ext/mbstring/main -I/usr/src/php/ext/mbstring -I/usr/local/include/php -I/usr/local/include/php/main -I/usr/local/include/php/TSRM -I/usr/local/include/php/Zend -I/usr/local/include/php/ext -I/usr/local/include/php/ext/date/lib -I/usr/src/php/ext/mbstring/libmbfl -I/usr/src/php/ext/mbstring/libmbfl/mbfl -fstack-protector-strong -fpic -fpie -O2 -D_LARGEFILE_SOURCE -D_FILE_OFFSET_BITS=64 -DHAVE_CONFIG_H -fstack-protector-strong -fpic -fpie -O2 -D_LARGEFILE_SOURCE -D_FILE_OFFSET_BITS=64 -D_GNU_SOURCE -DONIG_ESCAPE_UCHAR_COLLISION=1 -DUChar=OnigUChar -DZEND_ENABLE_STATIC_TSRMLS_CACHE=1 -DZEND_COMPILE_DL_EXT=1 -c /usr/src/php/ext/mbstring/libmbfl/filters/mbfilter_qprint.c -MMD -MF libmbfl/filters/mbfilter_qprint.dep -MT libmbfl/filters/mbfilter_qprint.lo  -fPIC -DPIC -o libmbfl/filters/.libs/mbfilter_qprint.o
/bin/sh /usr/src/php/ext/mbstring/libtool --tag=CC --mode=compile cc -I. -I/usr/src/php/ext/mbstring -I/usr/src/php/ext/mbstring/include -I/usr/src/php/ext/mbstring/main -I/usr/src/php/ext/mbstring -I/usr/local/include/php -I/usr/local/include/php/main -I/usr/local/include/php/TSRM -I/usr/local/include/php/Zend -I/usr/local/include/php/ext -I/usr/local/include/php/ext/date/lib -I/usr/src/php/ext/mbstring/libmbfl -I/usr/src/php/ext/mbstring/libmbfl/mbfl  -fstack-protector-strong -fpic -fpie -O2 -D_LARGEFILE_SOURCE -D_FILE_OFFSET_BITS=64 -DHAVE_CONFIG_H  -fstack-protector-strong -fpic -fpie -O2 -D_LARGEFILE_SOURCE -D_FILE_OFFSET_BITS=64 -D_GNU_SOURCE    -DONIG_ESCAPE_UCHAR_COLLISION=1 -DUChar=OnigUChar -DZEND_ENABLE_STATIC_TSRMLS_CACHE=1 -DZEND_COMPILE_DL_EXT=1 -c /usr/src/php/ext/mbstring/libmbfl/filters/mbfilter_singlebyte.c -o libmbfl/filters/mbfilter_singlebyte.lo  -MMD -MF libmbfl/filters/mbfilter_singlebyte.dep -MT libmbfl/filters/mbfilter_singlebyte.lo
 cc -I. -I/usr/src/php/ext/mbstring -I/usr/src/php/ext/mbstring/include -I/usr/src/php/ext/mbstring/main -I/usr/src/php/ext/mbstring -I/usr/local/include/php -I/usr/local/include/php/main -I/usr/local/include/php/TSRM -I/usr/local/include/php/Zend -I/usr/local/include/php/ext -I/usr/local/include/php/ext/date/lib -I/usr/src/php/ext/mbstring/libmbfl -I/usr/src/php/ext/mbstring/libmbfl/mbfl -fstack-protector-strong -fpic -fpie -O2 -D_LARGEFILE_SOURCE -D_FILE_OFFSET_BITS=64 -DHAVE_CONFIG_H -fstack-protector-strong -fpic -fpie -O2 -D_LARGEFILE_SOURCE -D_FILE_OFFSET_BITS=64 -D_GNU_SOURCE -DONIG_ESCAPE_UCHAR_COLLISION=1 -DUChar=OnigUChar -DZEND_ENABLE_STATIC_TSRMLS_CACHE=1 -DZEND_COMPILE_DL_EXT=1 -c /usr/src/php/ext/mbstring/libmbfl/filters/mbfilter_singlebyte.c -MMD -MF libmbfl/filters/mbfilter_singlebyte.dep -MT libmbfl/filters/mbfilter_singlebyte.lo  -fPIC -DPIC -o libmbfl/filters/.libs/mbfilter_singlebyte.o
/bin/sh /usr/src/php/ext/mbstring/libtool --tag=CC --mode=compile cc -I. -I/usr/src/php/ext/mbstring -I/usr/src/php/ext/mbstring/include -I/usr/src/php/ext/mbstring/main -I/usr/src/php/ext/mbstring -I/usr/local/include/php -I/usr/local/include/php/main -I/usr/local/include/php/TSRM -I/usr/local/include/php/Zend -I/usr/local/include/php/ext -I/usr/local/include/php/ext/date/lib -I/usr/src/php/ext/mbstring/libmbfl -I/usr/src/php/ext/mbstring/libmbfl/mbfl  -fstack-protector-strong -fpic -fpie -O2 -D_LARGEFILE_SOURCE -D_FILE_OFFSET_BITS=64 -DHAVE_CONFIG_H  -fstack-protector-strong -fpic -fpie -O2 -D_LARGEFILE_SOURCE -D_FILE_OFFSET_BITS=64 -D_GNU_SOURCE    -DONIG_ESCAPE_UCHAR_COLLISION=1 -DUChar=OnigUChar -DZEND_ENABLE_STATIC_TSRMLS_CACHE=1 -DZEND_COMPILE_DL_EXT=1 -c /usr/src/php/ext/mbstring/libmbfl/filters/mbfilter_sjis.c -o libmbfl/filters/mbfilter_sjis.lo  -MMD -MF libmbfl/filters/mbfilter_sjis.dep -MT libmbfl/filters/mbfilter_sjis.lo
 cc -I. -I/usr/src/php/ext/mbstring -I/usr/src/php/ext/mbstring/include -I/usr/src/php/ext/mbstring/main -I/usr/src/php/ext/mbstring -I/usr/local/include/php -I/usr/local/include/php/main -I/usr/local/include/php/TSRM -I/usr/local/include/php/Zend -I/usr/local/include/php/ext -I/usr/local/include/php/ext/date/lib -I/usr/src/php/ext/mbstring/libmbfl -I/usr/src/php/ext/mbstring/libmbfl/mbfl -fstack-protector-strong -fpic -fpie -O2 -D_LARGEFILE_SOURCE -D_FILE_OFFSET_BITS=64 -DHAVE_CONFIG_H -fstack-protector-strong -fpic -fpie -O2 -D_LARGEFILE_SOURCE -D_FILE_OFFSET_BITS=64 -D_GNU_SOURCE -DONIG_ESCAPE_UCHAR_COLLISION=1 -DUChar=OnigUChar -DZEND_ENABLE_STATIC_TSRMLS_CACHE=1 -DZEND_COMPILE_DL_EXT=1 -c /usr/src/php/ext/mbstring/libmbfl/filters/mbfilter_sjis.c -MMD -MF libmbfl/filters/mbfilter_sjis.dep -MT libmbfl/filters/mbfilter_sjis.lo  -fPIC -DPIC -o libmbfl/filters/.libs/mbfilter_sjis.o
/bin/sh /usr/src/php/ext/mbstring/libtool --tag=CC --mode=compile cc -I. -I/usr/src/php/ext/mbstring -I/usr/src/php/ext/mbstring/include -I/usr/src/php/ext/mbstring/main -I/usr/src/php/ext/mbstring -I/usr/local/include/php -I/usr/local/include/php/main -I/usr/local/include/php/TSRM -I/usr/local/include/php/Zend -I/usr/local/include/php/ext -I/usr/local/include/php/ext/date/lib -I/usr/src/php/ext/mbstring/libmbfl -I/usr/src/php/ext/mbstring/libmbfl/mbfl  -fstack-protector-strong -fpic -fpie -O2 -D_LARGEFILE_SOURCE -D_FILE_OFFSET_BITS=64 -DHAVE_CONFIG_H  -fstack-protector-strong -fpic -fpie -O2 -D_LARGEFILE_SOURCE -D_FILE_OFFSET_BITS=64 -D_GNU_SOURCE    -DONIG_ESCAPE_UCHAR_COLLISION=1 -DUChar=OnigUChar -DZEND_ENABLE_STATIC_TSRMLS_CACHE=1 -DZEND_COMPILE_DL_EXT=1 -c /usr/src/php/ext/mbstring/libmbfl/filters/mbfilter_sjis_mobile.c -o libmbfl/filters/mbfilter_sjis_mobile.lo  -MMD -MF libmbfl/filters/mbfilter_sjis_mobile.dep -MT libmbfl/filters/mbfilter_sjis_mobile.lo
 cc -I. -I/usr/src/php/ext/mbstring -I/usr/src/php/ext/mbstring/include -I/usr/src/php/ext/mbstring/main -I/usr/src/php/ext/mbstring -I/usr/local/include/php -I/usr/local/include/php/main -I/usr/local/include/php/TSRM -I/usr/local/include/php/Zend -I/usr/local/include/php/ext -I/usr/local/include/php/ext/date/lib -I/usr/src/php/ext/mbstring/libmbfl -I/usr/src/php/ext/mbstring/libmbfl/mbfl -fstack-protector-strong -fpic -fpie -O2 -D_LARGEFILE_SOURCE -D_FILE_OFFSET_BITS=64 -DHAVE_CONFIG_H -fstack-protector-strong -fpic -fpie -O2 -D_LARGEFILE_SOURCE -D_FILE_OFFSET_BITS=64 -D_GNU_SOURCE -DONIG_ESCAPE_UCHAR_COLLISION=1 -DUChar=OnigUChar -DZEND_ENABLE_STATIC_TSRMLS_CACHE=1 -DZEND_COMPILE_DL_EXT=1 -c /usr/src/php/ext/mbstring/libmbfl/filters/mbfilter_sjis_mobile.c -MMD -MF libmbfl/filters/mbfilter_sjis_mobile.dep -MT libmbfl/filters/mbfilter_sjis_mobile.lo  -fPIC -DPIC -o libmbfl/filters/.libs/mbfilter_sjis_mobile.o
/bin/sh /usr/src/php/ext/mbstring/libtool --tag=CC --mode=compile cc -I. -I/usr/src/php/ext/mbstring -I/usr/src/php/ext/mbstring/include -I/usr/src/php/ext/mbstring/main -I/usr/src/php/ext/mbstring -I/usr/local/include/php -I/usr/local/include/php/main -I/usr/local/include/php/TSRM -I/usr/local/include/php/Zend -I/usr/local/include/php/ext -I/usr/local/include/php/ext/date/lib -I/usr/src/php/ext/mbstring/libmbfl -I/usr/src/php/ext/mbstring/libmbfl/mbfl  -fstack-protector-strong -fpic -fpie -O2 -D_LARGEFILE_SOURCE -D_FILE_OFFSET_BITS=64 -DHAVE_CONFIG_H  -fstack-protector-strong -fpic -fpie -O2 -D_LARGEFILE_SOURCE -D_FILE_OFFSET_BITS=64 -D_GNU_SOURCE    -DONIG_ESCAPE_UCHAR_COLLISION=1 -DUChar=OnigUChar -DZEND_ENABLE_STATIC_TSRMLS_CACHE=1 -DZEND_COMPILE_DL_EXT=1 -c /usr/src/php/ext/mbstring/libmbfl/filters/mbfilter_sjis_mac.c -o libmbfl/filters/mbfilter_sjis_mac.lo  -MMD -MF libmbfl/filters/mbfilter_sjis_mac.dep -MT libmbfl/filters/mbfilter_sjis_mac.lo
 cc -I. -I/usr/src/php/ext/mbstring -I/usr/src/php/ext/mbstring/include -I/usr/src/php/ext/mbstring/main -I/usr/src/php/ext/mbstring -I/usr/local/include/php -I/usr/local/include/php/main -I/usr/local/include/php/TSRM -I/usr/local/include/php/Zend -I/usr/local/include/php/ext -I/usr/local/include/php/ext/date/lib -I/usr/src/php/ext/mbstring/libmbfl -I/usr/src/php/ext/mbstring/libmbfl/mbfl -fstack-protector-strong -fpic -fpie -O2 -D_LARGEFILE_SOURCE -D_FILE_OFFSET_BITS=64 -DHAVE_CONFIG_H -fstack-protector-strong -fpic -fpie -O2 -D_LARGEFILE_SOURCE -D_FILE_OFFSET_BITS=64 -D_GNU_SOURCE -DONIG_ESCAPE_UCHAR_COLLISION=1 -DUChar=OnigUChar -DZEND_ENABLE_STATIC_TSRMLS_CACHE=1 -DZEND_COMPILE_DL_EXT=1 -c /usr/src/php/ext/mbstring/libmbfl/filters/mbfilter_sjis_mac.c -MMD -MF libmbfl/filters/mbfilter_sjis_mac.dep -MT libmbfl/filters/mbfilter_sjis_mac.lo  -fPIC -DPIC -o libmbfl/filters/.libs/mbfilter_sjis_mac.o
/bin/sh /usr/src/php/ext/mbstring/libtool --tag=CC --mode=compile cc -I. -I/usr/src/php/ext/mbstring -I/usr/src/php/ext/mbstring/include -I/usr/src/php/ext/mbstring/main -I/usr/src/php/ext/mbstring -I/usr/local/include/php -I/usr/local/include/php/main -I/usr/local/include/php/TSRM -I/usr/local/include/php/Zend -I/usr/local/include/php/ext -I/usr/local/include/php/ext/date/lib -I/usr/src/php/ext/mbstring/libmbfl -I/usr/src/php/ext/mbstring/libmbfl/mbfl  -fstack-protector-strong -fpic -fpie -O2 -D_LARGEFILE_SOURCE -D_FILE_OFFSET_BITS=64 -DHAVE_CONFIG_H  -fstack-protector-strong -fpic -fpie -O2 -D_LARGEFILE_SOURCE -D_FILE_OFFSET_BITS=64 -D_GNU_SOURCE    -DONIG_ESCAPE_UCHAR_COLLISION=1 -DUChar=OnigUChar -DZEND_ENABLE_STATIC_TSRMLS_CACHE=1 -DZEND_COMPILE_DL_EXT=1 -c /usr/src/php/ext/mbstring/libmbfl/filters/mbfilter_sjis_2004.c -o libmbfl/filters/mbfilter_sjis_2004.lo  -MMD -MF libmbfl/filters/mbfilter_sjis_2004.dep -MT libmbfl/filters/mbfilter_sjis_2004.lo
 cc -I. -I/usr/src/php/ext/mbstring -I/usr/src/php/ext/mbstring/include -I/usr/src/php/ext/mbstring/main -I/usr/src/php/ext/mbstring -I/usr/local/include/php -I/usr/local/include/php/main -I/usr/local/include/php/TSRM -I/usr/local/include/php/Zend -I/usr/local/include/php/ext -I/usr/local/include/php/ext/date/lib -I/usr/src/php/ext/mbstring/libmbfl -I/usr/src/php/ext/mbstring/libmbfl/mbfl -fstack-protector-strong -fpic -fpie -O2 -D_LARGEFILE_SOURCE -D_FILE_OFFSET_BITS=64 -DHAVE_CONFIG_H -fstack-protector-strong -fpic -fpie -O2 -D_LARGEFILE_SOURCE -D_FILE_OFFSET_BITS=64 -D_GNU_SOURCE -DONIG_ESCAPE_UCHAR_COLLISION=1 -DUChar=OnigUChar -DZEND_ENABLE_STATIC_TSRMLS_CACHE=1 -DZEND_COMPILE_DL_EXT=1 -c /usr/src/php/ext/mbstring/libmbfl/filters/mbfilter_sjis_2004.c -MMD -MF libmbfl/filters/mbfilter_sjis_2004.dep -MT libmbfl/filters/mbfilter_sjis_2004.lo  -fPIC -DPIC -o libmbfl/filters/.libs/mbfilter_sjis_2004.o
/bin/sh /usr/src/php/ext/mbstring/libtool --tag=CC --mode=compile cc -I. -I/usr/src/php/ext/mbstring -I/usr/src/php/ext/mbstring/include -I/usr/src/php/ext/mbstring/main -I/usr/src/php/ext/mbstring -I/usr/local/include/php -I/usr/local/include/php/main -I/usr/local/include/php/TSRM -I/usr/local/include/php/Zend -I/usr/local/include/php/ext -I/usr/local/include/php/ext/date/lib -I/usr/src/php/ext/mbstring/libmbfl -I/usr/src/php/ext/mbstring/libmbfl/mbfl  -fstack-protector-strong -fpic -fpie -O2 -D_LARGEFILE_SOURCE -D_FILE_OFFSET_BITS=64 -DHAVE_CONFIG_H  -fstack-protector-strong -fpic -fpie -O2 -D_LARGEFILE_SOURCE -D_FILE_OFFSET_BITS=64 -D_GNU_SOURCE    -DONIG_ESCAPE_UCHAR_COLLISION=1 -DUChar=OnigUChar -DZEND_ENABLE_STATIC_TSRMLS_CACHE=1 -DZEND_COMPILE_DL_EXT=1 -c /usr/src/php/ext/mbstring/libmbfl/filters/mbfilter_ucs2.c -o libmbfl/filters/mbfilter_ucs2.lo  -MMD -MF libmbfl/filters/mbfilter_ucs2.dep -MT libmbfl/filters/mbfilter_ucs2.lo
 cc -I. -I/usr/src/php/ext/mbstring -I/usr/src/php/ext/mbstring/include -I/usr/src/php/ext/mbstring/main -I/usr/src/php/ext/mbstring -I/usr/local/include/php -I/usr/local/include/php/main -I/usr/local/include/php/TSRM -I/usr/local/include/php/Zend -I/usr/local/include/php/ext -I/usr/local/include/php/ext/date/lib -I/usr/src/php/ext/mbstring/libmbfl -I/usr/src/php/ext/mbstring/libmbfl/mbfl -fstack-protector-strong -fpic -fpie -O2 -D_LARGEFILE_SOURCE -D_FILE_OFFSET_BITS=64 -DHAVE_CONFIG_H -fstack-protector-strong -fpic -fpie -O2 -D_LARGEFILE_SOURCE -D_FILE_OFFSET_BITS=64 -D_GNU_SOURCE -DONIG_ESCAPE_UCHAR_COLLISION=1 -DUChar=OnigUChar -DZEND_ENABLE_STATIC_TSRMLS_CACHE=1 -DZEND_COMPILE_DL_EXT=1 -c /usr/src/php/ext/mbstring/libmbfl/filters/mbfilter_ucs2.c -MMD -MF libmbfl/filters/mbfilter_ucs2.dep -MT libmbfl/filters/mbfilter_ucs2.lo  -fPIC -DPIC -o libmbfl/filters/.libs/mbfilter_ucs2.o
/bin/sh /usr/src/php/ext/mbstring/libtool --tag=CC --mode=compile cc -I. -I/usr/src/php/ext/mbstring -I/usr/src/php/ext/mbstring/include -I/usr/src/php/ext/mbstring/main -I/usr/src/php/ext/mbstring -I/usr/local/include/php -I/usr/local/include/php/main -I/usr/local/include/php/TSRM -I/usr/local/include/php/Zend -I/usr/local/include/php/ext -I/usr/local/include/php/ext/date/lib -I/usr/src/php/ext/mbstring/libmbfl -I/usr/src/php/ext/mbstring/libmbfl/mbfl  -fstack-protector-strong -fpic -fpie -O2 -D_LARGEFILE_SOURCE -D_FILE_OFFSET_BITS=64 -DHAVE_CONFIG_H  -fstack-protector-strong -fpic -fpie -O2 -D_LARGEFILE_SOURCE -D_FILE_OFFSET_BITS=64 -D_GNU_SOURCE    -DONIG_ESCAPE_UCHAR_COLLISION=1 -DUChar=OnigUChar -DZEND_ENABLE_STATIC_TSRMLS_CACHE=1 -DZEND_COMPILE_DL_EXT=1 -c /usr/src/php/ext/mbstring/libmbfl/filters/mbfilter_ucs4.c -o libmbfl/filters/mbfilter_ucs4.lo  -MMD -MF libmbfl/filters/mbfilter_ucs4.dep -MT libmbfl/filters/mbfilter_ucs4.lo
 cc -I. -I/usr/src/php/ext/mbstring -I/usr/src/php/ext/mbstring/include -I/usr/src/php/ext/mbstring/main -I/usr/src/php/ext/mbstring -I/usr/local/include/php -I/usr/local/include/php/main -I/usr/local/include/php/TSRM -I/usr/local/include/php/Zend -I/usr/local/include/php/ext -I/usr/local/include/php/ext/date/lib -I/usr/src/php/ext/mbstring/libmbfl -I/usr/src/php/ext/mbstring/libmbfl/mbfl -fstack-protector-strong -fpic -fpie -O2 -D_LARGEFILE_SOURCE -D_FILE_OFFSET_BITS=64 -DHAVE_CONFIG_H -fstack-protector-strong -fpic -fpie -O2 -D_LARGEFILE_SOURCE -D_FILE_OFFSET_BITS=64 -D_GNU_SOURCE -DONIG_ESCAPE_UCHAR_COLLISION=1 -DUChar=OnigUChar -DZEND_ENABLE_STATIC_TSRMLS_CACHE=1 -DZEND_COMPILE_DL_EXT=1 -c /usr/src/php/ext/mbstring/libmbfl/filters/mbfilter_ucs4.c -MMD -MF libmbfl/filters/mbfilter_ucs4.dep -MT libmbfl/filters/mbfilter_ucs4.lo  -fPIC -DPIC -o libmbfl/filters/.libs/mbfilter_ucs4.o
/bin/sh /usr/src/php/ext/mbstring/libtool --tag=CC --mode=compile cc -I. -I/usr/src/php/ext/mbstring -I/usr/src/php/ext/mbstring/include -I/usr/src/php/ext/mbstring/main -I/usr/src/php/ext/mbstring -I/usr/local/include/php -I/usr/local/include/php/main -I/usr/local/include/php/TSRM -I/usr/local/include/php/Zend -I/usr/local/include/php/ext -I/usr/local/include/php/ext/date/lib -I/usr/src/php/ext/mbstring/libmbfl -I/usr/src/php/ext/mbstring/libmbfl/mbfl  -fstack-protector-strong -fpic -fpie -O2 -D_LARGEFILE_SOURCE -D_FILE_OFFSET_BITS=64 -DHAVE_CONFIG_H  -fstack-protector-strong -fpic -fpie -O2 -D_LARGEFILE_SOURCE -D_FILE_OFFSET_BITS=64 -D_GNU_SOURCE    -DONIG_ESCAPE_UCHAR_COLLISION=1 -DUChar=OnigUChar -DZEND_ENABLE_STATIC_TSRMLS_CACHE=1 -DZEND_COMPILE_DL_EXT=1 -c /usr/src/php/ext/mbstring/libmbfl/filters/mbfilter_uhc.c -o libmbfl/filters/mbfilter_uhc.lo  -MMD -MF libmbfl/filters/mbfilter_uhc.dep -MT libmbfl/filters/mbfilter_uhc.lo
 cc -I. -I/usr/src/php/ext/mbstring -I/usr/src/php/ext/mbstring/include -I/usr/src/php/ext/mbstring/main -I/usr/src/php/ext/mbstring -I/usr/local/include/php -I/usr/local/include/php/main -I/usr/local/include/php/TSRM -I/usr/local/include/php/Zend -I/usr/local/include/php/ext -I/usr/local/include/php/ext/date/lib -I/usr/src/php/ext/mbstring/libmbfl -I/usr/src/php/ext/mbstring/libmbfl/mbfl -fstack-protector-strong -fpic -fpie -O2 -D_LARGEFILE_SOURCE -D_FILE_OFFSET_BITS=64 -DHAVE_CONFIG_H -fstack-protector-strong -fpic -fpie -O2 -D_LARGEFILE_SOURCE -D_FILE_OFFSET_BITS=64 -D_GNU_SOURCE -DONIG_ESCAPE_UCHAR_COLLISION=1 -DUChar=OnigUChar -DZEND_ENABLE_STATIC_TSRMLS_CACHE=1 -DZEND_COMPILE_DL_EXT=1 -c /usr/src/php/ext/mbstring/libmbfl/filters/mbfilter_uhc.c -MMD -MF libmbfl/filters/mbfilter_uhc.dep -MT libmbfl/filters/mbfilter_uhc.lo  -fPIC -DPIC -o libmbfl/filters/.libs/mbfilter_uhc.o
/bin/sh /usr/src/php/ext/mbstring/libtool --tag=CC --mode=compile cc -I. -I/usr/src/php/ext/mbstring -I/usr/src/php/ext/mbstring/include -I/usr/src/php/ext/mbstring/main -I/usr/src/php/ext/mbstring -I/usr/local/include/php -I/usr/local/include/php/main -I/usr/local/include/php/TSRM -I/usr/local/include/php/Zend -I/usr/local/include/php/ext -I/usr/local/include/php/ext/date/lib -I/usr/src/php/ext/mbstring/libmbfl -I/usr/src/php/ext/mbstring/libmbfl/mbfl  -fstack-protector-strong -fpic -fpie -O2 -D_LARGEFILE_SOURCE -D_FILE_OFFSET_BITS=64 -DHAVE_CONFIG_H  -fstack-protector-strong -fpic -fpie -O2 -D_LARGEFILE_SOURCE -D_FILE_OFFSET_BITS=64 -D_GNU_SOURCE    -DONIG_ESCAPE_UCHAR_COLLISION=1 -DUChar=OnigUChar -DZEND_ENABLE_STATIC_TSRMLS_CACHE=1 -DZEND_COMPILE_DL_EXT=1 -c /usr/src/php/ext/mbstring/libmbfl/filters/mbfilter_utf16.c -o libmbfl/filters/mbfilter_utf16.lo  -MMD -MF libmbfl/filters/mbfilter_utf16.dep -MT libmbfl/filters/mbfilter_utf16.lo
 cc -I. -I/usr/src/php/ext/mbstring -I/usr/src/php/ext/mbstring/include -I/usr/src/php/ext/mbstring/main -I/usr/src/php/ext/mbstring -I/usr/local/include/php -I/usr/local/include/php/main -I/usr/local/include/php/TSRM -I/usr/local/include/php/Zend -I/usr/local/include/php/ext -I/usr/local/include/php/ext/date/lib -I/usr/src/php/ext/mbstring/libmbfl -I/usr/src/php/ext/mbstring/libmbfl/mbfl -fstack-protector-strong -fpic -fpie -O2 -D_LARGEFILE_SOURCE -D_FILE_OFFSET_BITS=64 -DHAVE_CONFIG_H -fstack-protector-strong -fpic -fpie -O2 -D_LARGEFILE_SOURCE -D_FILE_OFFSET_BITS=64 -D_GNU_SOURCE -DONIG_ESCAPE_UCHAR_COLLISION=1 -DUChar=OnigUChar -DZEND_ENABLE_STATIC_TSRMLS_CACHE=1 -DZEND_COMPILE_DL_EXT=1 -c /usr/src/php/ext/mbstring/libmbfl/filters/mbfilter_utf16.c -MMD -MF libmbfl/filters/mbfilter_utf16.dep -MT libmbfl/filters/mbfilter_utf16.lo  -fPIC -DPIC -o libmbfl/filters/.libs/mbfilter_utf16.o
/bin/sh /usr/src/php/ext/mbstring/libtool --tag=CC --mode=compile cc -I. -I/usr/src/php/ext/mbstring -I/usr/src/php/ext/mbstring/include -I/usr/src/php/ext/mbstring/main -I/usr/src/php/ext/mbstring -I/usr/local/include/php -I/usr/local/include/php/main -I/usr/local/include/php/TSRM -I/usr/local/include/php/Zend -I/usr/local/include/php/ext -I/usr/local/include/php/ext/date/lib -I/usr/src/php/ext/mbstring/libmbfl -I/usr/src/php/ext/mbstring/libmbfl/mbfl  -fstack-protector-strong -fpic -fpie -O2 -D_LARGEFILE_SOURCE -D_FILE_OFFSET_BITS=64 -DHAVE_CONFIG_H  -fstack-protector-strong -fpic -fpie -O2 -D_LARGEFILE_SOURCE -D_FILE_OFFSET_BITS=64 -D_GNU_SOURCE    -DONIG_ESCAPE_UCHAR_COLLISION=1 -DUChar=OnigUChar -DZEND_ENABLE_STATIC_TSRMLS_CACHE=1 -DZEND_COMPILE_DL_EXT=1 -c /usr/src/php/ext/mbstring/libmbfl/filters/mbfilter_utf32.c -o libmbfl/filters/mbfilter_utf32.lo  -MMD -MF libmbfl/filters/mbfilter_utf32.dep -MT libmbfl/filters/mbfilter_utf32.lo
 cc -I. -I/usr/src/php/ext/mbstring -I/usr/src/php/ext/mbstring/include -I/usr/src/php/ext/mbstring/main -I/usr/src/php/ext/mbstring -I/usr/local/include/php -I/usr/local/include/php/main -I/usr/local/include/php/TSRM -I/usr/local/include/php/Zend -I/usr/local/include/php/ext -I/usr/local/include/php/ext/date/lib -I/usr/src/php/ext/mbstring/libmbfl -I/usr/src/php/ext/mbstring/libmbfl/mbfl -fstack-protector-strong -fpic -fpie -O2 -D_LARGEFILE_SOURCE -D_FILE_OFFSET_BITS=64 -DHAVE_CONFIG_H -fstack-protector-strong -fpic -fpie -O2 -D_LARGEFILE_SOURCE -D_FILE_OFFSET_BITS=64 -D_GNU_SOURCE -DONIG_ESCAPE_UCHAR_COLLISION=1 -DUChar=OnigUChar -DZEND_ENABLE_STATIC_TSRMLS_CACHE=1 -DZEND_COMPILE_DL_EXT=1 -c /usr/src/php/ext/mbstring/libmbfl/filters/mbfilter_utf32.c -MMD -MF libmbfl/filters/mbfilter_utf32.dep -MT libmbfl/filters/mbfilter_utf32.lo  -fPIC -DPIC -o libmbfl/filters/.libs/mbfilter_utf32.o
/bin/sh /usr/src/php/ext/mbstring/libtool --tag=CC --mode=compile cc -I. -I/usr/src/php/ext/mbstring -I/usr/src/php/ext/mbstring/include -I/usr/src/php/ext/mbstring/main -I/usr/src/php/ext/mbstring -I/usr/local/include/php -I/usr/local/include/php/main -I/usr/local/include/php/TSRM -I/usr/local/include/php/Zend -I/usr/local/include/php/ext -I/usr/local/include/php/ext/date/lib -I/usr/src/php/ext/mbstring/libmbfl -I/usr/src/php/ext/mbstring/libmbfl/mbfl  -fstack-protector-strong -fpic -fpie -O2 -D_LARGEFILE_SOURCE -D_FILE_OFFSET_BITS=64 -DHAVE_CONFIG_H  -fstack-protector-strong -fpic -fpie -O2 -D_LARGEFILE_SOURCE -D_FILE_OFFSET_BITS=64 -D_GNU_SOURCE    -DONIG_ESCAPE_UCHAR_COLLISION=1 -DUChar=OnigUChar -DZEND_ENABLE_STATIC_TSRMLS_CACHE=1 -DZEND_COMPILE_DL_EXT=1 -c /usr/src/php/ext/mbstring/libmbfl/filters/mbfilter_utf7.c -o libmbfl/filters/mbfilter_utf7.lo  -MMD -MF libmbfl/filters/mbfilter_utf7.dep -MT libmbfl/filters/mbfilter_utf7.lo
 cc -I. -I/usr/src/php/ext/mbstring -I/usr/src/php/ext/mbstring/include -I/usr/src/php/ext/mbstring/main -I/usr/src/php/ext/mbstring -I/usr/local/include/php -I/usr/local/include/php/main -I/usr/local/include/php/TSRM -I/usr/local/include/php/Zend -I/usr/local/include/php/ext -I/usr/local/include/php/ext/date/lib -I/usr/src/php/ext/mbstring/libmbfl -I/usr/src/php/ext/mbstring/libmbfl/mbfl -fstack-protector-strong -fpic -fpie -O2 -D_LARGEFILE_SOURCE -D_FILE_OFFSET_BITS=64 -DHAVE_CONFIG_H -fstack-protector-strong -fpic -fpie -O2 -D_LARGEFILE_SOURCE -D_FILE_OFFSET_BITS=64 -D_GNU_SOURCE -DONIG_ESCAPE_UCHAR_COLLISION=1 -DUChar=OnigUChar -DZEND_ENABLE_STATIC_TSRMLS_CACHE=1 -DZEND_COMPILE_DL_EXT=1 -c /usr/src/php/ext/mbstring/libmbfl/filters/mbfilter_utf7.c -MMD -MF libmbfl/filters/mbfilter_utf7.dep -MT libmbfl/filters/mbfilter_utf7.lo  -fPIC -DPIC -o libmbfl/filters/.libs/mbfilter_utf7.o
/bin/sh /usr/src/php/ext/mbstring/libtool --tag=CC --mode=compile cc -I. -I/usr/src/php/ext/mbstring -I/usr/src/php/ext/mbstring/include -I/usr/src/php/ext/mbstring/main -I/usr/src/php/ext/mbstring -I/usr/local/include/php -I/usr/local/include/php/main -I/usr/local/include/php/TSRM -I/usr/local/include/php/Zend -I/usr/local/include/php/ext -I/usr/local/include/php/ext/date/lib -I/usr/src/php/ext/mbstring/libmbfl -I/usr/src/php/ext/mbstring/libmbfl/mbfl  -fstack-protector-strong -fpic -fpie -O2 -D_LARGEFILE_SOURCE -D_FILE_OFFSET_BITS=64 -DHAVE_CONFIG_H  -fstack-protector-strong -fpic -fpie -O2 -D_LARGEFILE_SOURCE -D_FILE_OFFSET_BITS=64 -D_GNU_SOURCE    -DONIG_ESCAPE_UCHAR_COLLISION=1 -DUChar=OnigUChar -DZEND_ENABLE_STATIC_TSRMLS_CACHE=1 -DZEND_COMPILE_DL_EXT=1 -c /usr/src/php/ext/mbstring/libmbfl/filters/mbfilter_utf7imap.c -o libmbfl/filters/mbfilter_utf7imap.lo  -MMD -MF libmbfl/filters/mbfilter_utf7imap.dep -MT libmbfl/filters/mbfilter_utf7imap.lo
 cc -I. -I/usr/src/php/ext/mbstring -I/usr/src/php/ext/mbstring/include -I/usr/src/php/ext/mbstring/main -I/usr/src/php/ext/mbstring -I/usr/local/include/php -I/usr/local/include/php/main -I/usr/local/include/php/TSRM -I/usr/local/include/php/Zend -I/usr/local/include/php/ext -I/usr/local/include/php/ext/date/lib -I/usr/src/php/ext/mbstring/libmbfl -I/usr/src/php/ext/mbstring/libmbfl/mbfl -fstack-protector-strong -fpic -fpie -O2 -D_LARGEFILE_SOURCE -D_FILE_OFFSET_BITS=64 -DHAVE_CONFIG_H -fstack-protector-strong -fpic -fpie -O2 -D_LARGEFILE_SOURCE -D_FILE_OFFSET_BITS=64 -D_GNU_SOURCE -DONIG_ESCAPE_UCHAR_COLLISION=1 -DUChar=OnigUChar -DZEND_ENABLE_STATIC_TSRMLS_CACHE=1 -DZEND_COMPILE_DL_EXT=1 -c /usr/src/php/ext/mbstring/libmbfl/filters/mbfilter_utf7imap.c -MMD -MF libmbfl/filters/mbfilter_utf7imap.dep -MT libmbfl/filters/mbfilter_utf7imap.lo  -fPIC -DPIC -o libmbfl/filters/.libs/mbfilter_utf7imap.o
/bin/sh /usr/src/php/ext/mbstring/libtool --tag=CC --mode=compile cc -I. -I/usr/src/php/ext/mbstring -I/usr/src/php/ext/mbstring/include -I/usr/src/php/ext/mbstring/main -I/usr/src/php/ext/mbstring -I/usr/local/include/php -I/usr/local/include/php/main -I/usr/local/include/php/TSRM -I/usr/local/include/php/Zend -I/usr/local/include/php/ext -I/usr/local/include/php/ext/date/lib -I/usr/src/php/ext/mbstring/libmbfl -I/usr/src/php/ext/mbstring/libmbfl/mbfl  -fstack-protector-strong -fpic -fpie -O2 -D_LARGEFILE_SOURCE -D_FILE_OFFSET_BITS=64 -DHAVE_CONFIG_H  -fstack-protector-strong -fpic -fpie -O2 -D_LARGEFILE_SOURCE -D_FILE_OFFSET_BITS=64 -D_GNU_SOURCE    -DONIG_ESCAPE_UCHAR_COLLISION=1 -DUChar=OnigUChar -DZEND_ENABLE_STATIC_TSRMLS_CACHE=1 -DZEND_COMPILE_DL_EXT=1 -c /usr/src/php/ext/mbstring/libmbfl/filters/mbfilter_utf8.c -o libmbfl/filters/mbfilter_utf8.lo  -MMD -MF libmbfl/filters/mbfilter_utf8.dep -MT libmbfl/filters/mbfilter_utf8.lo
 cc -I. -I/usr/src/php/ext/mbstring -I/usr/src/php/ext/mbstring/include -I/usr/src/php/ext/mbstring/main -I/usr/src/php/ext/mbstring -I/usr/local/include/php -I/usr/local/include/php/main -I/usr/local/include/php/TSRM -I/usr/local/include/php/Zend -I/usr/local/include/php/ext -I/usr/local/include/php/ext/date/lib -I/usr/src/php/ext/mbstring/libmbfl -I/usr/src/php/ext/mbstring/libmbfl/mbfl -fstack-protector-strong -fpic -fpie -O2 -D_LARGEFILE_SOURCE -D_FILE_OFFSET_BITS=64 -DHAVE_CONFIG_H -fstack-protector-strong -fpic -fpie -O2 -D_LARGEFILE_SOURCE -D_FILE_OFFSET_BITS=64 -D_GNU_SOURCE -DONIG_ESCAPE_UCHAR_COLLISION=1 -DUChar=OnigUChar -DZEND_ENABLE_STATIC_TSRMLS_CACHE=1 -DZEND_COMPILE_DL_EXT=1 -c /usr/src/php/ext/mbstring/libmbfl/filters/mbfilter_utf8.c -MMD -MF libmbfl/filters/mbfilter_utf8.dep -MT libmbfl/filters/mbfilter_utf8.lo  -fPIC -DPIC -o libmbfl/filters/.libs/mbfilter_utf8.o
/bin/sh /usr/src/php/ext/mbstring/libtool --tag=CC --mode=compile cc -I. -I/usr/src/php/ext/mbstring -I/usr/src/php/ext/mbstring/include -I/usr/src/php/ext/mbstring/main -I/usr/src/php/ext/mbstring -I/usr/local/include/php -I/usr/local/include/php/main -I/usr/local/include/php/TSRM -I/usr/local/include/php/Zend -I/usr/local/include/php/ext -I/usr/local/include/php/ext/date/lib -I/usr/src/php/ext/mbstring/libmbfl -I/usr/src/php/ext/mbstring/libmbfl/mbfl  -fstack-protector-strong -fpic -fpie -O2 -D_LARGEFILE_SOURCE -D_FILE_OFFSET_BITS=64 -DHAVE_CONFIG_H  -fstack-protector-strong -fpic -fpie -O2 -D_LARGEFILE_SOURCE -D_FILE_OFFSET_BITS=64 -D_GNU_SOURCE    -DONIG_ESCAPE_UCHAR_COLLISION=1 -DUChar=OnigUChar -DZEND_ENABLE_STATIC_TSRMLS_CACHE=1 -DZEND_COMPILE_DL_EXT=1 -c /usr/src/php/ext/mbstring/libmbfl/filters/mbfilter_utf8_mobile.c -o libmbfl/filters/mbfilter_utf8_mobile.lo  -MMD -MF libmbfl/filters/mbfilter_utf8_mobile.dep -MT libmbfl/filters/mbfilter_utf8_mobile.lo
 cc -I. -I/usr/src/php/ext/mbstring -I/usr/src/php/ext/mbstring/include -I/usr/src/php/ext/mbstring/main -I/usr/src/php/ext/mbstring -I/usr/local/include/php -I/usr/local/include/php/main -I/usr/local/include/php/TSRM -I/usr/local/include/php/Zend -I/usr/local/include/php/ext -I/usr/local/include/php/ext/date/lib -I/usr/src/php/ext/mbstring/libmbfl -I/usr/src/php/ext/mbstring/libmbfl/mbfl -fstack-protector-strong -fpic -fpie -O2 -D_LARGEFILE_SOURCE -D_FILE_OFFSET_BITS=64 -DHAVE_CONFIG_H -fstack-protector-strong -fpic -fpie -O2 -D_LARGEFILE_SOURCE -D_FILE_OFFSET_BITS=64 -D_GNU_SOURCE -DONIG_ESCAPE_UCHAR_COLLISION=1 -DUChar=OnigUChar -DZEND_ENABLE_STATIC_TSRMLS_CACHE=1 -DZEND_COMPILE_DL_EXT=1 -c /usr/src/php/ext/mbstring/libmbfl/filters/mbfilter_utf8_mobile.c -MMD -MF libmbfl/filters/mbfilter_utf8_mobile.dep -MT libmbfl/filters/mbfilter_utf8_mobile.lo  -fPIC -DPIC -o libmbfl/filters/.libs/mbfilter_utf8_mobile.o
/bin/sh /usr/src/php/ext/mbstring/libtool --tag=CC --mode=compile cc -I. -I/usr/src/php/ext/mbstring -I/usr/src/php/ext/mbstring/include -I/usr/src/php/ext/mbstring/main -I/usr/src/php/ext/mbstring -I/usr/local/include/php -I/usr/local/include/php/main -I/usr/local/include/php/TSRM -I/usr/local/include/php/Zend -I/usr/local/include/php/ext -I/usr/local/include/php/ext/date/lib -I/usr/src/php/ext/mbstring/libmbfl -I/usr/src/php/ext/mbstring/libmbfl/mbfl  -fstack-protector-strong -fpic -fpie -O2 -D_LARGEFILE_SOURCE -D_FILE_OFFSET_BITS=64 -DHAVE_CONFIG_H  -fstack-protector-strong -fpic -fpie -O2 -D_LARGEFILE_SOURCE -D_FILE_OFFSET_BITS=64 -D_GNU_SOURCE    -DONIG_ESCAPE_UCHAR_COLLISION=1 -DUChar=OnigUChar -DZEND_ENABLE_STATIC_TSRMLS_CACHE=1 -DZEND_COMPILE_DL_EXT=1 -c /usr/src/php/ext/mbstring/libmbfl/filters/mbfilter_uuencode.c -o libmbfl/filters/mbfilter_uuencode.lo  -MMD -MF libmbfl/filters/mbfilter_uuencode.dep -MT libmbfl/filters/mbfilter_uuencode.lo
 cc -I. -I/usr/src/php/ext/mbstring -I/usr/src/php/ext/mbstring/include -I/usr/src/php/ext/mbstring/main -I/usr/src/php/ext/mbstring -I/usr/local/include/php -I/usr/local/include/php/main -I/usr/local/include/php/TSRM -I/usr/local/include/php/Zend -I/usr/local/include/php/ext -I/usr/local/include/php/ext/date/lib -I/usr/src/php/ext/mbstring/libmbfl -I/usr/src/php/ext/mbstring/libmbfl/mbfl -fstack-protector-strong -fpic -fpie -O2 -D_LARGEFILE_SOURCE -D_FILE_OFFSET_BITS=64 -DHAVE_CONFIG_H -fstack-protector-strong -fpic -fpie -O2 -D_LARGEFILE_SOURCE -D_FILE_OFFSET_BITS=64 -D_GNU_SOURCE -DONIG_ESCAPE_UCHAR_COLLISION=1 -DUChar=OnigUChar -DZEND_ENABLE_STATIC_TSRMLS_CACHE=1 -DZEND_COMPILE_DL_EXT=1 -c /usr/src/php/ext/mbstring/libmbfl/filters/mbfilter_uuencode.c -MMD -MF libmbfl/filters/mbfilter_uuencode.dep -MT libmbfl/filters/mbfilter_uuencode.lo  -fPIC -DPIC -o libmbfl/filters/.libs/mbfilter_uuencode.o
/bin/sh /usr/src/php/ext/mbstring/libtool --tag=CC --mode=compile cc -I. -I/usr/src/php/ext/mbstring -I/usr/src/php/ext/mbstring/include -I/usr/src/php/ext/mbstring/main -I/usr/src/php/ext/mbstring -I/usr/local/include/php -I/usr/local/include/php/main -I/usr/local/include/php/TSRM -I/usr/local/include/php/Zend -I/usr/local/include/php/ext -I/usr/local/include/php/ext/date/lib -I/usr/src/php/ext/mbstring/libmbfl -I/usr/src/php/ext/mbstring/libmbfl/mbfl  -fstack-protector-strong -fpic -fpie -O2 -D_LARGEFILE_SOURCE -D_FILE_OFFSET_BITS=64 -DHAVE_CONFIG_H  -fstack-protector-strong -fpic -fpie -O2 -D_LARGEFILE_SOURCE -D_FILE_OFFSET_BITS=64 -D_GNU_SOURCE    -DONIG_ESCAPE_UCHAR_COLLISION=1 -DUChar=OnigUChar -DZEND_ENABLE_STATIC_TSRMLS_CACHE=1 -DZEND_COMPILE_DL_EXT=1 -c /usr/src/php/ext/mbstring/libmbfl/mbfl/mbfilter.c -o libmbfl/mbfl/mbfilter.lo  -MMD -MF libmbfl/mbfl/mbfilter.dep -MT libmbfl/mbfl/mbfilter.lo
mkdir libmbfl/mbfl/.libs
 cc -I. -I/usr/src/php/ext/mbstring -I/usr/src/php/ext/mbstring/include -I/usr/src/php/ext/mbstring/main -I/usr/src/php/ext/mbstring -I/usr/local/include/php -I/usr/local/include/php/main -I/usr/local/include/php/TSRM -I/usr/local/include/php/Zend -I/usr/local/include/php/ext -I/usr/local/include/php/ext/date/lib -I/usr/src/php/ext/mbstring/libmbfl -I/usr/src/php/ext/mbstring/libmbfl/mbfl -fstack-protector-strong -fpic -fpie -O2 -D_LARGEFILE_SOURCE -D_FILE_OFFSET_BITS=64 -DHAVE_CONFIG_H -fstack-protector-strong -fpic -fpie -O2 -D_LARGEFILE_SOURCE -D_FILE_OFFSET_BITS=64 -D_GNU_SOURCE -DONIG_ESCAPE_UCHAR_COLLISION=1 -DUChar=OnigUChar -DZEND_ENABLE_STATIC_TSRMLS_CACHE=1 -DZEND_COMPILE_DL_EXT=1 -c /usr/src/php/ext/mbstring/libmbfl/mbfl/mbfilter.c -MMD -MF libmbfl/mbfl/mbfilter.dep -MT libmbfl/mbfl/mbfilter.lo  -fPIC -DPIC -o libmbfl/mbfl/.libs/mbfilter.o
/bin/sh /usr/src/php/ext/mbstring/libtool --tag=CC --mode=compile cc -I. -I/usr/src/php/ext/mbstring -I/usr/src/php/ext/mbstring/include -I/usr/src/php/ext/mbstring/main -I/usr/src/php/ext/mbstring -I/usr/local/include/php -I/usr/local/include/php/main -I/usr/local/include/php/TSRM -I/usr/local/include/php/Zend -I/usr/local/include/php/ext -I/usr/local/include/php/ext/date/lib -I/usr/src/php/ext/mbstring/libmbfl -I/usr/src/php/ext/mbstring/libmbfl/mbfl  -fstack-protector-strong -fpic -fpie -O2 -D_LARGEFILE_SOURCE -D_FILE_OFFSET_BITS=64 -DHAVE_CONFIG_H  -fstack-protector-strong -fpic -fpie -O2 -D_LARGEFILE_SOURCE -D_FILE_OFFSET_BITS=64 -D_GNU_SOURCE    -DONIG_ESCAPE_UCHAR_COLLISION=1 -DUChar=OnigUChar -DZEND_ENABLE_STATIC_TSRMLS_CACHE=1 -DZEND_COMPILE_DL_EXT=1 -c /usr/src/php/ext/mbstring/libmbfl/mbfl/mbfilter_8bit.c -o libmbfl/mbfl/mbfilter_8bit.lo  -MMD -MF libmbfl/mbfl/mbfilter_8bit.dep -MT libmbfl/mbfl/mbfilter_8bit.lo
 cc -I. -I/usr/src/php/ext/mbstring -I/usr/src/php/ext/mbstring/include -I/usr/src/php/ext/mbstring/main -I/usr/src/php/ext/mbstring -I/usr/local/include/php -I/usr/local/include/php/main -I/usr/local/include/php/TSRM -I/usr/local/include/php/Zend -I/usr/local/include/php/ext -I/usr/local/include/php/ext/date/lib -I/usr/src/php/ext/mbstring/libmbfl -I/usr/src/php/ext/mbstring/libmbfl/mbfl -fstack-protector-strong -fpic -fpie -O2 -D_LARGEFILE_SOURCE -D_FILE_OFFSET_BITS=64 -DHAVE_CONFIG_H -fstack-protector-strong -fpic -fpie -O2 -D_LARGEFILE_SOURCE -D_FILE_OFFSET_BITS=64 -D_GNU_SOURCE -DONIG_ESCAPE_UCHAR_COLLISION=1 -DUChar=OnigUChar -DZEND_ENABLE_STATIC_TSRMLS_CACHE=1 -DZEND_COMPILE_DL_EXT=1 -c /usr/src/php/ext/mbstring/libmbfl/mbfl/mbfilter_8bit.c -MMD -MF libmbfl/mbfl/mbfilter_8bit.dep -MT libmbfl/mbfl/mbfilter_8bit.lo  -fPIC -DPIC -o libmbfl/mbfl/.libs/mbfilter_8bit.o
/bin/sh /usr/src/php/ext/mbstring/libtool --tag=CC --mode=compile cc -I. -I/usr/src/php/ext/mbstring -I/usr/src/php/ext/mbstring/include -I/usr/src/php/ext/mbstring/main -I/usr/src/php/ext/mbstring -I/usr/local/include/php -I/usr/local/include/php/main -I/usr/local/include/php/TSRM -I/usr/local/include/php/Zend -I/usr/local/include/php/ext -I/usr/local/include/php/ext/date/lib -I/usr/src/php/ext/mbstring/libmbfl -I/usr/src/php/ext/mbstring/libmbfl/mbfl  -fstack-protector-strong -fpic -fpie -O2 -D_LARGEFILE_SOURCE -D_FILE_OFFSET_BITS=64 -DHAVE_CONFIG_H  -fstack-protector-strong -fpic -fpie -O2 -D_LARGEFILE_SOURCE -D_FILE_OFFSET_BITS=64 -D_GNU_SOURCE    -DONIG_ESCAPE_UCHAR_COLLISION=1 -DUChar=OnigUChar -DZEND_ENABLE_STATIC_TSRMLS_CACHE=1 -DZEND_COMPILE_DL_EXT=1 -c /usr/src/php/ext/mbstring/libmbfl/mbfl/mbfilter_pass.c -o libmbfl/mbfl/mbfilter_pass.lo  -MMD -MF libmbfl/mbfl/mbfilter_pass.dep -MT libmbfl/mbfl/mbfilter_pass.lo
 cc -I. -I/usr/src/php/ext/mbstring -I/usr/src/php/ext/mbstring/include -I/usr/src/php/ext/mbstring/main -I/usr/src/php/ext/mbstring -I/usr/local/include/php -I/usr/local/include/php/main -I/usr/local/include/php/TSRM -I/usr/local/include/php/Zend -I/usr/local/include/php/ext -I/usr/local/include/php/ext/date/lib -I/usr/src/php/ext/mbstring/libmbfl -I/usr/src/php/ext/mbstring/libmbfl/mbfl -fstack-protector-strong -fpic -fpie -O2 -D_LARGEFILE_SOURCE -D_FILE_OFFSET_BITS=64 -DHAVE_CONFIG_H -fstack-protector-strong -fpic -fpie -O2 -D_LARGEFILE_SOURCE -D_FILE_OFFSET_BITS=64 -D_GNU_SOURCE -DONIG_ESCAPE_UCHAR_COLLISION=1 -DUChar=OnigUChar -DZEND_ENABLE_STATIC_TSRMLS_CACHE=1 -DZEND_COMPILE_DL_EXT=1 -c /usr/src/php/ext/mbstring/libmbfl/mbfl/mbfilter_pass.c -MMD -MF libmbfl/mbfl/mbfilter_pass.dep -MT libmbfl/mbfl/mbfilter_pass.lo  -fPIC -DPIC -o libmbfl/mbfl/.libs/mbfilter_pass.o
/bin/sh /usr/src/php/ext/mbstring/libtool --tag=CC --mode=compile cc -I. -I/usr/src/php/ext/mbstring -I/usr/src/php/ext/mbstring/include -I/usr/src/php/ext/mbstring/main -I/usr/src/php/ext/mbstring -I/usr/local/include/php -I/usr/local/include/php/main -I/usr/local/include/php/TSRM -I/usr/local/include/php/Zend -I/usr/local/include/php/ext -I/usr/local/include/php/ext/date/lib -I/usr/src/php/ext/mbstring/libmbfl -I/usr/src/php/ext/mbstring/libmbfl/mbfl  -fstack-protector-strong -fpic -fpie -O2 -D_LARGEFILE_SOURCE -D_FILE_OFFSET_BITS=64 -DHAVE_CONFIG_H  -fstack-protector-strong -fpic -fpie -O2 -D_LARGEFILE_SOURCE -D_FILE_OFFSET_BITS=64 -D_GNU_SOURCE    -DONIG_ESCAPE_UCHAR_COLLISION=1 -DUChar=OnigUChar -DZEND_ENABLE_STATIC_TSRMLS_CACHE=1 -DZEND_COMPILE_DL_EXT=1 -c /usr/src/php/ext/mbstring/libmbfl/mbfl/mbfilter_wchar.c -o libmbfl/mbfl/mbfilter_wchar.lo  -MMD -MF libmbfl/mbfl/mbfilter_wchar.dep -MT libmbfl/mbfl/mbfilter_wchar.lo
 cc -I. -I/usr/src/php/ext/mbstring -I/usr/src/php/ext/mbstring/include -I/usr/src/php/ext/mbstring/main -I/usr/src/php/ext/mbstring -I/usr/local/include/php -I/usr/local/include/php/main -I/usr/local/include/php/TSRM -I/usr/local/include/php/Zend -I/usr/local/include/php/ext -I/usr/local/include/php/ext/date/lib -I/usr/src/php/ext/mbstring/libmbfl -I/usr/src/php/ext/mbstring/libmbfl/mbfl -fstack-protector-strong -fpic -fpie -O2 -D_LARGEFILE_SOURCE -D_FILE_OFFSET_BITS=64 -DHAVE_CONFIG_H -fstack-protector-strong -fpic -fpie -O2 -D_LARGEFILE_SOURCE -D_FILE_OFFSET_BITS=64 -D_GNU_SOURCE -DONIG_ESCAPE_UCHAR_COLLISION=1 -DUChar=OnigUChar -DZEND_ENABLE_STATIC_TSRMLS_CACHE=1 -DZEND_COMPILE_DL_EXT=1 -c /usr/src/php/ext/mbstring/libmbfl/mbfl/mbfilter_wchar.c -MMD -MF libmbfl/mbfl/mbfilter_wchar.dep -MT libmbfl/mbfl/mbfilter_wchar.lo  -fPIC -DPIC -o libmbfl/mbfl/.libs/mbfilter_wchar.o
/bin/sh /usr/src/php/ext/mbstring/libtool --tag=CC --mode=compile cc -I. -I/usr/src/php/ext/mbstring -I/usr/src/php/ext/mbstring/include -I/usr/src/php/ext/mbstring/main -I/usr/src/php/ext/mbstring -I/usr/local/include/php -I/usr/local/include/php/main -I/usr/local/include/php/TSRM -I/usr/local/include/php/Zend -I/usr/local/include/php/ext -I/usr/local/include/php/ext/date/lib -I/usr/src/php/ext/mbstring/libmbfl -I/usr/src/php/ext/mbstring/libmbfl/mbfl  -fstack-protector-strong -fpic -fpie -O2 -D_LARGEFILE_SOURCE -D_FILE_OFFSET_BITS=64 -DHAVE_CONFIG_H  -fstack-protector-strong -fpic -fpie -O2 -D_LARGEFILE_SOURCE -D_FILE_OFFSET_BITS=64 -D_GNU_SOURCE    -DONIG_ESCAPE_UCHAR_COLLISION=1 -DUChar=OnigUChar -DZEND_ENABLE_STATIC_TSRMLS_CACHE=1 -DZEND_COMPILE_DL_EXT=1 -c /usr/src/php/ext/mbstring/libmbfl/mbfl/mbfl_convert.c -o libmbfl/mbfl/mbfl_convert.lo  -MMD -MF libmbfl/mbfl/mbfl_convert.dep -MT libmbfl/mbfl/mbfl_convert.lo
 cc -I. -I/usr/src/php/ext/mbstring -I/usr/src/php/ext/mbstring/include -I/usr/src/php/ext/mbstring/main -I/usr/src/php/ext/mbstring -I/usr/local/include/php -I/usr/local/include/php/main -I/usr/local/include/php/TSRM -I/usr/local/include/php/Zend -I/usr/local/include/php/ext -I/usr/local/include/php/ext/date/lib -I/usr/src/php/ext/mbstring/libmbfl -I/usr/src/php/ext/mbstring/libmbfl/mbfl -fstack-protector-strong -fpic -fpie -O2 -D_LARGEFILE_SOURCE -D_FILE_OFFSET_BITS=64 -DHAVE_CONFIG_H -fstack-protector-strong -fpic -fpie -O2 -D_LARGEFILE_SOURCE -D_FILE_OFFSET_BITS=64 -D_GNU_SOURCE -DONIG_ESCAPE_UCHAR_COLLISION=1 -DUChar=OnigUChar -DZEND_ENABLE_STATIC_TSRMLS_CACHE=1 -DZEND_COMPILE_DL_EXT=1 -c /usr/src/php/ext/mbstring/libmbfl/mbfl/mbfl_convert.c -MMD -MF libmbfl/mbfl/mbfl_convert.dep -MT libmbfl/mbfl/mbfl_convert.lo  -fPIC -DPIC -o libmbfl/mbfl/.libs/mbfl_convert.o
/bin/sh /usr/src/php/ext/mbstring/libtool --tag=CC --mode=compile cc -I. -I/usr/src/php/ext/mbstring -I/usr/src/php/ext/mbstring/include -I/usr/src/php/ext/mbstring/main -I/usr/src/php/ext/mbstring -I/usr/local/include/php -I/usr/local/include/php/main -I/usr/local/include/php/TSRM -I/usr/local/include/php/Zend -I/usr/local/include/php/ext -I/usr/local/include/php/ext/date/lib -I/usr/src/php/ext/mbstring/libmbfl -I/usr/src/php/ext/mbstring/libmbfl/mbfl  -fstack-protector-strong -fpic -fpie -O2 -D_LARGEFILE_SOURCE -D_FILE_OFFSET_BITS=64 -DHAVE_CONFIG_H  -fstack-protector-strong -fpic -fpie -O2 -D_LARGEFILE_SOURCE -D_FILE_OFFSET_BITS=64 -D_GNU_SOURCE    -DONIG_ESCAPE_UCHAR_COLLISION=1 -DUChar=OnigUChar -DZEND_ENABLE_STATIC_TSRMLS_CACHE=1 -DZEND_COMPILE_DL_EXT=1 -c /usr/src/php/ext/mbstring/libmbfl/mbfl/mbfl_encoding.c -o libmbfl/mbfl/mbfl_encoding.lo  -MMD -MF libmbfl/mbfl/mbfl_encoding.dep -MT libmbfl/mbfl/mbfl_encoding.lo
 cc -I. -I/usr/src/php/ext/mbstring -I/usr/src/php/ext/mbstring/include -I/usr/src/php/ext/mbstring/main -I/usr/src/php/ext/mbstring -I/usr/local/include/php -I/usr/local/include/php/main -I/usr/local/include/php/TSRM -I/usr/local/include/php/Zend -I/usr/local/include/php/ext -I/usr/local/include/php/ext/date/lib -I/usr/src/php/ext/mbstring/libmbfl -I/usr/src/php/ext/mbstring/libmbfl/mbfl -fstack-protector-strong -fpic -fpie -O2 -D_LARGEFILE_SOURCE -D_FILE_OFFSET_BITS=64 -DHAVE_CONFIG_H -fstack-protector-strong -fpic -fpie -O2 -D_LARGEFILE_SOURCE -D_FILE_OFFSET_BITS=64 -D_GNU_SOURCE -DONIG_ESCAPE_UCHAR_COLLISION=1 -DUChar=OnigUChar -DZEND_ENABLE_STATIC_TSRMLS_CACHE=1 -DZEND_COMPILE_DL_EXT=1 -c /usr/src/php/ext/mbstring/libmbfl/mbfl/mbfl_encoding.c -MMD -MF libmbfl/mbfl/mbfl_encoding.dep -MT libmbfl/mbfl/mbfl_encoding.lo  -fPIC -DPIC -o libmbfl/mbfl/.libs/mbfl_encoding.o
/bin/sh /usr/src/php/ext/mbstring/libtool --tag=CC --mode=compile cc -I. -I/usr/src/php/ext/mbstring -I/usr/src/php/ext/mbstring/include -I/usr/src/php/ext/mbstring/main -I/usr/src/php/ext/mbstring -I/usr/local/include/php -I/usr/local/include/php/main -I/usr/local/include/php/TSRM -I/usr/local/include/php/Zend -I/usr/local/include/php/ext -I/usr/local/include/php/ext/date/lib -I/usr/src/php/ext/mbstring/libmbfl -I/usr/src/php/ext/mbstring/libmbfl/mbfl  -fstack-protector-strong -fpic -fpie -O2 -D_LARGEFILE_SOURCE -D_FILE_OFFSET_BITS=64 -DHAVE_CONFIG_H  -fstack-protector-strong -fpic -fpie -O2 -D_LARGEFILE_SOURCE -D_FILE_OFFSET_BITS=64 -D_GNU_SOURCE    -DONIG_ESCAPE_UCHAR_COLLISION=1 -DUChar=OnigUChar -DZEND_ENABLE_STATIC_TSRMLS_CACHE=1 -DZEND_COMPILE_DL_EXT=1 -c /usr/src/php/ext/mbstring/libmbfl/mbfl/mbfl_filter_output.c -o libmbfl/mbfl/mbfl_filter_output.lo  -MMD -MF libmbfl/mbfl/mbfl_filter_output.dep -MT libmbfl/mbfl/mbfl_filter_output.lo
 cc -I. -I/usr/src/php/ext/mbstring -I/usr/src/php/ext/mbstring/include -I/usr/src/php/ext/mbstring/main -I/usr/src/php/ext/mbstring -I/usr/local/include/php -I/usr/local/include/php/main -I/usr/local/include/php/TSRM -I/usr/local/include/php/Zend -I/usr/local/include/php/ext -I/usr/local/include/php/ext/date/lib -I/usr/src/php/ext/mbstring/libmbfl -I/usr/src/php/ext/mbstring/libmbfl/mbfl -fstack-protector-strong -fpic -fpie -O2 -D_LARGEFILE_SOURCE -D_FILE_OFFSET_BITS=64 -DHAVE_CONFIG_H -fstack-protector-strong -fpic -fpie -O2 -D_LARGEFILE_SOURCE -D_FILE_OFFSET_BITS=64 -D_GNU_SOURCE -DONIG_ESCAPE_UCHAR_COLLISION=1 -DUChar=OnigUChar -DZEND_ENABLE_STATIC_TSRMLS_CACHE=1 -DZEND_COMPILE_DL_EXT=1 -c /usr/src/php/ext/mbstring/libmbfl/mbfl/mbfl_filter_output.c -MMD -MF libmbfl/mbfl/mbfl_filter_output.dep -MT libmbfl/mbfl/mbfl_filter_output.lo  -fPIC -DPIC -o libmbfl/mbfl/.libs/mbfl_filter_output.o
/bin/sh /usr/src/php/ext/mbstring/libtool --tag=CC --mode=compile cc -I. -I/usr/src/php/ext/mbstring -I/usr/src/php/ext/mbstring/include -I/usr/src/php/ext/mbstring/main -I/usr/src/php/ext/mbstring -I/usr/local/include/php -I/usr/local/include/php/main -I/usr/local/include/php/TSRM -I/usr/local/include/php/Zend -I/usr/local/include/php/ext -I/usr/local/include/php/ext/date/lib -I/usr/src/php/ext/mbstring/libmbfl -I/usr/src/php/ext/mbstring/libmbfl/mbfl  -fstack-protector-strong -fpic -fpie -O2 -D_LARGEFILE_SOURCE -D_FILE_OFFSET_BITS=64 -DHAVE_CONFIG_H  -fstack-protector-strong -fpic -fpie -O2 -D_LARGEFILE_SOURCE -D_FILE_OFFSET_BITS=64 -D_GNU_SOURCE    -DONIG_ESCAPE_UCHAR_COLLISION=1 -DUChar=OnigUChar -DZEND_ENABLE_STATIC_TSRMLS_CACHE=1 -DZEND_COMPILE_DL_EXT=1 -c /usr/src/php/ext/mbstring/libmbfl/mbfl/mbfl_language.c -o libmbfl/mbfl/mbfl_language.lo  -MMD -MF libmbfl/mbfl/mbfl_language.dep -MT libmbfl/mbfl/mbfl_language.lo
 cc -I. -I/usr/src/php/ext/mbstring -I/usr/src/php/ext/mbstring/include -I/usr/src/php/ext/mbstring/main -I/usr/src/php/ext/mbstring -I/usr/local/include/php -I/usr/local/include/php/main -I/usr/local/include/php/TSRM -I/usr/local/include/php/Zend -I/usr/local/include/php/ext -I/usr/local/include/php/ext/date/lib -I/usr/src/php/ext/mbstring/libmbfl -I/usr/src/php/ext/mbstring/libmbfl/mbfl -fstack-protector-strong -fpic -fpie -O2 -D_LARGEFILE_SOURCE -D_FILE_OFFSET_BITS=64 -DHAVE_CONFIG_H -fstack-protector-strong -fpic -fpie -O2 -D_LARGEFILE_SOURCE -D_FILE_OFFSET_BITS=64 -D_GNU_SOURCE -DONIG_ESCAPE_UCHAR_COLLISION=1 -DUChar=OnigUChar -DZEND_ENABLE_STATIC_TSRMLS_CACHE=1 -DZEND_COMPILE_DL_EXT=1 -c /usr/src/php/ext/mbstring/libmbfl/mbfl/mbfl_language.c -MMD -MF libmbfl/mbfl/mbfl_language.dep -MT libmbfl/mbfl/mbfl_language.lo  -fPIC -DPIC -o libmbfl/mbfl/.libs/mbfl_language.o
/bin/sh /usr/src/php/ext/mbstring/libtool --tag=CC --mode=compile cc -I. -I/usr/src/php/ext/mbstring -I/usr/src/php/ext/mbstring/include -I/usr/src/php/ext/mbstring/main -I/usr/src/php/ext/mbstring -I/usr/local/include/php -I/usr/local/include/php/main -I/usr/local/include/php/TSRM -I/usr/local/include/php/Zend -I/usr/local/include/php/ext -I/usr/local/include/php/ext/date/lib -I/usr/src/php/ext/mbstring/libmbfl -I/usr/src/php/ext/mbstring/libmbfl/mbfl  -fstack-protector-strong -fpic -fpie -O2 -D_LARGEFILE_SOURCE -D_FILE_OFFSET_BITS=64 -DHAVE_CONFIG_H  -fstack-protector-strong -fpic -fpie -O2 -D_LARGEFILE_SOURCE -D_FILE_OFFSET_BITS=64 -D_GNU_SOURCE    -DONIG_ESCAPE_UCHAR_COLLISION=1 -DUChar=OnigUChar -DZEND_ENABLE_STATIC_TSRMLS_CACHE=1 -DZEND_COMPILE_DL_EXT=1 -c /usr/src/php/ext/mbstring/libmbfl/mbfl/mbfl_memory_device.c -o libmbfl/mbfl/mbfl_memory_device.lo  -MMD -MF libmbfl/mbfl/mbfl_memory_device.dep -MT libmbfl/mbfl/mbfl_memory_device.lo
 cc -I. -I/usr/src/php/ext/mbstring -I/usr/src/php/ext/mbstring/include -I/usr/src/php/ext/mbstring/main -I/usr/src/php/ext/mbstring -I/usr/local/include/php -I/usr/local/include/php/main -I/usr/local/include/php/TSRM -I/usr/local/include/php/Zend -I/usr/local/include/php/ext -I/usr/local/include/php/ext/date/lib -I/usr/src/php/ext/mbstring/libmbfl -I/usr/src/php/ext/mbstring/libmbfl/mbfl -fstack-protector-strong -fpic -fpie -O2 -D_LARGEFILE_SOURCE -D_FILE_OFFSET_BITS=64 -DHAVE_CONFIG_H -fstack-protector-strong -fpic -fpie -O2 -D_LARGEFILE_SOURCE -D_FILE_OFFSET_BITS=64 -D_GNU_SOURCE -DONIG_ESCAPE_UCHAR_COLLISION=1 -DUChar=OnigUChar -DZEND_ENABLE_STATIC_TSRMLS_CACHE=1 -DZEND_COMPILE_DL_EXT=1 -c /usr/src/php/ext/mbstring/libmbfl/mbfl/mbfl_memory_device.c -MMD -MF libmbfl/mbfl/mbfl_memory_device.dep -MT libmbfl/mbfl/mbfl_memory_device.lo  -fPIC -DPIC -o libmbfl/mbfl/.libs/mbfl_memory_device.o
/bin/sh /usr/src/php/ext/mbstring/libtool --tag=CC --mode=compile cc -I. -I/usr/src/php/ext/mbstring -I/usr/src/php/ext/mbstring/include -I/usr/src/php/ext/mbstring/main -I/usr/src/php/ext/mbstring -I/usr/local/include/php -I/usr/local/include/php/main -I/usr/local/include/php/TSRM -I/usr/local/include/php/Zend -I/usr/local/include/php/ext -I/usr/local/include/php/ext/date/lib -I/usr/src/php/ext/mbstring/libmbfl -I/usr/src/php/ext/mbstring/libmbfl/mbfl  -fstack-protector-strong -fpic -fpie -O2 -D_LARGEFILE_SOURCE -D_FILE_OFFSET_BITS=64 -DHAVE_CONFIG_H  -fstack-protector-strong -fpic -fpie -O2 -D_LARGEFILE_SOURCE -D_FILE_OFFSET_BITS=64 -D_GNU_SOURCE    -DONIG_ESCAPE_UCHAR_COLLISION=1 -DUChar=OnigUChar -DZEND_ENABLE_STATIC_TSRMLS_CACHE=1 -DZEND_COMPILE_DL_EXT=1 -c /usr/src/php/ext/mbstring/libmbfl/mbfl/mbfl_string.c -o libmbfl/mbfl/mbfl_string.lo  -MMD -MF libmbfl/mbfl/mbfl_string.dep -MT libmbfl/mbfl/mbfl_string.lo
 cc -I. -I/usr/src/php/ext/mbstring -I/usr/src/php/ext/mbstring/include -I/usr/src/php/ext/mbstring/main -I/usr/src/php/ext/mbstring -I/usr/local/include/php -I/usr/local/include/php/main -I/usr/local/include/php/TSRM -I/usr/local/include/php/Zend -I/usr/local/include/php/ext -I/usr/local/include/php/ext/date/lib -I/usr/src/php/ext/mbstring/libmbfl -I/usr/src/php/ext/mbstring/libmbfl/mbfl -fstack-protector-strong -fpic -fpie -O2 -D_LARGEFILE_SOURCE -D_FILE_OFFSET_BITS=64 -DHAVE_CONFIG_H -fstack-protector-strong -fpic -fpie -O2 -D_LARGEFILE_SOURCE -D_FILE_OFFSET_BITS=64 -D_GNU_SOURCE -DONIG_ESCAPE_UCHAR_COLLISION=1 -DUChar=OnigUChar -DZEND_ENABLE_STATIC_TSRMLS_CACHE=1 -DZEND_COMPILE_DL_EXT=1 -c /usr/src/php/ext/mbstring/libmbfl/mbfl/mbfl_string.c -MMD -MF libmbfl/mbfl/mbfl_string.dep -MT libmbfl/mbfl/mbfl_string.lo  -fPIC -DPIC -o libmbfl/mbfl/.libs/mbfl_string.o
/bin/sh /usr/src/php/ext/mbstring/libtool --tag=CC --mode=compile cc -I. -I/usr/src/php/ext/mbstring -I/usr/src/php/ext/mbstring/include -I/usr/src/php/ext/mbstring/main -I/usr/src/php/ext/mbstring -I/usr/local/include/php -I/usr/local/include/php/main -I/usr/local/include/php/TSRM -I/usr/local/include/php/Zend -I/usr/local/include/php/ext -I/usr/local/include/php/ext/date/lib -I/usr/src/php/ext/mbstring/libmbfl -I/usr/src/php/ext/mbstring/libmbfl/mbfl  -fstack-protector-strong -fpic -fpie -O2 -D_LARGEFILE_SOURCE -D_FILE_OFFSET_BITS=64 -DHAVE_CONFIG_H  -fstack-protector-strong -fpic -fpie -O2 -D_LARGEFILE_SOURCE -D_FILE_OFFSET_BITS=64 -D_GNU_SOURCE    -DONIG_ESCAPE_UCHAR_COLLISION=1 -DUChar=OnigUChar -DZEND_ENABLE_STATIC_TSRMLS_CACHE=1 -DZEND_COMPILE_DL_EXT=1 -c /usr/src/php/ext/mbstring/libmbfl/nls/nls_de.c -o libmbfl/nls/nls_de.lo  -MMD -MF libmbfl/nls/nls_de.dep -MT libmbfl/nls/nls_de.lo
mkdir libmbfl/nls/.libs
 cc -I. -I/usr/src/php/ext/mbstring -I/usr/src/php/ext/mbstring/include -I/usr/src/php/ext/mbstring/main -I/usr/src/php/ext/mbstring -I/usr/local/include/php -I/usr/local/include/php/main -I/usr/local/include/php/TSRM -I/usr/local/include/php/Zend -I/usr/local/include/php/ext -I/usr/local/include/php/ext/date/lib -I/usr/src/php/ext/mbstring/libmbfl -I/usr/src/php/ext/mbstring/libmbfl/mbfl -fstack-protector-strong -fpic -fpie -O2 -D_LARGEFILE_SOURCE -D_FILE_OFFSET_BITS=64 -DHAVE_CONFIG_H -fstack-protector-strong -fpic -fpie -O2 -D_LARGEFILE_SOURCE -D_FILE_OFFSET_BITS=64 -D_GNU_SOURCE -DONIG_ESCAPE_UCHAR_COLLISION=1 -DUChar=OnigUChar -DZEND_ENABLE_STATIC_TSRMLS_CACHE=1 -DZEND_COMPILE_DL_EXT=1 -c /usr/src/php/ext/mbstring/libmbfl/nls/nls_de.c -MMD -MF libmbfl/nls/nls_de.dep -MT libmbfl/nls/nls_de.lo  -fPIC -DPIC -o libmbfl/nls/.libs/nls_de.o
/bin/sh /usr/src/php/ext/mbstring/libtool --tag=CC --mode=compile cc -I. -I/usr/src/php/ext/mbstring -I/usr/src/php/ext/mbstring/include -I/usr/src/php/ext/mbstring/main -I/usr/src/php/ext/mbstring -I/usr/local/include/php -I/usr/local/include/php/main -I/usr/local/include/php/TSRM -I/usr/local/include/php/Zend -I/usr/local/include/php/ext -I/usr/local/include/php/ext/date/lib -I/usr/src/php/ext/mbstring/libmbfl -I/usr/src/php/ext/mbstring/libmbfl/mbfl  -fstack-protector-strong -fpic -fpie -O2 -D_LARGEFILE_SOURCE -D_FILE_OFFSET_BITS=64 -DHAVE_CONFIG_H  -fstack-protector-strong -fpic -fpie -O2 -D_LARGEFILE_SOURCE -D_FILE_OFFSET_BITS=64 -D_GNU_SOURCE    -DONIG_ESCAPE_UCHAR_COLLISION=1 -DUChar=OnigUChar -DZEND_ENABLE_STATIC_TSRMLS_CACHE=1 -DZEND_COMPILE_DL_EXT=1 -c /usr/src/php/ext/mbstring/libmbfl/nls/nls_en.c -o libmbfl/nls/nls_en.lo  -MMD -MF libmbfl/nls/nls_en.dep -MT libmbfl/nls/nls_en.lo
 cc -I. -I/usr/src/php/ext/mbstring -I/usr/src/php/ext/mbstring/include -I/usr/src/php/ext/mbstring/main -I/usr/src/php/ext/mbstring -I/usr/local/include/php -I/usr/local/include/php/main -I/usr/local/include/php/TSRM -I/usr/local/include/php/Zend -I/usr/local/include/php/ext -I/usr/local/include/php/ext/date/lib -I/usr/src/php/ext/mbstring/libmbfl -I/usr/src/php/ext/mbstring/libmbfl/mbfl -fstack-protector-strong -fpic -fpie -O2 -D_LARGEFILE_SOURCE -D_FILE_OFFSET_BITS=64 -DHAVE_CONFIG_H -fstack-protector-strong -fpic -fpie -O2 -D_LARGEFILE_SOURCE -D_FILE_OFFSET_BITS=64 -D_GNU_SOURCE -DONIG_ESCAPE_UCHAR_COLLISION=1 -DUChar=OnigUChar -DZEND_ENABLE_STATIC_TSRMLS_CACHE=1 -DZEND_COMPILE_DL_EXT=1 -c /usr/src/php/ext/mbstring/libmbfl/nls/nls_en.c -MMD -MF libmbfl/nls/nls_en.dep -MT libmbfl/nls/nls_en.lo  -fPIC -DPIC -o libmbfl/nls/.libs/nls_en.o
/bin/sh /usr/src/php/ext/mbstring/libtool --tag=CC --mode=compile cc -I. -I/usr/src/php/ext/mbstring -I/usr/src/php/ext/mbstring/include -I/usr/src/php/ext/mbstring/main -I/usr/src/php/ext/mbstring -I/usr/local/include/php -I/usr/local/include/php/main -I/usr/local/include/php/TSRM -I/usr/local/include/php/Zend -I/usr/local/include/php/ext -I/usr/local/include/php/ext/date/lib -I/usr/src/php/ext/mbstring/libmbfl -I/usr/src/php/ext/mbstring/libmbfl/mbfl  -fstack-protector-strong -fpic -fpie -O2 -D_LARGEFILE_SOURCE -D_FILE_OFFSET_BITS=64 -DHAVE_CONFIG_H  -fstack-protector-strong -fpic -fpie -O2 -D_LARGEFILE_SOURCE -D_FILE_OFFSET_BITS=64 -D_GNU_SOURCE    -DONIG_ESCAPE_UCHAR_COLLISION=1 -DUChar=OnigUChar -DZEND_ENABLE_STATIC_TSRMLS_CACHE=1 -DZEND_COMPILE_DL_EXT=1 -c /usr/src/php/ext/mbstring/libmbfl/nls/nls_ja.c -o libmbfl/nls/nls_ja.lo  -MMD -MF libmbfl/nls/nls_ja.dep -MT libmbfl/nls/nls_ja.lo
 cc -I. -I/usr/src/php/ext/mbstring -I/usr/src/php/ext/mbstring/include -I/usr/src/php/ext/mbstring/main -I/usr/src/php/ext/mbstring -I/usr/local/include/php -I/usr/local/include/php/main -I/usr/local/include/php/TSRM -I/usr/local/include/php/Zend -I/usr/local/include/php/ext -I/usr/local/include/php/ext/date/lib -I/usr/src/php/ext/mbstring/libmbfl -I/usr/src/php/ext/mbstring/libmbfl/mbfl -fstack-protector-strong -fpic -fpie -O2 -D_LARGEFILE_SOURCE -D_FILE_OFFSET_BITS=64 -DHAVE_CONFIG_H -fstack-protector-strong -fpic -fpie -O2 -D_LARGEFILE_SOURCE -D_FILE_OFFSET_BITS=64 -D_GNU_SOURCE -DONIG_ESCAPE_UCHAR_COLLISION=1 -DUChar=OnigUChar -DZEND_ENABLE_STATIC_TSRMLS_CACHE=1 -DZEND_COMPILE_DL_EXT=1 -c /usr/src/php/ext/mbstring/libmbfl/nls/nls_ja.c -MMD -MF libmbfl/nls/nls_ja.dep -MT libmbfl/nls/nls_ja.lo  -fPIC -DPIC -o libmbfl/nls/.libs/nls_ja.o
/bin/sh /usr/src/php/ext/mbstring/libtool --tag=CC --mode=compile cc -I. -I/usr/src/php/ext/mbstring -I/usr/src/php/ext/mbstring/include -I/usr/src/php/ext/mbstring/main -I/usr/src/php/ext/mbstring -I/usr/local/include/php -I/usr/local/include/php/main -I/usr/local/include/php/TSRM -I/usr/local/include/php/Zend -I/usr/local/include/php/ext -I/usr/local/include/php/ext/date/lib -I/usr/src/php/ext/mbstring/libmbfl -I/usr/src/php/ext/mbstring/libmbfl/mbfl  -fstack-protector-strong -fpic -fpie -O2 -D_LARGEFILE_SOURCE -D_FILE_OFFSET_BITS=64 -DHAVE_CONFIG_H  -fstack-protector-strong -fpic -fpie -O2 -D_LARGEFILE_SOURCE -D_FILE_OFFSET_BITS=64 -D_GNU_SOURCE    -DONIG_ESCAPE_UCHAR_COLLISION=1 -DUChar=OnigUChar -DZEND_ENABLE_STATIC_TSRMLS_CACHE=1 -DZEND_COMPILE_DL_EXT=1 -c /usr/src/php/ext/mbstring/libmbfl/nls/nls_kr.c -o libmbfl/nls/nls_kr.lo  -MMD -MF libmbfl/nls/nls_kr.dep -MT libmbfl/nls/nls_kr.lo
 cc -I. -I/usr/src/php/ext/mbstring -I/usr/src/php/ext/mbstring/include -I/usr/src/php/ext/mbstring/main -I/usr/src/php/ext/mbstring -I/usr/local/include/php -I/usr/local/include/php/main -I/usr/local/include/php/TSRM -I/usr/local/include/php/Zend -I/usr/local/include/php/ext -I/usr/local/include/php/ext/date/lib -I/usr/src/php/ext/mbstring/libmbfl -I/usr/src/php/ext/mbstring/libmbfl/mbfl -fstack-protector-strong -fpic -fpie -O2 -D_LARGEFILE_SOURCE -D_FILE_OFFSET_BITS=64 -DHAVE_CONFIG_H -fstack-protector-strong -fpic -fpie -O2 -D_LARGEFILE_SOURCE -D_FILE_OFFSET_BITS=64 -D_GNU_SOURCE -DONIG_ESCAPE_UCHAR_COLLISION=1 -DUChar=OnigUChar -DZEND_ENABLE_STATIC_TSRMLS_CACHE=1 -DZEND_COMPILE_DL_EXT=1 -c /usr/src/php/ext/mbstring/libmbfl/nls/nls_kr.c -MMD -MF libmbfl/nls/nls_kr.dep -MT libmbfl/nls/nls_kr.lo  -fPIC -DPIC -o libmbfl/nls/.libs/nls_kr.o
/bin/sh /usr/src/php/ext/mbstring/libtool --tag=CC --mode=compile cc -I. -I/usr/src/php/ext/mbstring -I/usr/src/php/ext/mbstring/include -I/usr/src/php/ext/mbstring/main -I/usr/src/php/ext/mbstring -I/usr/local/include/php -I/usr/local/include/php/main -I/usr/local/include/php/TSRM -I/usr/local/include/php/Zend -I/usr/local/include/php/ext -I/usr/local/include/php/ext/date/lib -I/usr/src/php/ext/mbstring/libmbfl -I/usr/src/php/ext/mbstring/libmbfl/mbfl  -fstack-protector-strong -fpic -fpie -O2 -D_LARGEFILE_SOURCE -D_FILE_OFFSET_BITS=64 -DHAVE_CONFIG_H  -fstack-protector-strong -fpic -fpie -O2 -D_LARGEFILE_SOURCE -D_FILE_OFFSET_BITS=64 -D_GNU_SOURCE    -DONIG_ESCAPE_UCHAR_COLLISION=1 -DUChar=OnigUChar -DZEND_ENABLE_STATIC_TSRMLS_CACHE=1 -DZEND_COMPILE_DL_EXT=1 -c /usr/src/php/ext/mbstring/libmbfl/nls/nls_neutral.c -o libmbfl/nls/nls_neutral.lo  -MMD -MF libmbfl/nls/nls_neutral.dep -MT libmbfl/nls/nls_neutral.lo
 cc -I. -I/usr/src/php/ext/mbstring -I/usr/src/php/ext/mbstring/include -I/usr/src/php/ext/mbstring/main -I/usr/src/php/ext/mbstring -I/usr/local/include/php -I/usr/local/include/php/main -I/usr/local/include/php/TSRM -I/usr/local/include/php/Zend -I/usr/local/include/php/ext -I/usr/local/include/php/ext/date/lib -I/usr/src/php/ext/mbstring/libmbfl -I/usr/src/php/ext/mbstring/libmbfl/mbfl -fstack-protector-strong -fpic -fpie -O2 -D_LARGEFILE_SOURCE -D_FILE_OFFSET_BITS=64 -DHAVE_CONFIG_H -fstack-protector-strong -fpic -fpie -O2 -D_LARGEFILE_SOURCE -D_FILE_OFFSET_BITS=64 -D_GNU_SOURCE -DONIG_ESCAPE_UCHAR_COLLISION=1 -DUChar=OnigUChar -DZEND_ENABLE_STATIC_TSRMLS_CACHE=1 -DZEND_COMPILE_DL_EXT=1 -c /usr/src/php/ext/mbstring/libmbfl/nls/nls_neutral.c -MMD -MF libmbfl/nls/nls_neutral.dep -MT libmbfl/nls/nls_neutral.lo  -fPIC -DPIC -o libmbfl/nls/.libs/nls_neutral.o
/bin/sh /usr/src/php/ext/mbstring/libtool --tag=CC --mode=compile cc -I. -I/usr/src/php/ext/mbstring -I/usr/src/php/ext/mbstring/include -I/usr/src/php/ext/mbstring/main -I/usr/src/php/ext/mbstring -I/usr/local/include/php -I/usr/local/include/php/main -I/usr/local/include/php/TSRM -I/usr/local/include/php/Zend -I/usr/local/include/php/ext -I/usr/local/include/php/ext/date/lib -I/usr/src/php/ext/mbstring/libmbfl -I/usr/src/php/ext/mbstring/libmbfl/mbfl  -fstack-protector-strong -fpic -fpie -O2 -D_LARGEFILE_SOURCE -D_FILE_OFFSET_BITS=64 -DHAVE_CONFIG_H  -fstack-protector-strong -fpic -fpie -O2 -D_LARGEFILE_SOURCE -D_FILE_OFFSET_BITS=64 -D_GNU_SOURCE    -DONIG_ESCAPE_UCHAR_COLLISION=1 -DUChar=OnigUChar -DZEND_ENABLE_STATIC_TSRMLS_CACHE=1 -DZEND_COMPILE_DL_EXT=1 -c /usr/src/php/ext/mbstring/libmbfl/nls/nls_ru.c -o libmbfl/nls/nls_ru.lo  -MMD -MF libmbfl/nls/nls_ru.dep -MT libmbfl/nls/nls_ru.lo
 cc -I. -I/usr/src/php/ext/mbstring -I/usr/src/php/ext/mbstring/include -I/usr/src/php/ext/mbstring/main -I/usr/src/php/ext/mbstring -I/usr/local/include/php -I/usr/local/include/php/main -I/usr/local/include/php/TSRM -I/usr/local/include/php/Zend -I/usr/local/include/php/ext -I/usr/local/include/php/ext/date/lib -I/usr/src/php/ext/mbstring/libmbfl -I/usr/src/php/ext/mbstring/libmbfl/mbfl -fstack-protector-strong -fpic -fpie -O2 -D_LARGEFILE_SOURCE -D_FILE_OFFSET_BITS=64 -DHAVE_CONFIG_H -fstack-protector-strong -fpic -fpie -O2 -D_LARGEFILE_SOURCE -D_FILE_OFFSET_BITS=64 -D_GNU_SOURCE -DONIG_ESCAPE_UCHAR_COLLISION=1 -DUChar=OnigUChar -DZEND_ENABLE_STATIC_TSRMLS_CACHE=1 -DZEND_COMPILE_DL_EXT=1 -c /usr/src/php/ext/mbstring/libmbfl/nls/nls_ru.c -MMD -MF libmbfl/nls/nls_ru.dep -MT libmbfl/nls/nls_ru.lo  -fPIC -DPIC -o libmbfl/nls/.libs/nls_ru.o
/bin/sh /usr/src/php/ext/mbstring/libtool --tag=CC --mode=compile cc -I. -I/usr/src/php/ext/mbstring -I/usr/src/php/ext/mbstring/include -I/usr/src/php/ext/mbstring/main -I/usr/src/php/ext/mbstring -I/usr/local/include/php -I/usr/local/include/php/main -I/usr/local/include/php/TSRM -I/usr/local/include/php/Zend -I/usr/local/include/php/ext -I/usr/local/include/php/ext/date/lib -I/usr/src/php/ext/mbstring/libmbfl -I/usr/src/php/ext/mbstring/libmbfl/mbfl  -fstack-protector-strong -fpic -fpie -O2 -D_LARGEFILE_SOURCE -D_FILE_OFFSET_BITS=64 -DHAVE_CONFIG_H  -fstack-protector-strong -fpic -fpie -O2 -D_LARGEFILE_SOURCE -D_FILE_OFFSET_BITS=64 -D_GNU_SOURCE    -DONIG_ESCAPE_UCHAR_COLLISION=1 -DUChar=OnigUChar -DZEND_ENABLE_STATIC_TSRMLS_CACHE=1 -DZEND_COMPILE_DL_EXT=1 -c /usr/src/php/ext/mbstring/libmbfl/nls/nls_uni.c -o libmbfl/nls/nls_uni.lo  -MMD -MF libmbfl/nls/nls_uni.dep -MT libmbfl/nls/nls_uni.lo
 cc -I. -I/usr/src/php/ext/mbstring -I/usr/src/php/ext/mbstring/include -I/usr/src/php/ext/mbstring/main -I/usr/src/php/ext/mbstring -I/usr/local/include/php -I/usr/local/include/php/main -I/usr/local/include/php/TSRM -I/usr/local/include/php/Zend -I/usr/local/include/php/ext -I/usr/local/include/php/ext/date/lib -I/usr/src/php/ext/mbstring/libmbfl -I/usr/src/php/ext/mbstring/libmbfl/mbfl -fstack-protector-strong -fpic -fpie -O2 -D_LARGEFILE_SOURCE -D_FILE_OFFSET_BITS=64 -DHAVE_CONFIG_H -fstack-protector-strong -fpic -fpie -O2 -D_LARGEFILE_SOURCE -D_FILE_OFFSET_BITS=64 -D_GNU_SOURCE -DONIG_ESCAPE_UCHAR_COLLISION=1 -DUChar=OnigUChar -DZEND_ENABLE_STATIC_TSRMLS_CACHE=1 -DZEND_COMPILE_DL_EXT=1 -c /usr/src/php/ext/mbstring/libmbfl/nls/nls_uni.c -MMD -MF libmbfl/nls/nls_uni.dep -MT libmbfl/nls/nls_uni.lo  -fPIC -DPIC -o libmbfl/nls/.libs/nls_uni.o
/bin/sh /usr/src/php/ext/mbstring/libtool --tag=CC --mode=compile cc -I. -I/usr/src/php/ext/mbstring -I/usr/src/php/ext/mbstring/include -I/usr/src/php/ext/mbstring/main -I/usr/src/php/ext/mbstring -I/usr/local/include/php -I/usr/local/include/php/main -I/usr/local/include/php/TSRM -I/usr/local/include/php/Zend -I/usr/local/include/php/ext -I/usr/local/include/php/ext/date/lib -I/usr/src/php/ext/mbstring/libmbfl -I/usr/src/php/ext/mbstring/libmbfl/mbfl  -fstack-protector-strong -fpic -fpie -O2 -D_LARGEFILE_SOURCE -D_FILE_OFFSET_BITS=64 -DHAVE_CONFIG_H  -fstack-protector-strong -fpic -fpie -O2 -D_LARGEFILE_SOURCE -D_FILE_OFFSET_BITS=64 -D_GNU_SOURCE    -DONIG_ESCAPE_UCHAR_COLLISION=1 -DUChar=OnigUChar -DZEND_ENABLE_STATIC_TSRMLS_CACHE=1 -DZEND_COMPILE_DL_EXT=1 -c /usr/src/php/ext/mbstring/libmbfl/nls/nls_zh.c -o libmbfl/nls/nls_zh.lo  -MMD -MF libmbfl/nls/nls_zh.dep -MT libmbfl/nls/nls_zh.lo
 cc -I. -I/usr/src/php/ext/mbstring -I/usr/src/php/ext/mbstring/include -I/usr/src/php/ext/mbstring/main -I/usr/src/php/ext/mbstring -I/usr/local/include/php -I/usr/local/include/php/main -I/usr/local/include/php/TSRM -I/usr/local/include/php/Zend -I/usr/local/include/php/ext -I/usr/local/include/php/ext/date/lib -I/usr/src/php/ext/mbstring/libmbfl -I/usr/src/php/ext/mbstring/libmbfl/mbfl -fstack-protector-strong -fpic -fpie -O2 -D_LARGEFILE_SOURCE -D_FILE_OFFSET_BITS=64 -DHAVE_CONFIG_H -fstack-protector-strong -fpic -fpie -O2 -D_LARGEFILE_SOURCE -D_FILE_OFFSET_BITS=64 -D_GNU_SOURCE -DONIG_ESCAPE_UCHAR_COLLISION=1 -DUChar=OnigUChar -DZEND_ENABLE_STATIC_TSRMLS_CACHE=1 -DZEND_COMPILE_DL_EXT=1 -c /usr/src/php/ext/mbstring/libmbfl/nls/nls_zh.c -MMD -MF libmbfl/nls/nls_zh.dep -MT libmbfl/nls/nls_zh.lo  -fPIC -DPIC -o libmbfl/nls/.libs/nls_zh.o
/bin/sh /usr/src/php/ext/mbstring/libtool --tag=CC --mode=compile cc -I. -I/usr/src/php/ext/mbstring -I/usr/src/php/ext/mbstring/include -I/usr/src/php/ext/mbstring/main -I/usr/src/php/ext/mbstring -I/usr/local/include/php -I/usr/local/include/php/main -I/usr/local/include/php/TSRM -I/usr/local/include/php/Zend -I/usr/local/include/php/ext -I/usr/local/include/php/ext/date/lib -I/usr/src/php/ext/mbstring/libmbfl -I/usr/src/php/ext/mbstring/libmbfl/mbfl  -fstack-protector-strong -fpic -fpie -O2 -D_LARGEFILE_SOURCE -D_FILE_OFFSET_BITS=64 -DHAVE_CONFIG_H  -fstack-protector-strong -fpic -fpie -O2 -D_LARGEFILE_SOURCE -D_FILE_OFFSET_BITS=64 -D_GNU_SOURCE    -DONIG_ESCAPE_UCHAR_COLLISION=1 -DUChar=OnigUChar -DZEND_ENABLE_STATIC_TSRMLS_CACHE=1 -DZEND_COMPILE_DL_EXT=1 -c /usr/src/php/ext/mbstring/libmbfl/nls/nls_hy.c -o libmbfl/nls/nls_hy.lo  -MMD -MF libmbfl/nls/nls_hy.dep -MT libmbfl/nls/nls_hy.lo
 cc -I. -I/usr/src/php/ext/mbstring -I/usr/src/php/ext/mbstring/include -I/usr/src/php/ext/mbstring/main -I/usr/src/php/ext/mbstring -I/usr/local/include/php -I/usr/local/include/php/main -I/usr/local/include/php/TSRM -I/usr/local/include/php/Zend -I/usr/local/include/php/ext -I/usr/local/include/php/ext/date/lib -I/usr/src/php/ext/mbstring/libmbfl -I/usr/src/php/ext/mbstring/libmbfl/mbfl -fstack-protector-strong -fpic -fpie -O2 -D_LARGEFILE_SOURCE -D_FILE_OFFSET_BITS=64 -DHAVE_CONFIG_H -fstack-protector-strong -fpic -fpie -O2 -D_LARGEFILE_SOURCE -D_FILE_OFFSET_BITS=64 -D_GNU_SOURCE -DONIG_ESCAPE_UCHAR_COLLISION=1 -DUChar=OnigUChar -DZEND_ENABLE_STATIC_TSRMLS_CACHE=1 -DZEND_COMPILE_DL_EXT=1 -c /usr/src/php/ext/mbstring/libmbfl/nls/nls_hy.c -MMD -MF libmbfl/nls/nls_hy.dep -MT libmbfl/nls/nls_hy.lo  -fPIC -DPIC -o libmbfl/nls/.libs/nls_hy.o
/bin/sh /usr/src/php/ext/mbstring/libtool --tag=CC --mode=compile cc -I. -I/usr/src/php/ext/mbstring -I/usr/src/php/ext/mbstring/include -I/usr/src/php/ext/mbstring/main -I/usr/src/php/ext/mbstring -I/usr/local/include/php -I/usr/local/include/php/main -I/usr/local/include/php/TSRM -I/usr/local/include/php/Zend -I/usr/local/include/php/ext -I/usr/local/include/php/ext/date/lib -I/usr/src/php/ext/mbstring/libmbfl -I/usr/src/php/ext/mbstring/libmbfl/mbfl  -fstack-protector-strong -fpic -fpie -O2 -D_LARGEFILE_SOURCE -D_FILE_OFFSET_BITS=64 -DHAVE_CONFIG_H  -fstack-protector-strong -fpic -fpie -O2 -D_LARGEFILE_SOURCE -D_FILE_OFFSET_BITS=64 -D_GNU_SOURCE    -DONIG_ESCAPE_UCHAR_COLLISION=1 -DUChar=OnigUChar -DZEND_ENABLE_STATIC_TSRMLS_CACHE=1 -DZEND_COMPILE_DL_EXT=1 -c /usr/src/php/ext/mbstring/libmbfl/nls/nls_tr.c -o libmbfl/nls/nls_tr.lo  -MMD -MF libmbfl/nls/nls_tr.dep -MT libmbfl/nls/nls_tr.lo
 cc -I. -I/usr/src/php/ext/mbstring -I/usr/src/php/ext/mbstring/include -I/usr/src/php/ext/mbstring/main -I/usr/src/php/ext/mbstring -I/usr/local/include/php -I/usr/local/include/php/main -I/usr/local/include/php/TSRM -I/usr/local/include/php/Zend -I/usr/local/include/php/ext -I/usr/local/include/php/ext/date/lib -I/usr/src/php/ext/mbstring/libmbfl -I/usr/src/php/ext/mbstring/libmbfl/mbfl -fstack-protector-strong -fpic -fpie -O2 -D_LARGEFILE_SOURCE -D_FILE_OFFSET_BITS=64 -DHAVE_CONFIG_H -fstack-protector-strong -fpic -fpie -O2 -D_LARGEFILE_SOURCE -D_FILE_OFFSET_BITS=64 -D_GNU_SOURCE -DONIG_ESCAPE_UCHAR_COLLISION=1 -DUChar=OnigUChar -DZEND_ENABLE_STATIC_TSRMLS_CACHE=1 -DZEND_COMPILE_DL_EXT=1 -c /usr/src/php/ext/mbstring/libmbfl/nls/nls_tr.c -MMD -MF libmbfl/nls/nls_tr.dep -MT libmbfl/nls/nls_tr.lo  -fPIC -DPIC -o libmbfl/nls/.libs/nls_tr.o
/bin/sh /usr/src/php/ext/mbstring/libtool --tag=CC --mode=compile cc -I. -I/usr/src/php/ext/mbstring -I/usr/src/php/ext/mbstring/include -I/usr/src/php/ext/mbstring/main -I/usr/src/php/ext/mbstring -I/usr/local/include/php -I/usr/local/include/php/main -I/usr/local/include/php/TSRM -I/usr/local/include/php/Zend -I/usr/local/include/php/ext -I/usr/local/include/php/ext/date/lib -I/usr/src/php/ext/mbstring/libmbfl -I/usr/src/php/ext/mbstring/libmbfl/mbfl  -fstack-protector-strong -fpic -fpie -O2 -D_LARGEFILE_SOURCE -D_FILE_OFFSET_BITS=64 -DHAVE_CONFIG_H  -fstack-protector-strong -fpic -fpie -O2 -D_LARGEFILE_SOURCE -D_FILE_OFFSET_BITS=64 -D_GNU_SOURCE    -DONIG_ESCAPE_UCHAR_COLLISION=1 -DUChar=OnigUChar -DZEND_ENABLE_STATIC_TSRMLS_CACHE=1 -DZEND_COMPILE_DL_EXT=1 -c /usr/src/php/ext/mbstring/libmbfl/nls/nls_ua.c -o libmbfl/nls/nls_ua.lo  -MMD -MF libmbfl/nls/nls_ua.dep -MT libmbfl/nls/nls_ua.lo
 cc -I. -I/usr/src/php/ext/mbstring -I/usr/src/php/ext/mbstring/include -I/usr/src/php/ext/mbstring/main -I/usr/src/php/ext/mbstring -I/usr/local/include/php -I/usr/local/include/php/main -I/usr/local/include/php/TSRM -I/usr/local/include/php/Zend -I/usr/local/include/php/ext -I/usr/local/include/php/ext/date/lib -I/usr/src/php/ext/mbstring/libmbfl -I/usr/src/php/ext/mbstring/libmbfl/mbfl -fstack-protector-strong -fpic -fpie -O2 -D_LARGEFILE_SOURCE -D_FILE_OFFSET_BITS=64 -DHAVE_CONFIG_H -fstack-protector-strong -fpic -fpie -O2 -D_LARGEFILE_SOURCE -D_FILE_OFFSET_BITS=64 -D_GNU_SOURCE -DONIG_ESCAPE_UCHAR_COLLISION=1 -DUChar=OnigUChar -DZEND_ENABLE_STATIC_TSRMLS_CACHE=1 -DZEND_COMPILE_DL_EXT=1 -c /usr/src/php/ext/mbstring/libmbfl/nls/nls_ua.c -MMD -MF libmbfl/nls/nls_ua.dep -MT libmbfl/nls/nls_ua.lo  -fPIC -DPIC -o libmbfl/nls/.libs/nls_ua.o
/bin/sh /usr/src/php/ext/mbstring/libtool --tag=CC --mode=link cc -shared -I/usr/src/php/ext/mbstring/include -I/usr/src/php/ext/mbstring/main -I/usr/src/php/ext/mbstring -I/usr/local/include/php -I/usr/local/include/php/main -I/usr/local/include/php/TSRM -I/usr/local/include/php/Zend -I/usr/local/include/php/ext -I/usr/local/include/php/ext/date/lib -I/usr/src/php/ext/mbstring/libmbfl -I/usr/src/php/ext/mbstring/libmbfl/mbfl  -fstack-protector-strong -fpic -fpie -O2 -D_LARGEFILE_SOURCE -D_FILE_OFFSET_BITS=64 -DHAVE_CONFIG_H  -fstack-protector-strong -fpic -fpie -O2 -D_LARGEFILE_SOURCE -D_FILE_OFFSET_BITS=64 -D_GNU_SOURCE  -Wl,-O1 -pie  -o mbstring.la -export-dynamic -avoid-version -prefer-pic -module -rpath /usr/src/php/ext/mbstring/modules  mbstring.lo php_unicode.lo mb_gpc.lo php_mbregex.lo libmbfl/filters/html_entities.lo libmbfl/filters/mbfilter_7bit.lo libmbfl/filters/mbfilter_base64.lo libmbfl/filters/mbfilter_big5.lo libmbfl/filters/mbfilter_cp5022x.lo libmbfl/filters/mbfilter_cp51932.lo libmbfl/filters/mbfilter_cp932.lo libmbfl/filters/mbfilter_cp936.lo libmbfl/filters/mbfilter_gb18030.lo libmbfl/filters/mbfilter_euc_cn.lo libmbfl/filters/mbfilter_euc_jp.lo libmbfl/filters/mbfilter_euc_jp_win.lo libmbfl/filters/mbfilter_euc_kr.lo libmbfl/filters/mbfilter_euc_tw.lo libmbfl/filters/mbfilter_htmlent.lo libmbfl/filters/mbfilter_hz.lo libmbfl/filters/mbfilter_iso2022_jp_ms.lo libmbfl/filters/mbfilter_iso2022jp_mobile.lo libmbfl/filters/mbfilter_iso2022_kr.lo libmbfl/filters/mbfilter_jis.lo libmbfl/filters/mbfilter_qprint.lo libmbfl/filters/mbfilter_singlebyte.lo libmbfl/filters/mbfilter_sjis.lo libmbfl/filters/mbfilter_sjis_mobile.lo libmbfl/filters/mbfilter_sjis_mac.lo libmbfl/filters/mbfilter_sjis_2004.lo libmbfl/filters/mbfilter_ucs2.lo libmbfl/filters/mbfilter_ucs4.lo libmbfl/filters/mbfilter_uhc.lo libmbfl/filters/mbfilter_utf16.lo libmbfl/filters/mbfilter_utf32.lo libmbfl/filters/mbfilter_utf7.lo libmbfl/filters/mbfilter_utf7imap.lo libmbfl/filters/mbfilter_utf8.lo libmbfl/filters/mbfilter_utf8_mobile.lo libmbfl/filters/mbfilter_uuencode.lo libmbfl/mbfl/mbfilter.lo libmbfl/mbfl/mbfilter_8bit.lo libmbfl/mbfl/mbfilter_pass.lo libmbfl/mbfl/mbfilter_wchar.lo libmbfl/mbfl/mbfl_convert.lo libmbfl/mbfl/mbfl_encoding.lo libmbfl/mbfl/mbfl_filter_output.lo libmbfl/mbfl/mbfl_language.lo libmbfl/mbfl/mbfl_memory_device.lo libmbfl/mbfl/mbfl_string.lo libmbfl/nls/nls_de.lo libmbfl/nls/nls_en.lo libmbfl/nls/nls_ja.lo libmbfl/nls/nls_kr.lo libmbfl/nls/nls_neutral.lo libmbfl/nls/nls_ru.lo libmbfl/nls/nls_uni.lo libmbfl/nls/nls_zh.lo libmbfl/nls/nls_hy.lo libmbfl/nls/nls_tr.lo libmbfl/nls/nls_ua.lo -lonig
cc -shared  .libs/mbstring.o .libs/php_unicode.o .libs/mb_gpc.o .libs/php_mbregex.o libmbfl/filters/.libs/html_entities.o libmbfl/filters/.libs/mbfilter_7bit.o libmbfl/filters/.libs/mbfilter_base64.o libmbfl/filters/.libs/mbfilter_big5.o libmbfl/filters/.libs/mbfilter_cp5022x.o libmbfl/filters/.libs/mbfilter_cp51932.o libmbfl/filters/.libs/mbfilter_cp932.o libmbfl/filters/.libs/mbfilter_cp936.o libmbfl/filters/.libs/mbfilter_gb18030.o libmbfl/filters/.libs/mbfilter_euc_cn.o libmbfl/filters/.libs/mbfilter_euc_jp.o libmbfl/filters/.libs/mbfilter_euc_jp_win.o libmbfl/filters/.libs/mbfilter_euc_kr.o libmbfl/filters/.libs/mbfilter_euc_tw.o libmbfl/filters/.libs/mbfilter_htmlent.o libmbfl/filters/.libs/mbfilter_hz.o libmbfl/filters/.libs/mbfilter_iso2022_jp_ms.o libmbfl/filters/.libs/mbfilter_iso2022jp_mobile.o libmbfl/filters/.libs/mbfilter_iso2022_kr.o libmbfl/filters/.libs/mbfilter_jis.o libmbfl/filters/.libs/mbfilter_qprint.o libmbfl/filters/.libs/mbfilter_singlebyte.o libmbfl/filters/.libs/mbfilter_sjis.o libmbfl/filters/.libs/mbfilter_sjis_mobile.o libmbfl/filters/.libs/mbfilter_sjis_mac.o libmbfl/filters/.libs/mbfilter_sjis_2004.o libmbfl/filters/.libs/mbfilter_ucs2.o libmbfl/filters/.libs/mbfilter_ucs4.o libmbfl/filters/.libs/mbfilter_uhc.o libmbfl/filters/.libs/mbfilter_utf16.o libmbfl/filters/.libs/mbfilter_utf32.o libmbfl/filters/.libs/mbfilter_utf7.o libmbfl/filters/.libs/mbfilter_utf7imap.o libmbfl/filters/.libs/mbfilter_utf8.o libmbfl/filters/.libs/mbfilter_utf8_mobile.o libmbfl/filters/.libs/mbfilter_uuencode.o libmbfl/mbfl/.libs/mbfilter.o libmbfl/mbfl/.libs/mbfilter_8bit.o libmbfl/mbfl/.libs/mbfilter_pass.o libmbfl/mbfl/.libs/mbfilter_wchar.o libmbfl/mbfl/.libs/mbfl_convert.o libmbfl/mbfl/.libs/mbfl_encoding.o libmbfl/mbfl/.libs/mbfl_filter_output.o libmbfl/mbfl/.libs/mbfl_language.o libmbfl/mbfl/.libs/mbfl_memory_device.o libmbfl/mbfl/.libs/mbfl_string.o libmbfl/nls/.libs/nls_de.o libmbfl/nls/.libs/nls_en.o libmbfl/nls/.libs/nls_ja.o libmbfl/nls/.libs/nls_kr.o libmbfl/nls/.libs/nls_neutral.o libmbfl/nls/.libs/nls_ru.o libmbfl/nls/.libs/nls_uni.o libmbfl/nls/.libs/nls_zh.o libmbfl/nls/.libs/nls_hy.o libmbfl/nls/.libs/nls_tr.o libmbfl/nls/.libs/nls_ua.o  -lonig  -Wl,-O1 -Wl,-soname -Wl,mbstring.so -o .libs/mbstring.so
creating mbstring.la
(cd .libs && rm -f mbstring.la && ln -s ../mbstring.la mbstring.la)
/bin/sh /usr/src/php/ext/mbstring/libtool --tag=CC --mode=install cp ./mbstring.la /usr/src/php/ext/mbstring/modules
cp ./.libs/mbstring.so /usr/src/php/ext/mbstring/modules/mbstring.so
cp ./.libs/mbstring.lai /usr/src/php/ext/mbstring/modules/mbstring.la
PATH="$PATH:/sbin" ldconfig -n /usr/src/php/ext/mbstring/modules
----------------------------------------------------------------------
Libraries have been installed in:
   /usr/src/php/ext/mbstring/modules

If you ever happen to want to link against installed libraries
in a given directory, LIBDIR, you must either use libtool, and
specify the full pathname of the library, or use the `-LLIBDIR'
flag during linking and do at least one of the following:
   - add LIBDIR to the `LD_LIBRARY_PATH' environment variable
     during execution
   - add LIBDIR to the `LD_RUN_PATH' environment variable
     during linking
   - use the `-Wl,--rpath -Wl,LIBDIR' linker flag

See any operating system documentation about shared libraries for
more information, such as the ld(1) and ld.so(8) manual pages.
----------------------------------------------------------------------

Build complete.
Don't forget to run 'make test'.

[91m+ strip --strip-all modules/mbstring.so
[0mInstalling shared extensions:     /usr/local/lib/php/extensions/no-debug-non-zts-20220829/
Installing header files:          /usr/local/include/php/
[91m
warning: mbstring (mbstring) is already loaded!

[0mfind . -name \*.gcno -o -name \*.gcda | xargs rm -f
find . -name \*.lo -o -name \*.o -o -name \*.dep | xargs rm -f
find . -name \*.la -o -name \*.a | xargs rm -f
find . -name \*.so | xargs rm -f
find . -name .libs -a -type d|xargs rm -rf
rm -f libphp.la      modules/* libs/*
rm -f ext/opcache/jit/zend_jit_x86.c
rm -f ext/opcache/jit/zend_jit_arm64.c
rm -f ext/opcache/minilua
[91mWARNING: opening from cache https://dl-cdn.alpinelinux.org/alpine/v3.22/main: No such file or directory
WARNING: opening from cache https://dl-cdn.alpinelinux.org/alpine/v3.22/community: No such file or directory
[0m(1/7) Purging .phpize-deps-configure (20250905.084344)
(2/7) Purging dpkg-dev (1.22.15-r0)
(3/7) Purging dpkg (1.22.15-r0)
(4/7) Purging file (5.46-r2)
(5/7) Purging re2c (4.2-r0)
(6/7) Purging libmagic (5.46-r2)
(7/7) Purging libmd (1.1.0-r0)
Executing busybox-1.37.0-r18.trigger
OK: 379 MiB in 101 packages
 ---> Removed intermediate container 233747d744e9
 ---> b0ed0c4de21d
Step 3/15 : RUN pecl install redis     && docker-php-ext-enable redis     && apk del autoconf g++ make
 ---> Running in 47f410279d8e
WARNING: channel "pecl.php.net" has updated its protocols, use "pecl channel-update pecl.php.net" to update
downloading redis-6.2.0.tgz ...
Starting to download redis-6.2.0.tgz (379,865 bytes)
.............................................................................done: 379,865 bytes
43 source files, building
running: phpize
Configuring for:
PHP Api Version:         20220829
Zend Module Api No:      20220829
Zend Extension Api No:   420220829
enable igbinary serializer support? [no] : enable lzf compression support? [no] : enable zstd compression support? [no] : enable msgpack serializer support? [no] : enable lz4 compression? [no] : use system liblz4? [yes] : building in /tmp/pear/temp/pear-build-defaultuserJNoEPO/redis-6.2.0
running: /tmp/pear/temp/redis/configure --with-php-config=/usr/local/bin/php-config --enable-redis-igbinary=no --enable-redis-lzf=no --enable-redis-zstd=no --enable-redis-msgpack=no --enable-redis-lz4=no --with-liblz4
checking for grep that handles long lines and -e... /bin/grep
checking for egrep... /bin/grep -E
checking for a sed that does not truncate output... /bin/sed
checking for pkg-config... /usr/bin/pkg-config
checking pkg-config is at least version 0.9.0... yes
checking for cc... cc
checking whether the C compiler works... yes
checking for C compiler default output file name... a.out
checking for suffix of executables...
checking whether we are cross compiling... no
checking for suffix of object files... o
checking whether the compiler supports GNU C... yes
checking whether cc accepts -g... yes
checking for cc option to enable C11 features... none needed
checking how to run the C preprocessor... cc -E
checking for egrep -e... (cached) /bin/grep -E
checking for icc... no
checking for suncc... no
checking for system library directory... lib
checking if compiler supports -Wl,-rpath,... yes
checking build system type... x86_64-pc-linux-musl
checking host system type... x86_64-pc-linux-musl
checking target system type... x86_64-pc-linux-musl
checking for PHP prefix... /usr/local
checking for PHP includes... -I/usr/local/include/php -I/usr/local/include/php/main -I/usr/local/include/php/TSRM -I/usr/local/include/php/Zend -I/usr/local/include/php/ext -I/usr/local/include/php/ext/date/lib
checking for PHP extension directory... /usr/local/lib/php/extensions/no-debug-non-zts-20220829
checking for PHP installed headers prefix... /usr/local/include/php
checking if debug is enabled... no
checking if zts is enabled... no
checking for gawk... no
checking for nawk... no
checking for awk... awk
checking if awk is broken... no
checking whether to enable redis support... yes, shared
checking whether to enable sessions... yes
checking whether to enable json serializer support... yes
checking whether to enable igbinary serializer support... no
checking whether to enable msgpack serializer support... no
checking whether to enable lzf compression... no
checking use system liblzf... no
checking whether to enable Zstd compression... no
checking use system libzstd... yes
checking whether to enable lz4 compression... no
checking use system liblz4... yes
checking for hash includes... /usr/local/include/php
checking for json includes... /usr/local/include/php
checking for redis json support... enabled
checking for redis igbinary support... disabled
checking for pkg-config... /usr/bin/pkg-config
checking for git... no
checking for a sed that does not truncate output... /bin/sed
checking for ld used by cc... /usr/x86_64-alpine-linux-musl/bin/ld
checking if the linker (/usr/x86_64-alpine-linux-musl/bin/ld) is GNU ld... yes
checking for /usr/x86_64-alpine-linux-musl/bin/ld option to reload object files... -r
checking for BSD-compatible nm... /usr/bin/nm -B
checking whether ln -s works... yes
checking how to recognize dependent libraries... pass_all
/tmp/pear/temp/redis/configure: line 7703: /usr/bin/file: not found
checking for stdio.h... yes
checking for stdlib.h... yes
checking for string.h... yes
checking for inttypes.h... yes
checking for stdint.h... yes
checking for strings.h... yes
checking for sys/stat.h... yes
checking for sys/types.h... yes
checking for unistd.h... yes
checking for dlfcn.h... yes
checking the maximum length of command line arguments... 98304
checking command to parse /usr/bin/nm -B output from cc object... ok
checking for objdir... .libs
checking for ar... ar
checking for ranlib... ranlib
checking for strip... strip
checking if cc supports -fno-rtti -fno-exceptions... no
checking for cc option to produce PIC... -fPIC
checking if cc PIC flag -fPIC works... yes
checking if cc static flag -static works... yes
checking if cc supports -c -o file.o... yes
checking whether the cc linker (/usr/x86_64-alpine-linux-musl/bin/ld) supports shared libraries... yes
checking whether -lc should be explicitly linked in... no
checking dynamic linker characteristics... GNU/Linux ld.so
checking how to hardcode library paths into programs... immediate
checking whether stripping libraries is possible... yes
checking if libtool supports shared libraries... yes
checking whether to build shared libraries... yes
checking whether to build static libraries... no

creating libtool
appending configuration tag "CXX" to libtool
configure: patching config.h.in
configure: creating ./config.status
config.status: creating config.h
running: make
/bin/sh /tmp/pear/temp/pear-build-defaultuserJNoEPO/redis-6.2.0/libtool --tag=CC --mode=compile cc -I. -I/tmp/pear/temp/redis -I/tmp/pear/temp/pear-build-defaultuserJNoEPO/redis-6.2.0/include -I/tmp/pear/temp/pear-build-defaultuserJNoEPO/redis-6.2.0/main -I/tmp/pear/temp/redis -I/usr/local/include/php -I/usr/local/include/php/main -I/usr/local/include/php/TSRM -I/usr/local/include/php/Zend -I/usr/local/include/php/ext -I/usr/local/include/php/ext/date/lib -I/usr/local/include/php/ext  -DHAVE_CONFIG_H  -g -O2 -D_GNU_SOURCE    -DZEND_COMPILE_DL_EXT=1 -c /tmp/pear/temp/redis/redis.c -o redis.lo  -MMD -MF redis.dep -MT redis.lo
mkdir .libs
 cc -I. -I/tmp/pear/temp/redis -I/tmp/pear/temp/pear-build-defaultuserJNoEPO/redis-6.2.0/include -I/tmp/pear/temp/pear-build-defaultuserJNoEPO/redis-6.2.0/main -I/tmp/pear/temp/redis -I/usr/local/include/php -I/usr/local/include/php/main -I/usr/local/include/php/TSRM -I/usr/local/include/php/Zend -I/usr/local/include/php/ext -I/usr/local/include/php/ext/date/lib -I/usr/local/include/php/ext -DHAVE_CONFIG_H -g -O2 -D_GNU_SOURCE -DZEND_COMPILE_DL_EXT=1 -c /tmp/pear/temp/redis/redis.c -MMD -MF redis.dep -MT redis.lo  -fPIC -DPIC -o .libs/redis.o
/bin/sh /tmp/pear/temp/pear-build-defaultuserJNoEPO/redis-6.2.0/libtool --tag=CC --mode=compile cc -I. -I/tmp/pear/temp/redis -I/tmp/pear/temp/pear-build-defaultuserJNoEPO/redis-6.2.0/include -I/tmp/pear/temp/pear-build-defaultuserJNoEPO/redis-6.2.0/main -I/tmp/pear/temp/redis -I/usr/local/include/php -I/usr/local/include/php/main -I/usr/local/include/php/TSRM -I/usr/local/include/php/Zend -I/usr/local/include/php/ext -I/usr/local/include/php/ext/date/lib -I/usr/local/include/php/ext  -DHAVE_CONFIG_H  -g -O2 -D_GNU_SOURCE    -DZEND_COMPILE_DL_EXT=1 -c /tmp/pear/temp/redis/redis_commands.c -o redis_commands.lo  -MMD -MF redis_commands.dep -MT redis_commands.lo
 cc -I. -I/tmp/pear/temp/redis -I/tmp/pear/temp/pear-build-defaultuserJNoEPO/redis-6.2.0/include -I/tmp/pear/temp/pear-build-defaultuserJNoEPO/redis-6.2.0/main -I/tmp/pear/temp/redis -I/usr/local/include/php -I/usr/local/include/php/main -I/usr/local/include/php/TSRM -I/usr/local/include/php/Zend -I/usr/local/include/php/ext -I/usr/local/include/php/ext/date/lib -I/usr/local/include/php/ext -DHAVE_CONFIG_H -g -O2 -D_GNU_SOURCE -DZEND_COMPILE_DL_EXT=1 -c /tmp/pear/temp/redis/redis_commands.c -MMD -MF redis_commands.dep -MT redis_commands.lo  -fPIC -DPIC -o .libs/redis_commands.o
/bin/sh /tmp/pear/temp/pear-build-defaultuserJNoEPO/redis-6.2.0/libtool --tag=CC --mode=compile cc -I. -I/tmp/pear/temp/redis -I/tmp/pear/temp/pear-build-defaultuserJNoEPO/redis-6.2.0/include -I/tmp/pear/temp/pear-build-defaultuserJNoEPO/redis-6.2.0/main -I/tmp/pear/temp/redis -I/usr/local/include/php -I/usr/local/include/php/main -I/usr/local/include/php/TSRM -I/usr/local/include/php/Zend -I/usr/local/include/php/ext -I/usr/local/include/php/ext/date/lib -I/usr/local/include/php/ext  -DHAVE_CONFIG_H  -g -O2 -D_GNU_SOURCE    -DZEND_COMPILE_DL_EXT=1 -c /tmp/pear/temp/redis/library.c -o library.lo  -MMD -MF library.dep -MT library.lo
 cc -I. -I/tmp/pear/temp/redis -I/tmp/pear/temp/pear-build-defaultuserJNoEPO/redis-6.2.0/include -I/tmp/pear/temp/pear-build-defaultuserJNoEPO/redis-6.2.0/main -I/tmp/pear/temp/redis -I/usr/local/include/php -I/usr/local/include/php/main -I/usr/local/include/php/TSRM -I/usr/local/include/php/Zend -I/usr/local/include/php/ext -I/usr/local/include/php/ext/date/lib -I/usr/local/include/php/ext -DHAVE_CONFIG_H -g -O2 -D_GNU_SOURCE -DZEND_COMPILE_DL_EXT=1 -c /tmp/pear/temp/redis/library.c -MMD -MF library.dep -MT library.lo  -fPIC -DPIC -o .libs/library.o
/bin/sh /tmp/pear/temp/pear-build-defaultuserJNoEPO/redis-6.2.0/libtool --tag=CC --mode=compile cc -I. -I/tmp/pear/temp/redis -I/tmp/pear/temp/pear-build-defaultuserJNoEPO/redis-6.2.0/include -I/tmp/pear/temp/pear-build-defaultuserJNoEPO/redis-6.2.0/main -I/tmp/pear/temp/redis -I/usr/local/include/php -I/usr/local/include/php/main -I/usr/local/include/php/TSRM -I/usr/local/include/php/Zend -I/usr/local/include/php/ext -I/usr/local/include/php/ext/date/lib -I/usr/local/include/php/ext  -DHAVE_CONFIG_H  -g -O2 -D_GNU_SOURCE    -DZEND_COMPILE_DL_EXT=1 -c /tmp/pear/temp/redis/redis_session.c -o redis_session.lo  -MMD -MF redis_session.dep -MT redis_session.lo
 cc -I. -I/tmp/pear/temp/redis -I/tmp/pear/temp/pear-build-defaultuserJNoEPO/redis-6.2.0/include -I/tmp/pear/temp/pear-build-defaultuserJNoEPO/redis-6.2.0/main -I/tmp/pear/temp/redis -I/usr/local/include/php -I/usr/local/include/php/main -I/usr/local/include/php/TSRM -I/usr/local/include/php/Zend -I/usr/local/include/php/ext -I/usr/local/include/php/ext/date/lib -I/usr/local/include/php/ext -DHAVE_CONFIG_H -g -O2 -D_GNU_SOURCE -DZEND_COMPILE_DL_EXT=1 -c /tmp/pear/temp/redis/redis_session.c -MMD -MF redis_session.dep -MT redis_session.lo  -fPIC -DPIC -o .libs/redis_session.o
/bin/sh /tmp/pear/temp/pear-build-defaultuserJNoEPO/redis-6.2.0/libtool --tag=CC --mode=compile cc -I. -I/tmp/pear/temp/redis -I/tmp/pear/temp/pear-build-defaultuserJNoEPO/redis-6.2.0/include -I/tmp/pear/temp/pear-build-defaultuserJNoEPO/redis-6.2.0/main -I/tmp/pear/temp/redis -I/usr/local/include/php -I/usr/local/include/php/main -I/usr/local/include/php/TSRM -I/usr/local/include/php/Zend -I/usr/local/include/php/ext -I/usr/local/include/php/ext/date/lib -I/usr/local/include/php/ext  -DHAVE_CONFIG_H  -g -O2 -D_GNU_SOURCE    -DZEND_COMPILE_DL_EXT=1 -c /tmp/pear/temp/redis/redis_array.c -o redis_array.lo  -MMD -MF redis_array.dep -MT redis_array.lo
 cc -I. -I/tmp/pear/temp/redis -I/tmp/pear/temp/pear-build-defaultuserJNoEPO/redis-6.2.0/include -I/tmp/pear/temp/pear-build-defaultuserJNoEPO/redis-6.2.0/main -I/tmp/pear/temp/redis -I/usr/local/include/php -I/usr/local/include/php/main -I/usr/local/include/php/TSRM -I/usr/local/include/php/Zend -I/usr/local/include/php/ext -I/usr/local/include/php/ext/date/lib -I/usr/local/include/php/ext -DHAVE_CONFIG_H -g -O2 -D_GNU_SOURCE -DZEND_COMPILE_DL_EXT=1 -c /tmp/pear/temp/redis/redis_array.c -MMD -MF redis_array.dep -MT redis_array.lo  -fPIC -DPIC -o .libs/redis_array.o
/bin/sh /tmp/pear/temp/pear-build-defaultuserJNoEPO/redis-6.2.0/libtool --tag=CC --mode=compile cc -I. -I/tmp/pear/temp/redis -I/tmp/pear/temp/pear-build-defaultuserJNoEPO/redis-6.2.0/include -I/tmp/pear/temp/pear-build-defaultuserJNoEPO/redis-6.2.0/main -I/tmp/pear/temp/redis -I/usr/local/include/php -I/usr/local/include/php/main -I/usr/local/include/php/TSRM -I/usr/local/include/php/Zend -I/usr/local/include/php/ext -I/usr/local/include/php/ext/date/lib -I/usr/local/include/php/ext  -DHAVE_CONFIG_H  -g -O2 -D_GNU_SOURCE    -DZEND_COMPILE_DL_EXT=1 -c /tmp/pear/temp/redis/redis_array_impl.c -o redis_array_impl.lo  -MMD -MF redis_array_impl.dep -MT redis_array_impl.lo
 cc -I. -I/tmp/pear/temp/redis -I/tmp/pear/temp/pear-build-defaultuserJNoEPO/redis-6.2.0/include -I/tmp/pear/temp/pear-build-defaultuserJNoEPO/redis-6.2.0/main -I/tmp/pear/temp/redis -I/usr/local/include/php -I/usr/local/include/php/main -I/usr/local/include/php/TSRM -I/usr/local/include/php/Zend -I/usr/local/include/php/ext -I/usr/local/include/php/ext/date/lib -I/usr/local/include/php/ext -DHAVE_CONFIG_H -g -O2 -D_GNU_SOURCE -DZEND_COMPILE_DL_EXT=1 -c /tmp/pear/temp/redis/redis_array_impl.c -MMD -MF redis_array_impl.dep -MT redis_array_impl.lo  -fPIC -DPIC -o .libs/redis_array_impl.o
/bin/sh /tmp/pear/temp/pear-build-defaultuserJNoEPO/redis-6.2.0/libtool --tag=CC --mode=compile cc -I. -I/tmp/pear/temp/redis -I/tmp/pear/temp/pear-build-defaultuserJNoEPO/redis-6.2.0/include -I/tmp/pear/temp/pear-build-defaultuserJNoEPO/redis-6.2.0/main -I/tmp/pear/temp/redis -I/usr/local/include/php -I/usr/local/include/php/main -I/usr/local/include/php/TSRM -I/usr/local/include/php/Zend -I/usr/local/include/php/ext -I/usr/local/include/php/ext/date/lib -I/usr/local/include/php/ext  -DHAVE_CONFIG_H  -g -O2 -D_GNU_SOURCE    -DZEND_COMPILE_DL_EXT=1 -c /tmp/pear/temp/redis/redis_cluster.c -o redis_cluster.lo  -MMD -MF redis_cluster.dep -MT redis_cluster.lo
 cc -I. -I/tmp/pear/temp/redis -I/tmp/pear/temp/pear-build-defaultuserJNoEPO/redis-6.2.0/include -I/tmp/pear/temp/pear-build-defaultuserJNoEPO/redis-6.2.0/main -I/tmp/pear/temp/redis -I/usr/local/include/php -I/usr/local/include/php/main -I/usr/local/include/php/TSRM -I/usr/local/include/php/Zend -I/usr/local/include/php/ext -I/usr/local/include/php/ext/date/lib -I/usr/local/include/php/ext -DHAVE_CONFIG_H -g -O2 -D_GNU_SOURCE -DZEND_COMPILE_DL_EXT=1 -c /tmp/pear/temp/redis/redis_cluster.c -MMD -MF redis_cluster.dep -MT redis_cluster.lo  -fPIC -DPIC -o .libs/redis_cluster.o
/bin/sh /tmp/pear/temp/pear-build-defaultuserJNoEPO/redis-6.2.0/libtool --tag=CC --mode=compile cc -I. -I/tmp/pear/temp/redis -I/tmp/pear/temp/pear-build-defaultuserJNoEPO/redis-6.2.0/include -I/tmp/pear/temp/pear-build-defaultuserJNoEPO/redis-6.2.0/main -I/tmp/pear/temp/redis -I/usr/local/include/php -I/usr/local/include/php/main -I/usr/local/include/php/TSRM -I/usr/local/include/php/Zend -I/usr/local/include/php/ext -I/usr/local/include/php/ext/date/lib -I/usr/local/include/php/ext  -DHAVE_CONFIG_H  -g -O2 -D_GNU_SOURCE    -DZEND_COMPILE_DL_EXT=1 -c /tmp/pear/temp/redis/cluster_library.c -o cluster_library.lo  -MMD -MF cluster_library.dep -MT cluster_library.lo
 cc -I. -I/tmp/pear/temp/redis -I/tmp/pear/temp/pear-build-defaultuserJNoEPO/redis-6.2.0/include -I/tmp/pear/temp/pear-build-defaultuserJNoEPO/redis-6.2.0/main -I/tmp/pear/temp/redis -I/usr/local/include/php -I/usr/local/include/php/main -I/usr/local/include/php/TSRM -I/usr/local/include/php/Zend -I/usr/local/include/php/ext -I/usr/local/include/php/ext/date/lib -I/usr/local/include/php/ext -DHAVE_CONFIG_H -g -O2 -D_GNU_SOURCE -DZEND_COMPILE_DL_EXT=1 -c /tmp/pear/temp/redis/cluster_library.c -MMD -MF cluster_library.dep -MT cluster_library.lo  -fPIC -DPIC -o .libs/cluster_library.o
/bin/sh /tmp/pear/temp/pear-build-defaultuserJNoEPO/redis-6.2.0/libtool --tag=CC --mode=compile cc -I. -I/tmp/pear/temp/redis -I/tmp/pear/temp/pear-build-defaultuserJNoEPO/redis-6.2.0/include -I/tmp/pear/temp/pear-build-defaultuserJNoEPO/redis-6.2.0/main -I/tmp/pear/temp/redis -I/usr/local/include/php -I/usr/local/include/php/main -I/usr/local/include/php/TSRM -I/usr/local/include/php/Zend -I/usr/local/include/php/ext -I/usr/local/include/php/ext/date/lib -I/usr/local/include/php/ext  -DHAVE_CONFIG_H  -g -O2 -D_GNU_SOURCE    -DZEND_COMPILE_DL_EXT=1 -c /tmp/pear/temp/redis/redis_sentinel.c -o redis_sentinel.lo  -MMD -MF redis_sentinel.dep -MT redis_sentinel.lo
 cc -I. -I/tmp/pear/temp/redis -I/tmp/pear/temp/pear-build-defaultuserJNoEPO/redis-6.2.0/include -I/tmp/pear/temp/pear-build-defaultuserJNoEPO/redis-6.2.0/main -I/tmp/pear/temp/redis -I/usr/local/include/php -I/usr/local/include/php/main -I/usr/local/include/php/TSRM -I/usr/local/include/php/Zend -I/usr/local/include/php/ext -I/usr/local/include/php/ext/date/lib -I/usr/local/include/php/ext -DHAVE_CONFIG_H -g -O2 -D_GNU_SOURCE -DZEND_COMPILE_DL_EXT=1 -c /tmp/pear/temp/redis/redis_sentinel.c -MMD -MF redis_sentinel.dep -MT redis_sentinel.lo  -fPIC -DPIC -o .libs/redis_sentinel.o
/bin/sh /tmp/pear/temp/pear-build-defaultuserJNoEPO/redis-6.2.0/libtool --tag=CC --mode=compile cc -I. -I/tmp/pear/temp/redis -I/tmp/pear/temp/pear-build-defaultuserJNoEPO/redis-6.2.0/include -I/tmp/pear/temp/pear-build-defaultuserJNoEPO/redis-6.2.0/main -I/tmp/pear/temp/redis -I/usr/local/include/php -I/usr/local/include/php/main -I/usr/local/include/php/TSRM -I/usr/local/include/php/Zend -I/usr/local/include/php/ext -I/usr/local/include/php/ext/date/lib -I/usr/local/include/php/ext  -DHAVE_CONFIG_H  -g -O2 -D_GNU_SOURCE    -DZEND_COMPILE_DL_EXT=1 -c /tmp/pear/temp/redis/sentinel_library.c -o sentinel_library.lo  -MMD -MF sentinel_library.dep -MT sentinel_library.lo
 cc -I. -I/tmp/pear/temp/redis -I/tmp/pear/temp/pear-build-defaultuserJNoEPO/redis-6.2.0/include -I/tmp/pear/temp/pear-build-defaultuserJNoEPO/redis-6.2.0/main -I/tmp/pear/temp/redis -I/usr/local/include/php -I/usr/local/include/php/main -I/usr/local/include/php/TSRM -I/usr/local/include/php/Zend -I/usr/local/include/php/ext -I/usr/local/include/php/ext/date/lib -I/usr/local/include/php/ext -DHAVE_CONFIG_H -g -O2 -D_GNU_SOURCE -DZEND_COMPILE_DL_EXT=1 -c /tmp/pear/temp/redis/sentinel_library.c -MMD -MF sentinel_library.dep -MT sentinel_library.lo  -fPIC -DPIC -o .libs/sentinel_library.o
/bin/sh /tmp/pear/temp/pear-build-defaultuserJNoEPO/redis-6.2.0/libtool --tag=CC --mode=compile cc -I. -I/tmp/pear/temp/redis -I/tmp/pear/temp/pear-build-defaultuserJNoEPO/redis-6.2.0/include -I/tmp/pear/temp/pear-build-defaultuserJNoEPO/redis-6.2.0/main -I/tmp/pear/temp/redis -I/usr/local/include/php -I/usr/local/include/php/main -I/usr/local/include/php/TSRM -I/usr/local/include/php/Zend -I/usr/local/include/php/ext -I/usr/local/include/php/ext/date/lib -I/usr/local/include/php/ext  -DHAVE_CONFIG_H  -g -O2 -D_GNU_SOURCE    -DZEND_COMPILE_DL_EXT=1 -c /tmp/pear/temp/redis/backoff.c -o backoff.lo  -MMD -MF backoff.dep -MT backoff.lo
 cc -I. -I/tmp/pear/temp/redis -I/tmp/pear/temp/pear-build-defaultuserJNoEPO/redis-6.2.0/include -I/tmp/pear/temp/pear-build-defaultuserJNoEPO/redis-6.2.0/main -I/tmp/pear/temp/redis -I/usr/local/include/php -I/usr/local/include/php/main -I/usr/local/include/php/TSRM -I/usr/local/include/php/Zend -I/usr/local/include/php/ext -I/usr/local/include/php/ext/date/lib -I/usr/local/include/php/ext -DHAVE_CONFIG_H -g -O2 -D_GNU_SOURCE -DZEND_COMPILE_DL_EXT=1 -c /tmp/pear/temp/redis/backoff.c -MMD -MF backoff.dep -MT backoff.lo  -fPIC -DPIC -o .libs/backoff.o
/bin/sh /tmp/pear/temp/pear-build-defaultuserJNoEPO/redis-6.2.0/libtool --tag=CC --mode=link cc -shared -I/tmp/pear/temp/pear-build-defaultuserJNoEPO/redis-6.2.0/include -I/tmp/pear/temp/pear-build-defaultuserJNoEPO/redis-6.2.0/main -I/tmp/pear/temp/redis -I/usr/local/include/php -I/usr/local/include/php/main -I/usr/local/include/php/TSRM -I/usr/local/include/php/Zend -I/usr/local/include/php/ext -I/usr/local/include/php/ext/date/lib -I/usr/local/include/php/ext  -DHAVE_CONFIG_H  -g -O2 -D_GNU_SOURCE    -o redis.la -export-dynamic -avoid-version -prefer-pic -module -rpath /tmp/pear/temp/pear-build-defaultuserJNoEPO/redis-6.2.0/modules  redis.lo redis_commands.lo library.lo redis_session.lo redis_array.lo redis_array_impl.lo redis_cluster.lo cluster_library.lo redis_sentinel.lo sentinel_library.lo backoff.lo
cc -shared  .libs/redis.o .libs/redis_commands.o .libs/library.o .libs/redis_session.o .libs/redis_array.o .libs/redis_array_impl.o .libs/redis_cluster.o .libs/cluster_library.o .libs/redis_sentinel.o .libs/sentinel_library.o .libs/backoff.o   -Wl,-soname -Wl,redis.so -o .libs/redis.so
creating redis.la
(cd .libs && rm -f redis.la && ln -s ../redis.la redis.la)
/bin/sh /tmp/pear/temp/pear-build-defaultuserJNoEPO/redis-6.2.0/libtool --tag=CC --mode=install cp ./redis.la /tmp/pear/temp/pear-build-defaultuserJNoEPO/redis-6.2.0/modules
cp ./.libs/redis.so /tmp/pear/temp/pear-build-defaultuserJNoEPO/redis-6.2.0/modules/redis.so
cp ./.libs/redis.lai /tmp/pear/temp/pear-build-defaultuserJNoEPO/redis-6.2.0/modules/redis.la
PATH="$PATH:/sbin" ldconfig -n /tmp/pear/temp/pear-build-defaultuserJNoEPO/redis-6.2.0/modules
----------------------------------------------------------------------
Libraries have been installed in:
   /tmp/pear/temp/pear-build-defaultuserJNoEPO/redis-6.2.0/modules

If you ever happen to want to link against installed libraries
in a given directory, LIBDIR, you must either use libtool, and
specify the full pathname of the library, or use the `-LLIBDIR'
flag during linking and do at least one of the following:
   - add LIBDIR to the `LD_LIBRARY_PATH' environment variable
     during execution
   - add LIBDIR to the `LD_RUN_PATH' environment variable
     during linking
   - use the `-Wl,--rpath -Wl,LIBDIR' linker flag

See any operating system documentation about shared libraries for
more information, such as the ld(1) and ld.so(8) manual pages.
----------------------------------------------------------------------

Build complete.
Don't forget to run 'make test'.

running: make INSTALL_ROOT="/tmp/pear/temp/pear-build-defaultuserJNoEPO/install-redis-6.2.0" install
Installing shared extensions:     /tmp/pear/temp/pear-build-defaultuserJNoEPO/install-redis-6.2.0/usr/local/lib/php/extensions/no-debug-non-zts-20220829/
running: find "/tmp/pear/temp/pear-build-defaultuserJNoEPO/install-redis-6.2.0" | xargs ls -dils
 759134      4 drwxr-xr-x    3 root     root          4096 Sep  5 08:45 /tmp/pear/temp/pear-build-defaultuserJNoEPO/install-redis-6.2.0
 759185      4 drwxr-xr-x    3 root     root          4096 Sep  5 08:45 /tmp/pear/temp/pear-build-defaultuserJNoEPO/install-redis-6.2.0/usr
 759186      4 drwxr-xr-x    3 root     root          4096 Sep  5 08:45 /tmp/pear/temp/pear-build-defaultuserJNoEPO/install-redis-6.2.0/usr/local
 759187      4 drwxr-xr-x    3 root     root          4096 Sep  5 08:45 /tmp/pear/temp/pear-build-defaultuserJNoEPO/install-redis-6.2.0/usr/local/lib
 759188      4 drwxr-xr-x    3 root     root          4096 Sep  5 08:45 /tmp/pear/temp/pear-build-defaultuserJNoEPO/install-redis-6.2.0/usr/local/lib/php
 759189      4 drwxr-xr-x    3 root     root          4096 Sep  5 08:45 /tmp/pear/temp/pear-build-defaultuserJNoEPO/install-redis-6.2.0/usr/local/lib/php/extensions
 759190      4 drwxr-xr-x    2 root     root          4096 Sep  5 08:45 /tmp/pear/temp/pear-build-defaultuserJNoEPO/install-redis-6.2.0/usr/local/lib/php/extensions/no-debug-non-zts-20220829
 759184   3304 -rwxr-xr-x    1 root     root       3380784 Sep  5 08:45 /tmp/pear/temp/pear-build-defaultuserJNoEPO/install-redis-6.2.0/usr/local/lib/php/extensions/no-debug-non-zts-20220829/redis.so

Build process completed successfully
Installing '/usr/local/lib/php/extensions/no-debug-non-zts-20220829/redis.so'
install ok: channel://pecl.php.net/redis-6.2.0
configuration option "php_ini" is not set to php.ini location
You should add "extension=redis.so" to php.ini
fetch https://dl-cdn.alpinelinux.org/alpine/v3.22/main/x86_64/APKINDEX.tar.gz
fetch https://dl-cdn.alpinelinux.org/alpine/v3.22/community/x86_64/APKINDEX.tar.gz
(1/1) Installing .docker-php-ext-enable-deps (20250905.084512)
OK: 379 MiB in 102 packages
[91mWARNING: opening from cache https://dl-cdn.alpinelinux.org/alpine/v3.22/main: No such file or directory
WARNING: opening from cache https://dl-cdn.alpinelinux.org/alpine/v3.22/community: No such file or directory
[0m(1/1) Purging .docker-php-ext-enable-deps (20250905.084512)
OK: 379 MiB in 101 packages
[91mWARNING: opening from cache https://dl-cdn.alpinelinux.org/alpine/v3.22/main: No such file or directory
WARNING: opening from cache https://dl-cdn.alpinelinux.org/alpine/v3.22/community: No such file or directory
[0m(1/17) Purging autoconf (2.72-r1)
(2/17) Purging m4 (1.4.19-r4)
(3/17) Purging g++ (14.2.0-r6)
(4/17) Purging libstdc++-dev (14.2.0-r6)
(5/17) Purging gcc (14.2.0-r6)
(6/17) Purging binutils (2.44-r3)
(7/17) Purging libatomic (14.2.0-r6)
(8/17) Purging libgomp (14.2.0-r6)
(9/17) Purging musl-dev (1.2.5-r10)
(10/17) Purging isl26 (0.26-r1)
(11/17) Purging jansson (2.14.1-r0)
(12/17) Purging make (4.4.1-r3)
(13/17) Purging mariadb-client-perl (11.4.8-r0)
(14/17) Purging perl (5.40.3-r0)
(15/17) Purging mpc1 (1.3.1-r1)
(16/17) Purging mpfr4 (4.2.1_p1-r0)
(17/17) Purging gmp (6.3.0-r3)
Executing busybox-1.37.0-r18.trigger
OK: 117 MiB in 84 packages
 ---> Removed intermediate container 47f410279d8e
 ---> 69a1aee055b0
Step 4/15 : COPY --from=composer:2.6 /usr/bin/composer /usr/bin/composer
 ---> b5fdb8eca44d
Step 5/15 : WORKDIR /var/www/html
 ---> Running in 2b5fd27d38b1
 ---> Removed intermediate container 2b5fd27d38b1
 ---> eb968a9ab9ce
Step 6/15 : COPY . .
 ---> 40d403458835
Step 7/15 : RUN composer install --no-dev --optimize-autoloader --no-interaction
 ---> Running in 93b44dcaf9d1
[91mInstalling dependencies from lock file
[0m[91mVerifying lock file contents can be installed on current platform.
[0m[91mPackage operations: 0 installs, 0 updates, 39 removals
[0m[91m  - Removing theseer/tokenizer (1.2.3)
[0m[91m  - Removing symfony/yaml (v6.4.24)
[0m[91m  - Removing spatie/laravel-ignition (2.9.1)
[0m[91m  - Removing spatie/ignition (1.15.1)
[0m[91m  - Removing spatie/flare-client-php (1.10.1)
[0m[91m  - Removing spatie/error-solutions (1.1.3)
[0m[91m  - Removing spatie/backtrace (1.7.4)
[0m[91m  - Removing sebastian/version (4.0.1)
[0m[91m  - Removing sebastian/type (4.0.0)
[0m[91m  - Removing sebastian/recursion-context (5.0.0)
[0m[91m  - Removing sebastian/object-reflector (3.0.0)
  - Removing sebastian/object-enumerator (5.0.0)
[0m[91m  - Removing sebastian/lines-of-code (2.0.2)
[0m[91m  - Removing sebastian/global-state (6.0.2)
[0m[91m  - Removing sebastian/exporter (5.1.2)
[0m[91m  - Removing sebastian/environment (6.1.0)
  - Removing sebastian/diff (5.1.1)
  - Removing sebastian/complexity (3.2.0)
[0m[91m  - Removing sebastian/comparator (5.0.3)
[0m[91m  - Removing sebastian/code-unit-reverse-lookup (3.0.0)
[0m[91m  - Removing sebastian/code-unit (2.0.0)
[0m[91m  - Removing sebastian/cli-parser (2.0.1)
[0m[91m  - Removing phpunit/phpunit (10.5.48)
[0m[91m  - Removing phpunit/php-timer (6.0.0)
[0m[91m  - Removing phpunit/php-text-template (3.0.1)
  - Removing phpunit/php-invoker (4.0.0)
  - Removing phpunit/php-file-iterator (4.1.0)
[0m[91m  - Removing phpunit/php-code-coverage (10.1.16)
[0m[91m  - Removing phar-io/version (3.2.1)
[0m[91m  - Removing phar-io/manifest (2.0.4)
[0m[91m  - Removing nunomaduro/collision (v7.12.0)
[0m[91m  - Removing myclabs/deep-copy (1.13.4)
[0m[91m  - Removing mockery/mockery (1.6.12)
[0m[91m  - Removing laravel/sail (v1.44.0)
[0m[91m  - Removing laravel/pint (v1.20.0)
[0m[91m  - Removing laravel/breeze (v1.29.1)
[0m[91m  - Removing hamcrest/hamcrest-php (v2.1.1)
[0m[91m  - Removing filp/whoops (2.18.3)
[0m[91m  - Removing fakerphp/faker (v1.24.1)
[0m[91m  0/29 [>---------------------------]   0%[0m[91m
 29/29 [============================] 100%
[0m[91mGenerating optimized autoload files
[0m[91m> Illuminate\Foundation\ComposerScripts::postAutoloadDump
[0m[91m> @php artisan package:discover --ansi
[0m
  [37;44m INFO [39;49m Discovering packages.  

  blade-ui-kit/blade-heroicons [90m.[39m[90m.[39m[90m.[39m[90m.[39m[90m.[39m[90m.[39m[90m.[39m[90m.[39m[90m.[39m[90m.[39m[90m.[39m[90m.[39m[90m.[39m[90m.[39m[90m.[39m[90m.[39m[90m.[39m[90m.[39m[90m.[39m[90m.[39m[90m.[39m[90m.[39m[90m.[39m[90m.[39m[90m.[39m[90m.[39m[90m.[39m[90m.[39m[90m.[39m[90m.[39m[90m.[39m[90m.[39m[90m.[39m[90m.[39m[90m.[39m[90m.[39m[90m.[39m[90m.[39m[90m.[39m[90m.[39m[90m.[39m[90m.[39m [32;1mDONE[39;22m
  blade-ui-kit/blade-icons [90m.[39m[90m.[39m[90m.[39m[90m.[39m[90m.[39m[90m.[39m[90m.[39m[90m.[39m[90m.[39m[90m.[39m[90m.[39m[90m.[39m[90m.[39m[90m.[39m[90m.[39m[90m.[39m[90m.[39m[90m.[39m[90m.[39m[90m.[39m[90m.[39m[90m.[39m[90m.[39m[90m.[39m[90m.[39m[90m.[39m[90m.[39m[90m.[39m[90m.[39m[90m.[39m[90m.[39m[90m.[39m[90m.[39m[90m.[39m[90m.[39m[90m.[39m[90m.[39m[90m.[39m[90m.[39m[90m.[39m[90m.[39m[90m.[39m[90m.[39m[90m.[39m[90m.[39m[90m.[39m [32;1mDONE[39;22m
  laravel/sanctum [90m.[39m[90m.[39m[90m.[39m[90m.[39m[90m.[39m[90m.[39m[90m.[39m[90m.[39m[90m.[39m[90m.[39m[90m.[39m[90m.[39m[90m.[39m[90m.[39m[90m.[39m[90m.[39m[90m.[39m[90m.[39m[90m.[39m[90m.[39m[90m.[39m[90m.[39m[90m.[39m[90m.[39m[90m.[39m[90m.[39m[90m.[39m[90m.[39m[90m.[39m[90m.[39m[90m.[39m[90m.[39m[90m.[39m[90m.[39m[90m.[39m[90m.[39m[90m.[39m[90m.[39m[90m.[39m[90m.[39m[90m.[39m[90m.[39m[90m.[39m[90m.[39m[90m.[39m[90m.[39m[90m.[39m[90m.[39m[90m.[39m[90m.[39m[90m.[39m[90m.[39m[90m.[39m[90m.[39m[90m.[39m [32;1mDONE[39;22m
  laravel/tinker [90m.[39m[90m.[39m[90m.[39m[90m.[39m[90m.[39m[90m.[39m[90m.[39m[90m.[39m[90m.[39m[90m.[39m[90m.[39m[90m.[39m[90m.[39m[90m.[39m[90m.[39m[90m.[39m[90m.[39m[90m.[39m[90m.[39m[90m.[39m[90m.[39m[90m.[39m[90m.[39m[90m.[39m[90m.[39m[90m.[39m[90m.[39m[90m.[39m[90m.[39m[90m.[39m[90m.[39m[90m.[39m[90m.[39m[90m.[39m[90m.[39m[90m.[39m[90m.[39m[90m.[39m[90m.[39m[90m.[39m[90m.[39m[90m.[39m[90m.[39m[90m.[39m[90m.[39m[90m.[39m[90m.[39m[90m.[39m[90m.[39m[90m.[39m[90m.[39m[90m.[39m[90m.[39m[90m.[39m[90m.[39m[90m.[39m [32;1mDONE[39;22m
  livewire/livewire [90m.[39m[90m.[39m[90m.[39m[90m.[39m[90m.[39m[90m.[39m[90m.[39m[90m.[39m[90m.[39m[90m.[39m[90m.[39m[90m.[39m[90m.[39m[90m.[39m[90m.[39m[90m.[39m[90m.[39m[90m.[39m[90m.[39m[90m.[39m[90m.[39m[90m.[39m[90m.[39m[90m.[39m[90m.[39m[90m.[39m[90m.[39m[90m.[39m[90m.[39m[90m.[39m[90m.[39m[90m.[39m[90m.[39m[90m.[39m[90m.[39m[90m.[39m[90m.[39m[90m.[39m[90m.[39m[90m.[39m[90m.[39m[90m.[39m[90m.[39m[90m.[39m[90m.[39m[90m.[39m[90m.[39m[90m.[39m[90m.[39m[90m.[39m[90m.[39m[90m.[39m[90m.[39m [32;1mDONE[39;22m
  nesbot/carbon [90m.[39m[90m.[39m[90m.[39m[90m.[39m[90m.[39m[90m.[39m[90m.[39m[90m.[39m[90m.[39m[90m.[39m[90m.[39m[90m.[39m[90m.[39m[90m.[39m[90m.[39m[90m.[39m[90m.[39m[90m.[39m[90m.[39m[90m.[39m[90m.[39m[90m.[39m[90m.[39m[90m.[39m[90m.[39m[90m.[39m[90m.[39m[90m.[39m[90m.[39m[90m.[39m[90m.[39m[90m.[39m[90m.[39m[90m.[39m[90m.[39m[90m.[39m[90m.[39m[90m.[39m[90m.[39m[90m.[39m[90m.[39m[90m.[39m[90m.[39m[90m.[39m[90m.[39m[90m.[39m[90m.[39m[90m.[39m[90m.[39m[90m.[39m[90m.[39m[90m.[39m[90m.[39m[90m.[39m[90m.[39m[90m.[39m[90m.[39m [32;1mDONE[39;22m
  nunomaduro/termwind [90m.[39m[90m.[39m[90m.[39m[90m.[39m[90m.[39m[90m.[39m[90m.[39m[90m.[39m[90m.[39m[90m.[39m[90m.[39m[90m.[39m[90m.[39m[90m.[39m[90m.[39m[90m.[39m[90m.[39m[90m.[39m[90m.[39m[90m.[39m[90m.[39m[90m.[39m[90m.[39m[90m.[39m[90m.[39m[90m.[39m[90m.[39m[90m.[39m[90m.[39m[90m.[39m[90m.[39m[90m.[39m[90m.[39m[90m.[39m[90m.[39m[90m.[39m[90m.[39m[90m.[39m[90m.[39m[90m.[39m[90m.[39m[90m.[39m[90m.[39m[90m.[39m[90m.[39m[90m.[39m[90m.[39m[90m.[39m[90m.[39m[90m.[39m[90m.[39m [32;1mDONE[39;22m
  robsontenorio/mary [90m.[39m[90m.[39m[90m.[39m[90m.[39m[90m.[39m[90m.[39m[90m.[39m[90m.[39m[90m.[39m[90m.[39m[90m.[39m[90m.[39m[90m.[39m[90m.[39m[90m.[39m[90m.[39m[90m.[39m[90m.[39m[90m.[39m[90m.[39m[90m.[39m[90m.[39m[90m.[39m[90m.[39m[90m.[39m[90m.[39m[90m.[39m[90m.[39m[90m.[39m[90m.[39m[90m.[39m[90m.[39m[90m.[39m[90m.[39m[90m.[39m[90m.[39m[90m.[39m[90m.[39m[90m.[39m[90m.[39m[90m.[39m[90m.[39m[90m.[39m[90m.[39m[90m.[39m[90m.[39m[90m.[39m[90m.[39m[90m.[39m[90m.[39m[90m.[39m[90m.[39m [32;1mDONE[39;22m
  simplesoftwareio/simple-qrcode [90m.[39m[90m.[39m[90m.[39m[90m.[39m[90m.[39m[90m.[39m[90m.[39m[90m.[39m[90m.[39m[90m.[39m[90m.[39m[90m.[39m[90m.[39m[90m.[39m[90m.[39m[90m.[39m[90m.[39m[90m.[39m[90m.[39m[90m.[39m[90m.[39m[90m.[39m[90m.[39m[90m.[39m[90m.[39m[90m.[39m[90m.[39m[90m.[39m[90m.[39m[90m.[39m[90m.[39m[90m.[39m[90m.[39m[90m.[39m[90m.[39m[90m.[39m[90m.[39m[90m.[39m[90m.[39m[90m.[39m [32;1mDONE[39;22m

[91m56 packages you are using are looking for funding.
Use the `composer fund` command to find out more!
[0m ---> Removed intermediate container 93b44dcaf9d1
 ---> 030326cdbf51
Step 8/15 : RUN php artisan config:clear     && php artisan route:clear     && php artisan view:clear
 ---> Running in 243147696b02

   INFO  Configuration cache cleared successfully.  


   INFO  Route cache cleared successfully.  


   INFO  Compiled views cleared successfully.  

 ---> Removed intermediate container 243147696b02
 ---> 2912c9e13c65
Step 9/15 : RUN chown -R www-data:www-data /var/www/html     && chmod -R 755 /var/www/html/storage     && chmod -R 755 /var/www/html/bootstrap/cache
 ---> Running in d37b01e39de2
 ---> Removed intermediate container d37b01e39de2
 ---> bb5f3b924e75
Step 10/15 : RUN echo '#!/bin/bash' > /usr/local/bin/start.sh     && echo 'set -e' >> /usr/local/bin/start.sh     && echo '' >> /usr/local/bin/start.sh     && echo '# Laravel設定の最適化（ランタイム時）' >> /usr/local/bin/start.sh     && echo 'cd /var/www/html' >> /usr/local/bin/start.sh     && echo 'php artisan config:cache' >> /usr/local/bin/start.sh     && echo 'php artisan route:cache' >> /usr/local/bin/start.sh     && echo 'php artisan view:cache' >> /usr/local/bin/start.sh     && echo '' >> /usr/local/bin/start.sh     && echo '# PHP-FPM開始' >> /usr/local/bin/start.sh     && echo 'exec php-fpm' >> /usr/local/bin/start.sh     && chmod +x /usr/local/bin/start.sh
 ---> Running in 02a200a6c49e
 ---> Removed intermediate container 02a200a6c49e
 ---> b18d72e72a7e
Step 11/15 : COPY docker/app/php-fpm.conf /usr/local/etc/php-fpm.d/www.conf
 ---> 7d90024b2a23
Step 12/15 : COPY docker/app/php.ini /usr/local/etc/php/conf.d/mobile-order.ini
 ---> 67cf93350224
Step 13/15 : USER www-data
 ---> Running in 7847fe48ce5d
 ---> Removed intermediate container 7847fe48ce5d
 ---> fada93e6a732
Step 14/15 : EXPOSE 9000
 ---> Running in a416c48c8322
 ---> Removed intermediate container a416c48c8322
 ---> 62d0ba564c7c
Step 15/15 : CMD ["/usr/local/bin/start.sh"]
 ---> Running in 872a1b7148aa
 ---> Removed intermediate container 872a1b7148aa
 ---> 625779afcdb9
Successfully built 625779afcdb9
Successfully tagged mobile-order-app-fixed:latest
